fold,idx,alpha,y_obs,y_pred,xc_lo,xc_hi,xc_cov,xc_wid,xc_is
0,0,0.500000,2.061113,2.056522,1.965523,2.147521,1,0.181998,0.181998
0,5,0.500000,2.328645,2.304211,2.213212,2.395209,1,0.181998,0.181998
0,12,0.500000,2.903090,2.529114,2.438115,2.620113,0,0.181998,1.313905
0,13,0.500000,1.090611,0.906965,0.815966,0.997964,0,0.181998,0.552585
0,33,0.500000,2.339888,2.438583,2.347584,2.529582,0,0.181998,0.212780
0,36,0.500000,1.888179,1.692494,1.601495,1.783493,0,0.181998,0.600746
0,45,0.500000,0.641474,0.824301,0.733302,0.915300,0,0.181998,0.549310
0,46,0.500000,2.133762,1.995216,1.904217,2.086215,0,0.181998,0.372189
0,48,0.500000,2.398044,2.305531,2.214532,2.396529,0,0.181998,0.188057
0,50,0.500000,1.212188,1.383645,1.292646,1.474644,0,0.181998,0.503831
0,54,0.500000,0.404834,0.696691,0.605692,0.787689,0,0.181998,0.985430
0,57,0.500000,1.975432,1.867979,1.776980,1.958978,0,0.181998,0.247815
0,0,0.400000,2.061113,2.056522,1.936914,2.176130,1,0.239216,0.239216
0,5,0.400000,2.328645,2.304211,2.184603,2.423819,1,0.239216,0.239216
0,12,0.400000,2.903090,2.529114,2.409506,2.648722,0,0.239216,1.511055
0,13,0.400000,1.090611,0.906965,0.787357,1.026573,0,0.239216,0.559405
0,33,0.400000,2.339888,2.438583,2.318975,2.558191,1,0.239216,0.239216
0,36,0.400000,1.888179,1.692494,1.572886,1.812102,0,0.239216,0.619605
0,45,0.400000,0.641474,0.824301,0.704693,0.943909,0,0.239216,0.555311
0,46,0.400000,2.133762,1.995216,1.875608,2.114824,0,0.239216,0.333909
0,48,0.400000,2.398044,2.305531,2.185923,2.425139,1,0.239216,0.239216
0,50,0.400000,1.212188,1.383645,1.264037,1.503253,0,0.239216,0.498462
0,54,0.400000,0.404834,0.696691,0.577083,0.816299,0,0.239216,1.100460
0,57,0.400000,1.975432,1.867979,1.748371,1.987587,1,0.239216,0.239216
0,0,0.300000,2.061113,2.056522,1.897253,2.215790,1,0.318537,0.318537
0,5,0.300000,2.328645,2.304211,2.144942,2.463479,1,0.318537,0.318537
0,12,0.300000,2.903090,2.529114,2.369846,2.688383,0,0.318537,1.749919
0,13,0.300000,1.090611,0.906965,0.747696,1.066233,0,0.318537,0.481052
0,33,0.300000,2.339888,2.438583,2.279314,2.597851,1,0.318537,0.318537
0,36,0.300000,1.888179,1.692494,1.533225,1.851762,0,0.318537,0.561319
0,45,0.300000,0.641474,0.824301,0.665033,0.983569,0,0.318537,0.475593
0,46,0.300000,2.133762,1.995216,1.835947,2.154484,1,0.318537,0.318537
0,48,0.300000,2.398044,2.305531,2.146262,2.464799,1,0.318537,0.318537
0,50,0.300000,1.212188,1.383645,1.224376,1.542913,0,0.318537,0.399795
0,54,0.300000,0.404834,0.696691,0.537422,0.855959,0,0.318537,1.202459
0,57,0.300000,1.975432,1.867979,1.708710,2.027247,1,0.318537,0.318537
0,0,0.200000,2.061113,2.056522,1.820702,2.292341,1,0.471639,0.471639
0,5,0.200000,2.328645,2.304211,2.068391,2.540030,1,0.471639,0.471639
0,12,0.200000,2.903090,2.529114,2.293295,2.764934,0,0.471639,1.853202
0,13,0.200000,1.090611,0.906965,0.671146,1.142784,1,0.471639,0.471639
0,33,0.200000,2.339888,2.438583,2.202763,2.674402,1,0.471639,0.471639
0,36,0.200000,1.888179,1.692494,1.456674,1.928313,1,0.471639,0.471639
0,45,0.200000,0.641474,0.824301,0.588482,1.060120,1,0.471639,0.471639
0,46,0.200000,2.133762,1.995216,1.759396,2.231035,1,0.471639,0.471639
0,48,0.200000,2.398044,2.305531,2.069711,2.541350,1,0.471639,0.471639
0,50,0.200000,1.212188,1.383645,1.147825,1.619464,1,0.471639,0.471639
0,54,0.200000,0.404834,0.696691,0.460871,0.932510,0,0.471639,1.032013
0,57,0.200000,1.975432,1.867979,1.632159,2.103798,1,0.471639,0.471639
0,0,0.150000,2.061113,2.056522,1.702368,2.410676,1,0.708309,0.708309
0,5,0.150000,2.328645,2.304211,1.950056,2.658365,1,0.708309,0.708309
0,12,0.150000,2.903090,2.529114,2.174960,2.883269,0,0.708309,0.972594
0,13,0.150000,1.090611,0.906965,0.552811,1.261119,1,0.708309,0.708309
0,33,0.150000,2.339888,2.438583,2.084429,2.792737,1,0.708309,0.708309
0,36,0.150000,1.888179,1.692494,1.338339,2.046648,1,0.708309,0.708309
0,45,0.150000,0.641474,0.824301,0.470147,1.178455,1,0.708309,0.708309
0,46,0.150000,2.133762,1.995216,1.641061,2.349370,1,0.708309,0.708309
0,48,0.150000,2.398044,2.305531,1.951376,2.659685,1,0.708309,0.708309
0,50,0.150000,1.212188,1.383645,1.029490,1.737799,1,0.708309,0.708309
0,54,0.150000,0.404834,0.696691,0.342536,1.050845,1,0.708309,0.708309
0,57,0.150000,1.975432,1.867979,1.513824,2.222133,1,0.708309,0.708309
0,0,0.100000,2.061113,2.056522,1.644243,2.468801,1,0.824558,0.824558
0,5,0.100000,2.328645,2.304211,1.891932,2.716490,1,0.824558,0.824558
0,12,0.100000,2.903090,2.529114,2.116835,2.941393,1,0.824558,0.824558
0,13,0.100000,1.090611,0.906965,0.494686,1.319244,1,0.824558,0.824558
0,33,0.100000,2.339888,2.438583,2.026304,2.850862,1,0.824558,0.824558
0,36,0.100000,1.888179,1.692494,1.280215,2.104773,1,0.824558,0.824558
0,45,0.100000,0.641474,0.824301,0.412022,1.236580,1,0.824558,0.824558
0,46,0.100000,2.133762,1.995216,1.582937,2.407495,1,0.824558,0.824558
0,48,0.100000,2.398044,2.305531,1.893252,2.717809,1,0.824558,0.824558
0,50,0.100000,1.212188,1.383645,0.971366,1.795924,1,0.824558,0.824558
0,54,0.100000,0.404834,0.696691,0.284412,1.108969,1,0.824558,0.824558
0,57,0.100000,1.975432,1.867979,1.455700,2.280258,1,0.824558,0.824558
0,0,0.050000,2.061113,2.056522,1.608873,2.504171,1,0.895298,0.895298
0,5,0.050000,2.328645,2.304211,1.856562,2.751860,1,0.895298,0.895298
0,12,0.050000,2.903090,2.529114,2.081465,2.976763,1,0.895298,0.895298
0,13,0.050000,1.090611,0.906965,0.459316,1.354614,1,0.895298,0.895298
0,33,0.050000,2.339888,2.438583,1.990934,2.886232,1,0.895298,0.895298
0,36,0.050000,1.888179,1.692494,1.244845,2.140143,1,0.895298,0.895298
0,45,0.050000,0.641474,0.824301,0.376652,1.271950,1,0.895298,0.895298
0,46,0.050000,2.133762,1.995216,1.547567,2.442865,1,0.895298,0.895298
0,48,0.050000,2.398044,2.305531,1.857882,2.753179,1,0.895298,0.895298
0,50,0.050000,1.212188,1.383645,0.935996,1.831294,1,0.895298,0.895298
0,54,0.050000,0.404834,0.696691,0.249042,1.144339,1,0.895298,0.895298
0,57,0.050000,1.975432,1.867979,1.420330,2.315628,1,0.895298,0.895298
0,0,0.010000,2.061113,2.056522,1.441815,2.671228,1,1.229413,1.229413
0,5,0.010000,2.328645,2.304211,1.689504,2.918917,1,1.229413,1.229413
0,12,0.010000,2.903090,2.529114,1.914408,3.143821,1,1.229413,1.229413
0,13,0.010000,1.090611,0.906965,0.292258,1.521671,1,1.229413,1.229413
0,33,0.010000,2.339888,2.438583,1.823876,3.053289,1,1.229413,1.229413
0,36,0.010000,1.888179,1.692494,1.077787,2.307200,1,1.229413,1.229413
0,45,0.010000,0.641474,0.824301,0.209594,1.439008,1,1.229413,1.229413
0,46,0.010000,2.133762,1.995216,1.380509,2.609922,1,1.229413,1.229413
0,48,0.010000,2.398044,2.305531,1.690824,2.920237,1,1.229413,1.229413
0,50,0.010000,1.212188,1.383645,0.768938,1.998351,1,1.229413,1.229413
0,54,0.010000,0.404834,0.696691,0.081984,1.311397,1,1.229413,1.229413
0,57,0.010000,1.975432,1.867979,1.253272,2.482685,1,1.229413,1.229413
1,3,0.500000,0.447158,0.487224,0.371838,0.602610,1,0.230773,0.230773
1,4,0.500000,2.455439,2.717728,2.602342,2.833115,0,0.230773,0.818385
1,6,0.500000,1.769451,1.551421,1.436035,1.666808,0,0.230773,0.641347
1,8,0.500000,2.261120,2.412349,2.296963,2.527735,0,0.230773,0.374143
1,17,0.500000,2.221023,2.100437,1.985050,2.215823,0,0.230773,0.251572
1,19,0.500000,2.018617,1.954912,1.839525,2.070298,1,0.230773,0.230773
1,31,0.500000,1.869935,2.064345,1.948958,2.179731,0,0.230773,0.546865
1,34,0.500000,1.905256,2.008008,1.892622,2.123395,1,0.230773,0.230773
1,40,0.500000,0.558709,0.778049,0.662663,0.893436,0,0.230773,0.646591
1,43,0.500000,0.914343,1.137414,1.022028,1.252801,0,0.230773,0.661512
1,52,0.500000,1.466126,1.682734,1.567347,1.798120,0,0.230773,0.635659
1,58,0.500000,2.211227,2.788230,2.672844,2.903616,0,0.230773,2.077237
1,3,0.400000,0.447158,0.487224,0.331693,0.642755,1,0.311061,0.311061
1,4,0.400000,2.455439,2.717728,2.562198,2.873259,0,0.311061,0.844855
1,6,0.400000,1.769451,1.551421,1.395891,1.706952,0,0.311061,0.623558
1,8,0.400000,2.261120,2.412349,2.256818,2.567880,1,0.311061,0.311061
1,17,0.400000,2.221023,2.100437,1.944906,2.255967,1,0.311061,0.311061
1,19,0.400000,2.018617,1.954912,1.799381,2.110442,1,0.311061,0.311061
1,31,0.400000,1.869935,2.064345,1.908814,2.219875,0,0.311061,0.505456
1,34,0.400000,1.905256,2.008008,1.852478,2.163539,1,0.311061,0.311061
1,40,0.400000,0.558709,0.778049,0.622519,0.933580,0,0.311061,0.630113
1,43,0.400000,0.914343,1.137414,0.981884,1.292945,0,0.311061,0.648764
1,52,0.400000,1.466126,1.682734,1.527203,1.838264,0,0.311061,0.616448
1,58,0.400000,2.211227,2.788230,2.632699,2.943760,0,0.311061,2.418421
1,3,0.300000,0.447158,0.487224,0.292333,0.682115,1,0.389783,0.389783
1,4,0.300000,2.455439,2.717728,2.522837,2.912619,0,0.389783,0.839103
1,6,0.300000,1.769451,1.551421,1.356530,1.746312,0,0.389783,0.544041
1,8,0.300000,2.261120,2.412349,2.217458,2.607240,1,0.389783,0.389783
1,17,0.300000,2.221023,2.100437,1.905545,2.295328,1,0.389783,0.389783
1,19,0.300000,2.018617,1.954912,1.760020,2.149803,1,0.389783,0.389783
1,31,0.300000,1.869935,2.064345,1.869454,2.259236,1,0.389783,0.389783
1,34,0.300000,1.905256,2.008008,1.813117,2.202900,1,0.389783,0.389783
1,40,0.300000,0.558709,0.778049,0.583158,0.972941,0,0.389783,0.552780
1,43,0.300000,0.914343,1.137414,0.942523,1.332306,0,0.389783,0.577649
1,52,0.300000,1.466126,1.682734,1.487842,1.877625,0,0.389783,0.534560
1,58,0.300000,2.211227,2.788230,2.593339,2.983121,0,0.389783,2.937191
1,3,0.200000,0.447158,0.487224,0.240341,0.734107,1,0.493766,0.493766
1,4,0.200000,2.455439,2.717728,2.470845,2.964611,0,0.493766,0.647831
1,6,0.200000,1.769451,1.551421,1.304538,1.798304,1,0.493766,0.493766
1,8,0.200000,2.261120,2.412349,2.165466,2.659232,1,0.493766,0.493766
1,17,0.200000,2.221023,2.100437,1.853554,2.347320,1,0.493766,0.493766
1,19,0.200000,2.018617,1.954912,1.708029,2.201795,1,0.493766,0.493766
1,31,0.200000,1.869935,2.064345,1.817462,2.311228,1,0.493766,0.493766
1,34,0.200000,1.905256,2.008008,1.761125,2.254891,1,0.493766,0.493766
1,40,0.200000,0.558709,0.778049,0.531167,1.024932,1,0.493766,0.493766
1,43,0.200000,0.914343,1.137414,0.890531,1.384297,1,0.493766,0.493766
1,52,0.200000,1.466126,1.682734,1.435851,1.929617,1,0.493766,0.493766
1,58,0.200000,2.211227,2.788230,2.541347,3.035113,0,0.493766,3.794962
1,3,0.150000,0.447158,0.487224,0.212666,0.761782,1,0.549117,0.549117
1,4,0.150000,2.455439,2.717728,2.443170,2.992287,1,0.549117,0.549117
1,6,0.150000,1.769451,1.551421,1.276863,1.825980,1,0.549117,0.549117
1,8,0.150000,2.261120,2.412349,2.137791,2.686907,1,0.549117,0.549117
1,17,0.150000,2.221023,2.100437,1.825878,2.374995,1,0.549117,0.549117
1,19,0.150000,2.018617,1.954912,1.680353,2.229470,1,0.549117,0.549117
1,31,0.150000,1.869935,2.064345,1.789786,2.338903,1,0.549117,0.549117
1,34,0.150000,1.905256,2.008008,1.733450,2.282567,1,0.549117,0.549117
1,40,0.150000,0.558709,0.778049,0.503491,1.052608,1,0.549117,0.549117
1,43,0.150000,0.914343,1.137414,0.862856,1.411973,1,0.549117,0.549117
1,52,0.150000,1.466126,1.682734,1.408175,1.957292,1,0.549117,0.549117
1,58,0.150000,2.211227,2.788230,2.513672,3.062788,0,0.549117,4.581706
1,3,0.100000,0.447158,0.487224,0.199953,0.774495,1,0.574542,0.574542
1,4,0.100000,2.455439,2.717728,2.430457,3.004999,1,0.574542,0.574542
1,6,0.100000,1.769451,1.551421,1.264150,1.838692,1,0.574542,0.574542
1,8,0.100000,2.261120,2.412349,2.125078,2.699620,1,0.574542,0.574542
1,17,0.100000,2.221023,2.100437,1.813165,2.387708,1,0.574542,0.574542
1,19,0.100000,2.018617,1.954912,1.667640,2.242183,1,0.574542,0.574542
1,31,0.100000,1.869935,2.064345,1.777074,2.351616,1,0.574542,0.574542
1,34,0.100000,1.905256,2.008008,1.720737,2.295279,1,0.574542,0.574542
1,40,0.100000,0.558709,0.778049,0.490778,1.065321,1,0.574542,0.574542
1,43,0.100000,0.914343,1.137414,0.850143,1.424686,1,0.574542,0.574542
1,52,0.100000,1.466126,1.682734,1.395463,1.970005,1,0.574542,0.574542
1,58,0.100000,2.211227,2.788230,2.500959,3.075501,0,0.574542,6.369169
1,3,0.050000,0.447158,0.487224,0.061485,0.912963,1,0.851477,0.851477
1,4,0.050000,2.455439,2.717728,2.291990,3.143467,1,0.851477,0.851477
1,6,0.050000,1.769451,1.551421,1.125683,1.977160,1,0.851477,0.851477
1,8,0.050000,2.261120,2.412349,1.986610,2.838088,1,0.851477,0.851477
1,17,0.050000,2.221023,2.100437,1.674698,2.526175,1,0.851477,0.851477
1,19,0.050000,2.018617,1.954912,1.529173,2.380650,1,0.851477,0.851477
1,31,0.050000,1.869935,2.064345,1.638606,2.490083,1,0.851477,0.851477
1,34,0.050000,1.905256,2.008008,1.582270,2.433747,1,0.851477,0.851477
1,40,0.050000,0.558709,0.778049,0.352311,1.203788,1,0.851477,0.851477
1,43,0.050000,0.914343,1.137414,0.711676,1.563153,1,0.851477,0.851477
1,52,0.050000,1.466126,1.682734,1.256995,2.108472,1,0.851477,0.851477
1,58,0.050000,2.211227,2.788230,2.362491,3.213968,0,0.851477,6.902039
1,3,0.010000,0.447158,0.487224,0.002664,0.971784,1,0.969119,0.969119
1,4,0.010000,2.455439,2.717728,2.233168,3.202288,1,0.969119,0.969119
1,6,0.010000,1.769451,1.551421,1.066861,2.035981,1,0.969119,0.969119
1,8,0.010000,2.261120,2.412349,1.927789,2.896909,1,0.969119,0.969119
1,17,0.010000,2.221023,2.100437,1.615877,2.584996,1,0.969119,0.969119
1,19,0.010000,2.018617,1.954912,1.470352,2.439471,1,0.969119,0.969119
1,31,0.010000,1.869935,2.064345,1.579785,2.548905,1,0.969119,0.969119
1,34,0.010000,1.905256,2.008008,1.523449,2.492568,1,0.969119,0.969119
1,40,0.010000,0.558709,0.778049,0.293490,1.262609,1,0.969119,0.969119
1,43,0.010000,0.914343,1.137414,0.652855,1.621974,1,0.969119,0.969119
1,52,0.010000,1.466126,1.682734,1.198174,2.167293,1,0.969119,0.969119
1,58,0.010000,2.211227,2.788230,2.303670,3.272790,0,0.969119,19.457701
2,9,0.500000,0.450249,0.499498,0.388604,0.610391,1,0.221786,0.221786
2,11,0.500000,0.895423,0.795454,0.684561,0.906347,1,0.221786,0.221786
2,15,0.500000,1.258158,1.228532,1.117639,1.339425,1,0.221786,0.221786
2,16,0.500000,1.821841,1.482857,1.371964,1.593750,0,0.221786,1.134149
2,24,0.500000,0.673021,0.736869,0.625976,0.847762,1,0.221786,0.221786
2,25,0.500000,2.817764,2.451492,2.340599,2.562385,0,0.221786,1.243301
2,26,0.500000,2.195346,1.931597,1.820704,2.042490,0,0.221786,0.833209
2,27,0.500000,2.035870,2.052529,1.941636,2.163422,1,0.221786,0.221786
2,30,0.500000,1.832062,1.881363,1.770470,1.992256,1,0.221786,0.221786
2,32,0.500000,1.992995,1.989279,1.878386,2.100172,1,0.221786,0.221786
2,55,0.500000,0.899821,0.723553,0.612660,0.834446,0,0.221786,0.483282
2,56,0.500000,1.193125,1.138239,1.027346,1.249132,1,0.221786,0.221786
2,9,0.400000,0.450249,0.499498,0.361909,0.637086,1,0.275177,0.275177
2,11,0.400000,0.895423,0.795454,0.657865,0.933042,1,0.275177,0.275177
2,15,0.400000,1.258158,1.228532,1.090943,1.366120,1,0.275177,0.275177
2,16,0.400000,1.821841,1.482857,1.345269,1.620446,0,0.275177,1.282154
2,24,0.400000,0.673021,0.736869,0.599280,0.874457,1,0.275177,0.275177
2,25,0.400000,2.817764,2.451492,2.313904,2.589080,0,0.275177,1.418594
2,26,0.400000,2.195346,1.931597,1.794009,2.069186,0,0.275177,0.905979
2,27,0.400000,2.035870,2.052529,1.914941,2.190117,1,0.275177,0.275177
2,30,0.400000,1.832062,1.881363,1.743775,2.018951,1,0.275177,0.275177
2,32,0.400000,1.992995,1.989279,1.851690,2.126867,1,0.275177,0.275177
2,55,0.400000,0.899821,0.723553,0.585965,0.861142,0,0.275177,0.468570
2,56,0.400000,1.193125,1.138239,1.000650,1.275827,1,0.275177,0.275177
2,9,0.300000,0.450249,0.499498,0.340753,0.658242,1,0.317489,0.317489
2,11,0.300000,0.895423,0.795454,0.636709,0.954198,1,0.317489,0.317489
2,15,0.300000,1.258158,1.228532,1.069787,1.387276,1,0.317489,0.317489
2,16,0.300000,1.821841,1.482857,1.324113,1.641602,0,0.317489,1.519084
2,24,0.300000,0.673021,0.736869,0.578124,0.895613,1,0.317489,0.317489
2,25,0.300000,2.817764,2.451492,2.292747,2.610236,0,0.317489,1.701005
2,26,0.300000,2.195346,1.931597,1.772853,2.090342,0,0.317489,1.017518
2,27,0.300000,2.035870,2.052529,1.893784,2.211273,1,0.317489,0.317489
2,30,0.300000,1.832062,1.881363,1.722619,2.040108,1,0.317489,0.317489
2,32,0.300000,1.992995,1.989279,1.830534,2.148023,1,0.317489,0.317489
2,55,0.300000,0.899821,0.723553,0.564809,0.882298,0,0.317489,0.434306
2,56,0.300000,1.193125,1.138239,0.979494,1.296983,1,0.317489,0.317489
2,9,0.200000,0.450249,0.499498,0.273143,0.725852,1,0.452709,0.452709
2,11,0.200000,0.895423,0.795454,0.569099,1.021808,1,0.452709,0.452709
2,15,0.200000,1.258158,1.228532,1.002177,1.454886,1,0.452709,0.452709
2,16,0.200000,1.821841,1.482857,1.256503,1.709212,0,0.452709,1.579001
2,24,0.200000,0.673021,0.736869,0.510514,0.963223,1,0.452709,0.452709
2,25,0.200000,2.817764,2.451492,2.225137,2.677846,0,0.452709,1.851882
2,26,0.200000,2.195346,1.931597,1.705243,2.157952,0,0.452709,0.826652
2,27,0.200000,2.035870,2.052529,1.826174,2.278883,1,0.452709,0.452709
2,30,0.200000,1.832062,1.881363,1.655009,2.107718,1,0.452709,0.452709
2,32,0.200000,1.992995,1.989279,1.762924,2.215633,1,0.452709,0.452709
2,55,0.200000,0.899821,0.723553,0.497199,0.949908,1,0.452709,0.452709
2,56,0.200000,1.193125,1.138239,0.911884,1.364593,1,0.452709,0.452709
2,9,0.150000,0.450249,0.499498,0.234135,0.764860,1,0.530724,0.530724
2,11,0.150000,0.895423,0.795454,0.530091,1.060816,1,0.530724,0.530724
2,15,0.150000,1.258158,1.228532,0.963169,1.493894,1,0.530724,0.530724
2,16,0.150000,1.821841,1.482857,1.217495,1.748219,0,0.530724,1.512344
2,24,0.150000,0.673021,0.736869,0.471507,1.002231,1,0.530724,0.530724
2,25,0.150000,2.817764,2.451492,2.186130,2.716854,0,0.530724,1.876185
2,26,0.150000,2.195346,1.931597,1.666235,2.196959,1,0.530724,0.530724
2,27,0.150000,2.035870,2.052529,1.787167,2.317891,1,0.530724,0.530724
2,30,0.150000,1.832062,1.881363,1.616001,2.146725,1,0.530724,0.530724
2,32,0.150000,1.992995,1.989279,1.723917,2.254641,1,0.530724,0.530724
2,55,0.150000,0.899821,0.723553,0.458191,0.988916,1,0.530724,0.530724
2,56,0.150000,1.193125,1.138239,0.872877,1.403601,1,0.530724,0.530724
2,9,0.100000,0.450249,0.499498,0.142994,0.856001,1,0.713006,0.713006
2,11,0.100000,0.895423,0.795454,0.438951,1.151957,1,0.713006,0.713006
2,15,0.100000,1.258158,1.228532,0.872029,1.585035,1,0.713006,0.713006
2,16,0.100000,1.821841,1.482857,1.126354,1.839360,1,0.713006,0.713006
2,24,0.100000,0.673021,0.736869,0.380366,1.093372,1,0.713006,0.713006
2,25,0.100000,2.817764,2.451492,2.094989,2.807995,0,0.713006,0.908381
2,26,0.100000,2.195346,1.931597,1.575094,2.288100,1,0.713006,0.713006
2,27,0.100000,2.035870,2.052529,1.696026,2.409032,1,0.713006,0.713006
2,30,0.100000,1.832062,1.881363,1.524860,2.237866,1,0.713006,0.713006
2,32,0.100000,1.992995,1.989279,1.632776,2.345782,1,0.713006,0.713006
2,55,0.100000,0.899821,0.723553,0.367050,1.080056,1,0.713006,0.713006
2,56,0.100000,1.193125,1.138239,0.781736,1.494742,1,0.713006,0.713006
2,9,0.050000,0.450249,0.499498,0.010968,0.988027,1,0.977058,0.977058
2,11,0.050000,0.895423,0.795454,0.306925,1.283983,1,0.977058,0.977058
2,15,0.050000,1.258158,1.228532,0.740003,1.717061,1,0.977058,0.977058
2,16,0.050000,1.821841,1.482857,0.994328,1.971386,1,0.977058,0.977058
2,24,0.050000,0.673021,0.736869,0.248340,1.225398,1,0.977058,0.977058
2,25,0.050000,2.817764,2.451492,1.962963,2.940021,1,0.977058,0.977058
2,26,0.050000,2.195346,1.931597,1.443068,2.420126,1,0.977058,0.977058
2,27,0.050000,2.035870,2.052529,1.564000,2.541058,1,0.977058,0.977058
2,30,0.050000,1.832062,1.881363,1.392834,2.369892,1,0.977058,0.977058
2,32,0.050000,1.992995,1.989279,1.500750,2.477808,1,0.977058,0.977058
2,55,0.050000,0.899821,0.723553,0.235024,1.212083,1,0.977058,0.977058
2,56,0.050000,1.193125,1.138239,0.649710,1.626768,1,0.977058,0.977058
2,9,0.010000,0.450249,0.499498,-0.066317,1.065312,1,1.131628,1.131628
2,11,0.010000,0.895423,0.795454,0.229640,1.361268,1,1.131628,1.131628
2,15,0.010000,1.258158,1.228532,0.662718,1.794346,1,1.131628,1.131628
2,16,0.010000,1.821841,1.482857,0.917043,2.048671,1,1.131628,1.131628
2,24,0.010000,0.673021,0.736869,0.171055,1.302683,1,1.131628,1.131628
2,25,0.010000,2.817764,2.451492,1.885678,3.017306,1,1.131628,1.131628
2,26,0.010000,2.195346,1.931597,1.365783,2.497411,1,1.131628,1.131628
2,27,0.010000,2.035870,2.052529,1.486715,2.618343,1,1.131628,1.131628
2,30,0.010000,1.832062,1.881363,1.315549,2.447177,1,1.131628,1.131628
2,32,0.010000,1.992995,1.989279,1.423465,2.555093,1,1.131628,1.131628
2,55,0.010000,0.899821,0.723553,0.157739,1.289368,1,1.131628,1.131628
2,56,0.010000,1.193125,1.138239,0.572425,1.704053,1,1.131628,1.131628
3,1,0.500000,1.028571,0.992039,0.867837,1.116240,1,0.248403,0.248403
3,2,0.500000,0.792392,0.736839,0.612638,0.861041,1,0.248403,0.248403
3,21,0.500000,0.727541,0.815496,0.691294,0.939697,1,0.248403,0.248403
3,23,0.500000,0.730782,0.802556,0.678354,0.926758,1,0.248403,0.248403
3,29,0.500000,1.711132,1.801569,1.677367,1.925771,1,0.248403,0.248403
3,35,0.500000,2.703584,2.754244,2.630042,2.878446,1,0.248403,0.248403
3,37,0.500000,2.177536,2.215977,2.091775,2.340179,1,0.248403,0.248403
3,39,0.500000,1.950170,1.966447,1.842245,2.090649,1,0.248403,0.248403
3,41,0.500000,2.037068,2.285975,2.161773,2.410177,0,0.248403,0.747225
3,44,0.500000,1.184691,1.074353,0.950152,1.198555,1,0.248403,0.248403
3,47,0.500000,0.952792,0.809690,0.685488,0.933892,0,0.248403,0.324007
3,53,0.500000,0.798651,0.651097,0.526896,0.775299,0,0.248403,0.341810
3,1,0.400000,1.028571,0.992039,0.819546,1.164531,1,0.344985,0.344985
3,2,0.400000,0.792392,0.736839,0.564347,0.909332,1,0.344985,0.344985
3,21,0.400000,0.727541,0.815496,0.643003,0.987988,1,0.344985,0.344985
3,23,0.400000,0.730782,0.802556,0.630063,0.975048,1,0.344985,0.344985
3,29,0.400000,1.711132,1.801569,1.629076,1.974062,1,0.344985,0.344985
3,35,0.400000,2.703584,2.754244,2.581751,2.926737,1,0.344985,0.344985
3,37,0.400000,2.177536,2.215977,2.043484,2.388470,1,0.344985,0.344985
3,39,0.400000,1.950170,1.966447,1.793954,2.138940,1,0.344985,0.344985
3,41,0.400000,2.037068,2.285975,2.113482,2.458468,0,0.344985,0.727058
3,44,0.400000,1.184691,1.074353,0.901861,1.246846,1,0.344985,0.344985
3,47,0.400000,0.952792,0.809690,0.637197,0.982183,1,0.344985,0.344985
3,53,0.400000,0.798651,0.651097,0.478605,0.823590,1,0.344985,0.344985
3,1,0.300000,1.028571,0.992039,0.782796,1.201281,1,0.418485,0.418485
3,2,0.300000,0.792392,0.736839,0.527597,0.946082,1,0.418485,0.418485
3,21,0.300000,0.727541,0.815496,0.606253,1.024738,1,0.418485,0.418485
3,23,0.300000,0.730782,0.802556,0.593314,1.011798,1,0.418485,0.418485
3,29,0.300000,1.711132,1.801569,1.592327,2.010811,1,0.418485,0.418485
3,35,0.300000,2.703584,2.754244,2.545002,2.963486,1,0.418485,0.418485
3,37,0.300000,2.177536,2.215977,2.006735,2.425219,1,0.418485,0.418485
3,39,0.300000,1.950170,1.966447,1.757205,2.175689,1,0.418485,0.418485
3,41,0.300000,2.037068,2.285975,2.076733,2.495217,0,0.418485,0.682918
3,44,0.300000,1.184691,1.074353,0.865111,1.283596,1,0.418485,0.418485
3,47,0.300000,0.952792,0.809690,0.600448,1.018932,1,0.418485,0.418485
3,53,0.300000,0.798651,0.651097,0.441855,0.860340,1,0.418485,0.418485
3,1,0.200000,1.028571,0.992039,0.685931,1.298147,1,0.612216,0.612216
3,2,0.200000,0.792392,0.736839,0.430732,1.042947,1,0.612216,0.612216
3,21,0.200000,0.727541,0.815496,0.509388,1.121604,1,0.612216,0.612216
3,23,0.200000,0.730782,0.802556,0.496448,1.108664,1,0.612216,0.612216
3,29,0.200000,1.711132,1.801569,1.495461,2.107677,1,0.612216,0.612216
3,35,0.200000,2.703584,2.754244,2.448136,3.060352,1,0.612216,0.612216
3,37,0.200000,2.177536,2.215977,1.909869,2.522085,1,0.612216,0.612216
3,39,0.200000,1.950170,1.966447,1.660339,2.272555,1,0.612216,0.612216
3,41,0.200000,2.037068,2.285975,1.979867,2.592083,1,0.612216,0.612216
3,44,0.200000,1.184691,1.074353,0.768245,1.380461,1,0.612216,0.612216
3,47,0.200000,0.952792,0.809690,0.503582,1.115798,1,0.612216,0.612216
3,53,0.200000,0.798651,0.651097,0.344989,0.957205,1,0.612216,0.612216
3,1,0.150000,1.028571,0.992039,0.652358,1.331719,1,0.679361,0.679361
3,2,0.150000,0.792392,0.736839,0.397159,1.076520,1,0.679361,0.679361
3,21,0.150000,0.727541,0.815496,0.475815,1.155176,1,0.679361,0.679361
3,23,0.150000,0.730782,0.802556,0.462875,1.142236,1,0.679361,0.679361
3,29,0.150000,1.711132,1.801569,1.461889,2.141250,1,0.679361,0.679361
3,35,0.150000,2.703584,2.754244,2.414563,3.093924,1,0.679361,0.679361
3,37,0.150000,2.177536,2.215977,1.876297,2.555658,1,0.679361,0.679361
3,39,0.150000,1.950170,1.966447,1.626766,2.306127,1,0.679361,0.679361
3,41,0.150000,2.037068,2.285975,1.946295,2.625655,1,0.679361,0.679361
3,44,0.150000,1.184691,1.074353,0.734673,1.414034,1,0.679361,0.679361
3,47,0.150000,0.952792,0.809690,0.470009,1.149370,1,0.679361,0.679361
3,53,0.150000,0.798651,0.651097,0.311417,0.990778,1,0.679361,0.679361
3,1,0.100000,1.028571,0.992039,0.590312,1.393766,1,0.803454,0.803454
3,2,0.100000,0.792392,0.736839,0.335112,1.138567,1,0.803454,0.803454
3,21,0.100000,0.727541,0.815496,0.413769,1.217223,1,0.803454,0.803454
3,23,0.100000,0.730782,0.802556,0.400829,1.204283,1,0.803454,0.803454
3,29,0.100000,1.711132,1.801569,1.399842,2.203296,1,0.803454,0.803454
3,35,0.100000,2.703584,2.754244,2.352517,3.155971,1,0.803454,0.803454
3,37,0.100000,2.177536,2.215977,1.814250,2.617704,1,0.803454,0.803454
3,39,0.100000,1.950170,1.966447,1.564720,2.368174,1,0.803454,0.803454
3,41,0.100000,2.037068,2.285975,1.884248,2.687702,1,0.803454,0.803454
3,44,0.100000,1.184691,1.074353,0.672626,1.476081,1,0.803454,0.803454
3,47,0.100000,0.952792,0.809690,0.407963,1.211417,1,0.803454,0.803454
3,53,0.100000,0.798651,0.651097,0.249370,1.052824,1,0.803454,0.803454
3,1,0.050000,1.028571,0.992039,0.524600,1.459478,1,0.934878,0.934878
3,2,0.050000,0.792392,0.736839,0.269400,1.204278,1,0.934878,0.934878
3,21,0.050000,0.727541,0.815496,0.348057,1.282935,1,0.934878,0.934878
3,23,0.050000,0.730782,0.802556,0.335117,1.269995,1,0.934878,0.934878
3,29,0.050000,1.711132,1.801569,1.334130,2.269008,1,0.934878,0.934878
3,35,0.050000,2.703584,2.754244,2.286805,3.221683,1,0.934878,0.934878
3,37,0.050000,2.177536,2.215977,1.748538,2.683416,1,0.934878,0.934878
3,39,0.050000,1.950170,1.966447,1.499008,2.433886,1,0.934878,0.934878
3,41,0.050000,2.037068,2.285975,1.818536,2.753414,1,0.934878,0.934878
3,44,0.050000,1.184691,1.074353,0.606914,1.541792,1,0.934878,0.934878
3,47,0.050000,0.952792,0.809690,0.342251,1.277129,1,0.934878,0.934878
3,53,0.050000,0.798651,0.651097,0.183658,1.118536,1,0.934878,0.934878
3,1,0.010000,1.028571,0.992039,0.394958,1.589119,1,1.194161,1.194161
3,2,0.010000,0.792392,0.736839,0.139759,1.333920,1,1.194161,1.194161
3,21,0.010000,0.727541,0.815496,0.218415,1.412576,1,1.194161,1.194161
3,23,0.010000,0.730782,0.802556,0.205476,1.399636,1,1.194161,1.194161
3,29,0.010000,1.711132,1.801569,1.204489,2.398649,1,1.194161,1.194161
3,35,0.010000,2.703584,2.754244,2.157164,3.351324,1,1.194161,1.194161
3,37,0.010000,2.177536,2.215977,1.618897,2.813057,1,1.194161,1.194161
3,39,0.010000,1.950170,1.966447,1.369367,2.563527,1,1.194161,1.194161
3,41,0.010000,2.037068,2.285975,1.688895,2.883055,1,1.194161,1.194161
3,44,0.010000,1.184691,1.074353,0.477273,1.671434,1,1.194161,1.194161
3,47,0.010000,0.952792,0.809690,0.212610,1.406770,1,1.194161,1.194161
3,53,0.010000,0.798651,0.651097,0.054017,1.248178,1,1.194161,1.194161
4,7,0.500000,0.915927,1.005920,0.889891,1.121949,1,0.232058,0.232058
4,10,0.500000,1.814447,2.042347,1.926318,2.158376,0,0.232058,0.679541
4,14,0.500000,1.844601,1.929109,1.813080,2.045138,1,0.232058,0.232058
4,18,0.500000,0.932474,1.444404,1.328375,1.560433,0,0.232058,1.815662
4,20,0.500000,0.802774,1.059236,0.943207,1.175265,0,0.232058,0.793790
4,22,0.500000,0.634477,0.806548,0.690519,0.922577,0,0.232058,0.456224
4,28,0.500000,2.465532,2.312076,2.196047,2.428105,0,0.232058,0.381763
4,38,0.500000,1.966189,1.507481,1.391451,1.623510,0,0.232058,1.602775
4,42,0.500000,2.288964,2.228678,2.112649,2.344707,1,0.232058,0.232058
4,49,0.500000,1.460748,1.315526,1.199497,1.431555,0,0.232058,0.348827
4,51,0.500000,1.669038,1.706575,1.590546,1.822604,1,0.232058,0.232058
4,59,0.500000,2.494057,2.404302,2.288273,2.520331,1,0.232058,0.232058
4,7,0.400000,0.915927,1.005920,0.862599,1.149241,1,0.286642,0.286642
4,10,0.400000,1.814447,2.042347,1.899026,2.185668,0,0.286642,0.709536
4,14,0.400000,1.844601,1.929109,1.785788,2.072430,1,0.286642,0.286642
4,18,0.400000,0.932474,1.444404,1.301083,1.587725,0,0.286642,2.129686
4,20,0.400000,0.802774,1.059236,0.915915,1.202557,0,0.286642,0.852347
4,22,0.400000,0.634477,0.806548,0.663227,0.949869,0,0.286642,0.430389
4,28,0.400000,2.465532,2.312076,2.168755,2.455398,0,0.286642,0.337313
4,38,0.400000,1.966189,1.507481,1.364159,1.650802,0,0.286642,1.863577
4,42,0.400000,2.288964,2.228678,2.085357,2.371999,1,0.286642,0.286642
4,49,0.400000,1.460748,1.315526,1.172205,1.458847,0,0.286642,0.296143
4,51,0.400000,1.669038,1.706575,1.563254,1.849896,1,0.286642,0.286642
4,59,0.400000,2.494057,2.404302,2.260980,2.547623,1,0.286642,0.286642
4,7,0.300000,0.915927,1.005920,0.843072,1.168768,1,0.325696,0.325696
4,10,0.300000,1.814447,2.042347,1.879499,2.205195,0,0.325696,0.759376
4,14,0.300000,1.844601,1.929109,1.766261,2.091957,1,0.325696,0.325696
4,18,0.300000,0.932474,1.444404,1.281556,1.607252,0,0.325696,2.652910
4,20,0.300000,0.802774,1.059236,0.896388,1.222084,0,0.325696,0.949791
4,22,0.300000,0.634477,0.806548,0.643700,0.969396,0,0.325696,0.387180
4,28,0.300000,2.465532,2.312076,2.149229,2.474924,1,0.325696,0.325696
4,38,0.300000,1.966189,1.507481,1.344633,1.670328,0,0.325696,2.298098
4,42,0.300000,2.288964,2.228678,2.065830,2.391526,1,0.325696,0.325696
4,49,0.300000,1.460748,1.315526,1.152678,1.478374,1,0.325696,0.325696
4,51,0.300000,1.669038,1.706575,1.543727,1.869423,1,0.325696,0.325696
4,59,0.300000,2.494057,2.404302,2.241454,2.567149,1,0.325696,0.325696
4,7,0.200000,0.915927,1.005920,0.804411,1.207429,1,0.403018,0.403018
4,10,0.200000,1.814447,2.042347,1.840838,2.243856,0,0.403018,0.666926
4,14,0.200000,1.844601,1.929109,1.727600,2.130618,1,0.403018,0.403018
4,18,0.200000,0.932474,1.444404,1.242895,1.645913,0,0.403018,3.507228
4,20,0.200000,0.802774,1.059236,0.857727,1.260745,0,0.403018,0.952549
4,22,0.200000,0.634477,0.806548,0.605039,1.008057,1,0.403018,0.403018
4,28,0.200000,2.465532,2.312076,2.110567,2.513585,1,0.403018,0.403018
4,38,0.200000,1.966189,1.507481,1.305971,1.708990,0,0.403018,2.975010
4,42,0.200000,2.288964,2.228678,2.027169,2.430187,1,0.403018,0.403018
4,49,0.200000,1.460748,1.315526,1.114017,1.517035,1,0.403018,0.403018
4,51,0.200000,1.669038,1.706575,1.505066,1.908084,1,0.403018,0.403018
4,59,0.200000,2.494057,2.404302,2.202793,2.605811,1,0.403018,0.403018
4,7,0.150000,0.915927,1.005920,0.762762,1.249079,1,0.486317,0.486317
4,10,0.150000,1.814447,2.042347,1.799189,2.285506,1,0.486317,0.486317
4,14,0.150000,1.844601,1.929109,1.685950,2.172267,1,0.486317,0.486317
4,18,0.150000,0.932474,1.444404,1.201245,1.687562,0,0.486317,4.069937
4,20,0.150000,0.802774,1.059236,0.816077,1.302394,0,0.486317,0.663698
4,22,0.150000,0.634477,0.806548,0.563389,1.049706,1,0.486317,0.486317
4,28,0.150000,2.465532,2.312076,2.068918,2.555235,1,0.486317,0.486317
4,38,0.150000,1.966189,1.507481,1.264322,1.750639,0,0.486317,3.360313
4,42,0.150000,2.288964,2.228678,1.985520,2.471837,1,0.486317,0.486317
4,49,0.150000,1.460748,1.315526,1.072368,1.558685,1,0.486317,0.486317
4,51,0.150000,1.669038,1.706575,1.463416,1.949733,1,0.486317,0.486317
4,59,0.150000,2.494057,2.404302,2.161143,2.647460,1,0.486317,0.486317
4,7,0.100000,0.915927,1.005920,0.710840,1.301001,1,0.590161,0.590161
4,10,0.100000,1.814447,2.042347,1.747267,2.337428,1,0.590161,0.590161
4,14,0.100000,1.844601,1.929109,1.634028,2.224189,1,0.590161,0.590161
4,18,0.100000,0.932474,1.444404,1.149323,1.739484,0,0.590161,4.927153
4,20,0.100000,0.802774,1.059236,0.764155,1.354316,1,0.590161,0.590161
4,22,0.100000,0.634477,0.806548,0.511467,1.101628,1,0.590161,0.590161
4,28,0.100000,2.465532,2.312076,2.016996,2.607157,1,0.590161,0.590161
4,38,0.100000,1.966189,1.507481,1.212400,1.802561,0,0.590161,3.862717
4,42,0.100000,2.288964,2.228678,1.933598,2.523759,1,0.590161,0.590161
4,49,0.100000,1.460748,1.315526,1.020446,1.610607,1,0.590161,0.590161
4,51,0.100000,1.669038,1.706575,1.411495,2.001655,1,0.590161,0.590161
4,59,0.100000,2.494057,2.404302,2.109221,2.699382,1,0.590161,0.590161
4,7,0.050000,0.915927,1.005920,0.622885,1.388956,1,0.766071,0.766071
4,10,0.050000,1.814447,2.042347,1.659312,2.425383,1,0.766071,0.766071
4,14,0.050000,1.844601,1.929109,1.546073,2.312144,1,0.766071,0.766071
4,18,0.050000,0.932474,1.444404,1.061368,1.827439,0,0.766071,5.921849
4,20,0.050000,0.802774,1.059236,0.676200,1.442271,1,0.766071,0.766071
4,22,0.050000,0.634477,0.806548,0.423512,1.189583,1,0.766071,0.766071
4,28,0.050000,2.465532,2.312076,1.929041,2.695112,1,0.766071,0.766071
4,38,0.050000,1.966189,1.507481,1.124445,1.890516,0,0.766071,3.792976
4,42,0.050000,2.288964,2.228678,1.845643,2.611714,1,0.766071,0.766071
4,49,0.050000,1.460748,1.315526,0.932491,1.698562,1,0.766071,0.766071
4,51,0.050000,1.669038,1.706575,1.323539,2.089610,1,0.766071,0.766071
4,59,0.050000,2.494057,2.404302,2.021266,2.787337,1,0.766071,0.766071
4,7,0.010000,0.915927,1.005920,0.518841,1.492999,1,0.974157,0.974157
4,10,0.010000,1.814447,2.042347,1.555268,2.529426,1,0.974157,0.974157
4,14,0.010000,1.844601,1.929109,1.442030,2.416188,1,0.974157,0.974157
4,18,0.010000,0.932474,1.444404,0.957325,1.931482,0,0.974157,5.944414
4,20,0.010000,0.802774,1.059236,0.572157,1.546315,1,0.974157,0.974157
4,22,0.010000,0.634477,0.806548,0.319469,1.293626,1,0.974157,0.974157
4,28,0.010000,2.465532,2.312076,1.824998,2.799155,1,0.974157,0.974157
4,38,0.010000,1.966189,1.507481,1.020402,1.994559,1,0.974157,0.974157
4,42,0.010000,2.288964,2.228678,1.741600,2.715757,1,0.974157,0.974157
4,49,0.010000,1.460748,1.315526,0.828448,1.802605,1,0.974157,0.974157
4,51,0.010000,1.669038,1.706575,1.219496,2.193654,1,0.974157,0.974157
4,59,0.010000,2.494057,2.404302,1.917223,2.891380,1,0.974157,0.974157
5,2,0.500000,0.792392,0.691527,0.575377,0.807677,1,0.232301,0.232301
5,4,0.500000,2.455439,2.570626,2.454476,2.686776,1,0.232301,0.232301
5,18,0.500000,0.932474,1.413560,1.297409,1.529710,0,0.232301,1.692043
5,27,0.500000,2.035870,2.058870,1.942719,2.175020,1,0.232301,0.232301
5,29,0.500000,1.711132,1.816517,1.700367,1.932667,1,0.232301,0.232301
5,31,0.500000,1.869935,2.046164,1.930013,2.162314,0,0.232301,0.472612
5,40,0.500000,0.558709,0.807002,0.690851,0.923152,0,0.232301,0.760872
5,45,0.500000,0.641474,0.822412,0.706262,0.938562,0,0.232301,0.491450
5,47,0.500000,0.952792,0.788075,0.671925,0.904225,0,0.232301,0.426570
5,48,0.500000,2.398044,2.297945,2.181795,2.414096,1,0.232301,0.232301
5,53,0.500000,0.798651,0.609221,0.493071,0.725371,0,0.232301,0.525419
5,55,0.500000,0.899821,0.673360,0.557210,0.789511,0,0.232301,0.673540
5,2,0.400000,0.792392,0.691527,0.559600,0.823454,1,0.263854,0.263854
5,4,0.400000,2.455439,2.570626,2.438699,2.702553,1,0.263854,0.263854
5,18,0.400000,0.932474,1.413560,1.281632,1.545487,0,0.263854,2.009648
5,27,0.400000,2.035870,2.058870,1.926943,2.190797,1,0.263854,0.263854
5,29,0.400000,1.711132,1.816517,1.684590,1.948444,1,0.263854,0.263854
5,31,0.400000,1.869935,2.046164,1.914236,2.178091,0,0.263854,0.485359
5,40,0.400000,0.558709,0.807002,0.675075,0.938929,0,0.263854,0.845684
5,45,0.400000,0.641474,0.822412,0.690485,0.954339,0,0.263854,0.508907
5,47,0.400000,0.952792,0.788075,0.656148,0.920002,0,0.263854,0.427807
5,48,0.400000,2.398044,2.297945,2.166018,2.429872,1,0.263854,0.263854
5,53,0.400000,0.798651,0.609221,0.477294,0.741148,0,0.263854,0.551368
5,55,0.400000,0.899821,0.673360,0.541433,0.805287,0,0.263854,0.736519
5,2,0.300000,0.792392,0.691527,0.529197,0.853857,1,0.324660,0.324660
5,4,0.300000,2.455439,2.570626,2.408296,2.732956,1,0.324660,0.324660
5,18,0.300000,0.932474,1.413560,1.251230,1.575889,0,0.324660,2.449700
5,27,0.300000,2.035870,2.058870,1.896540,2.221199,1,0.324660,0.324660
5,29,0.300000,1.711132,1.816517,1.654187,1.978847,1,0.324660,0.324660
5,31,0.300000,1.869935,2.046164,1.883834,2.208493,0,0.324660,0.417315
5,40,0.300000,0.558709,0.807002,0.644672,0.969331,0,0.324660,0.897748
5,45,0.300000,0.641474,0.822412,0.660082,0.984742,0,0.324660,0.448712
5,47,0.300000,0.952792,0.788075,0.625745,0.950405,0,0.324660,0.340578
5,48,0.300000,2.398044,2.297945,2.135615,2.460275,1,0.324660,0.324660
5,53,0.300000,0.798651,0.609221,0.446891,0.771551,0,0.324660,0.505327
5,55,0.300000,0.899821,0.673360,0.511031,0.835690,0,0.324660,0.752195
5,2,0.200000,0.792392,0.691527,0.454466,0.928588,1,0.474123,0.474123
5,4,0.200000,2.455439,2.570626,2.333564,2.807687,1,0.474123,0.474123
5,18,0.200000,0.932474,1.413560,1.176498,1.650621,0,0.474123,2.914367
5,27,0.200000,2.035870,2.058870,1.821808,2.295931,1,0.474123,0.474123
5,29,0.200000,1.711132,1.816517,1.579455,2.053578,1,0.474123,0.474123
5,31,0.200000,1.869935,2.046164,1.809102,2.283225,1,0.474123,0.474123
5,40,0.200000,0.558709,0.807002,0.569940,1.044063,0,0.474123,0.586440
5,45,0.200000,0.641474,0.822412,0.585350,1.059473,1,0.474123,0.474123
5,47,0.200000,0.952792,0.788075,0.551013,1.025136,1,0.474123,0.474123
5,48,0.200000,2.398044,2.297945,2.060884,2.535007,1,0.474123,0.474123
5,53,0.200000,0.798651,0.609221,0.372159,0.846282,1,0.474123,0.474123
5,55,0.200000,0.899821,0.673360,0.436299,0.910422,1,0.474123,0.474123
5,2,0.150000,0.792392,0.691527,0.371568,1.011486,1,0.639917,0.639917
5,4,0.150000,2.455439,2.570626,2.250667,2.890584,1,0.639917,0.639917
5,18,0.150000,0.932474,1.413560,1.093601,1.733518,0,0.639917,2.788279
5,27,0.150000,2.035870,2.058870,1.738911,2.378828,1,0.639917,0.639917
5,29,0.150000,1.711132,1.816517,1.496558,2.136476,1,0.639917,0.639917
5,31,0.150000,1.869935,2.046164,1.726205,2.366122,1,0.639917,0.639917
5,40,0.150000,0.558709,0.807002,0.487043,1.126960,1,0.639917,0.639917
5,45,0.150000,0.641474,0.822412,0.502453,1.142370,1,0.639917,0.639917
5,47,0.150000,0.952792,0.788075,0.468116,1.108033,1,0.639917,0.639917
5,48,0.150000,2.398044,2.297945,1.977987,2.617904,1,0.639917,0.639917
5,53,0.150000,0.798651,0.609221,0.289262,0.929179,1,0.639917,0.639917
5,55,0.150000,0.899821,0.673360,0.353402,0.993319,1,0.639917,0.639917
5,2,0.100000,0.792392,0.691527,0.286689,1.096365,1,0.809676,0.809676
5,4,0.100000,2.455439,2.570626,2.165788,2.975464,1,0.809676,0.809676
5,18,0.100000,0.932474,1.413560,1.008722,1.818398,0,0.809676,2.334631
5,27,0.100000,2.035870,2.058870,1.654032,2.463708,1,0.809676,0.809676
5,29,0.100000,1.711132,1.816517,1.411679,2.221355,1,0.809676,0.809676
5,31,0.100000,1.869935,2.046164,1.641326,2.451002,1,0.809676,0.809676
5,40,0.100000,0.558709,0.807002,0.402164,1.211840,1,0.809676,0.809676
5,45,0.100000,0.641474,0.822412,0.417574,1.227250,1,0.809676,0.809676
5,47,0.100000,0.952792,0.788075,0.383237,1.192913,1,0.809676,0.809676
5,48,0.100000,2.398044,2.297945,1.893107,2.702783,1,0.809676,0.809676
5,53,0.100000,0.798651,0.609221,0.204383,1.014059,1,0.809676,0.809676
5,55,0.100000,0.899821,0.673360,0.268522,1.078198,1,0.809676,0.809676
5,2,0.050000,0.792392,0.691527,0.240772,1.142282,1,0.901511,0.901511
5,4,0.050000,2.455439,2.570626,2.119870,3.021381,1,0.901511,0.901511
5,18,0.050000,0.932474,1.413560,0.962804,1.864315,0,0.901511,2.114730
5,27,0.050000,2.035870,2.058870,1.608114,2.509625,1,0.901511,0.901511
5,29,0.050000,1.711132,1.816517,1.365762,2.267272,1,0.901511,0.901511
5,31,0.050000,1.869935,2.046164,1.595408,2.496919,1,0.901511,0.901511
5,40,0.050000,0.558709,0.807002,0.356246,1.257757,1,0.901511,0.901511
5,45,0.050000,0.641474,0.822412,0.371656,1.273167,1,0.901511,0.901511
5,47,0.050000,0.952792,0.788075,0.337320,1.238830,1,0.901511,0.901511
5,48,0.050000,2.398044,2.297945,1.847190,2.748701,1,0.901511,0.901511
5,53,0.050000,0.798651,0.609221,0.158465,1.059976,1,0.901511,0.901511
5,55,0.050000,0.899821,0.673360,0.222605,1.124116,1,0.901511,0.901511
5,2,0.010000,0.792392,0.691527,0.135593,1.247461,1,1.111868,1.111868
5,4,0.010000,2.455439,2.570626,2.014692,3.126560,1,1.111868,1.111868
5,18,0.010000,0.932474,1.413560,0.857625,1.969494,1,1.111868,1.111868
5,27,0.010000,2.035870,2.058870,1.502935,2.614804,1,1.111868,1.111868
5,29,0.010000,1.711132,1.816517,1.260583,2.372451,1,1.111868,1.111868
5,31,0.010000,1.869935,2.046164,1.490229,2.602098,1,1.111868,1.111868
5,40,0.010000,0.558709,0.807002,0.251067,1.362936,1,1.111868,1.111868
5,45,0.010000,0.641474,0.822412,0.266478,1.378346,1,1.111868,1.111868
5,47,0.010000,0.952792,0.788075,0.232141,1.344009,1,1.111868,1.111868
5,48,0.010000,2.398044,2.297945,1.742011,2.853880,1,1.111868,1.111868
5,53,0.010000,0.798651,0.609221,0.053287,1.165155,1,1.111868,1.111868
5,55,0.010000,0.899821,0.673360,0.117426,1.229295,1,1.111868,1.111868
6,0,0.500000,2.061113,2.085189,1.959731,2.210648,1,0.250916,0.250916
6,8,0.500000,2.261120,2.356074,2.230616,2.481532,1,0.250916,0.250916
6,10,0.500000,1.814447,1.966838,1.841380,2.092296,0,0.250916,0.358647
6,11,0.500000,0.895423,0.804466,0.679008,0.929925,1,0.250916,0.250916
6,19,0.500000,2.018617,2.003515,1.878057,2.128973,1,0.250916,0.250916
6,21,0.500000,0.727541,0.828992,0.703534,0.954451,1,0.250916,0.250916
6,26,0.500000,2.195346,1.970251,1.844793,2.095709,0,0.250916,0.649464
6,37,0.500000,2.177536,2.176439,2.050981,2.301897,1,0.250916,0.250916
6,44,0.500000,1.184691,1.152811,1.027353,1.278269,1,0.250916,0.250916
6,50,0.500000,1.212188,1.314351,1.188892,1.439809,1,0.250916,0.250916
6,56,0.500000,1.193125,1.168597,1.043138,1.294055,1,0.250916,0.250916
6,59,0.500000,2.494057,2.447227,2.321769,2.572685,1,0.250916,0.250916
6,0,0.400000,2.061113,2.085189,1.936231,2.234148,1,0.297917,0.297917
6,8,0.400000,2.261120,2.356074,2.207115,2.505032,1,0.297917,0.297917
6,10,0.400000,1.814447,1.966838,1.817880,2.115797,0,0.297917,0.315079
6,11,0.400000,0.895423,0.804466,0.655508,0.953425,1,0.297917,0.297917
6,19,0.400000,2.018617,2.003515,1.854557,2.152473,1,0.297917,0.297917
6,21,0.400000,0.727541,0.828992,0.680034,0.977951,1,0.297917,0.297917
6,26,0.400000,2.195346,1.970251,1.821292,2.119209,0,0.297917,0.678601
6,37,0.400000,2.177536,2.176439,2.027481,2.325398,1,0.297917,0.297917
6,44,0.400000,1.184691,1.152811,1.003853,1.301770,1,0.297917,0.297917
6,50,0.400000,1.212188,1.314351,1.165392,1.463309,1,0.297917,0.297917
6,56,0.400000,1.193125,1.168597,1.019638,1.317555,1,0.297917,0.297917
6,59,0.400000,2.494057,2.447227,2.298269,2.596185,1,0.297917,0.297917
6,0,0.300000,2.061113,2.085189,1.871409,2.298970,1,0.427560,0.427560
6,8,0.300000,2.261120,2.356074,2.142294,2.569854,1,0.427560,0.427560
6,10,0.300000,1.814447,1.966838,1.753058,2.180618,1,0.427560,0.427560
6,11,0.300000,0.895423,0.804466,0.590686,1.018247,1,0.427560,0.427560
6,19,0.300000,2.018617,2.003515,1.789735,2.217295,1,0.427560,0.427560
6,21,0.300000,0.727541,0.828992,0.615212,1.042773,1,0.427560,0.427560
6,26,0.300000,2.195346,1.970251,1.756471,2.184031,0,0.427560,0.502994
6,37,0.300000,2.177536,2.176439,1.962659,2.390219,1,0.427560,0.427560
6,44,0.300000,1.184691,1.152811,0.939031,1.366591,1,0.427560,0.427560
6,50,0.300000,1.212188,1.314351,1.100570,1.528131,1,0.427560,0.427560
6,56,0.300000,1.193125,1.168597,0.954816,1.382377,1,0.427560,0.427560
6,59,0.300000,2.494057,2.447227,2.233447,2.661007,1,0.427560,0.427560
6,0,0.200000,2.061113,2.085189,1.738273,2.432106,1,0.693832,0.693832
6,8,0.200000,2.261120,2.356074,2.009158,2.702990,1,0.693832,0.693832
6,10,0.200000,1.814447,1.966838,1.619922,2.313754,1,0.693832,0.693832
6,11,0.200000,0.895423,0.804466,0.457550,1.151383,1,0.693832,0.693832
6,19,0.200000,2.018617,2.003515,1.656599,2.350431,1,0.693832,0.693832
6,21,0.200000,0.727541,0.828992,0.482076,1.175909,1,0.693832,0.693832
6,26,0.200000,2.195346,1.970251,1.623335,2.317167,1,0.693832,0.693832
6,37,0.200000,2.177536,2.176439,1.829523,2.523355,1,0.693832,0.693832
6,44,0.200000,1.184691,1.152811,0.805895,1.499727,1,0.693832,0.693832
6,50,0.200000,1.212188,1.314351,0.967434,1.661267,1,0.693832,0.693832
6,56,0.200000,1.193125,1.168597,0.821680,1.515513,1,0.693832,0.693832
6,59,0.200000,2.494057,2.447227,2.100311,2.794143,1,0.693832,0.693832
6,0,0.150000,2.061113,2.085189,1.724832,2.445547,1,0.720715,0.720715
6,8,0.150000,2.261120,2.356074,1.995716,2.716431,1,0.720715,0.720715
6,10,0.150000,1.814447,1.966838,1.606481,2.327196,1,0.720715,0.720715
6,11,0.150000,0.895423,0.804466,0.444109,1.164824,1,0.720715,0.720715
6,19,0.150000,2.018617,2.003515,1.643157,2.363873,1,0.720715,0.720715
6,21,0.150000,0.727541,0.828992,0.468635,1.189350,1,0.720715,0.720715
6,26,0.150000,2.195346,1.970251,1.609893,2.330608,1,0.720715,0.720715
6,37,0.150000,2.177536,2.176439,1.816082,2.536797,1,0.720715,0.720715
6,44,0.150000,1.184691,1.152811,0.792454,1.513169,1,0.720715,0.720715
6,50,0.150000,1.212188,1.314351,0.953993,1.674708,1,0.720715,0.720715
6,56,0.150000,1.193125,1.168597,0.808239,1.528954,1,0.720715,0.720715
6,59,0.150000,2.494057,2.447227,2.086869,2.807585,1,0.720715,0.720715
6,0,0.100000,2.061113,2.085189,1.641935,2.528444,1,0.886509,0.886509
6,8,0.100000,2.261120,2.356074,1.912820,2.799328,1,0.886509,0.886509
6,10,0.100000,1.814447,1.966838,1.523584,2.410093,1,0.886509,0.886509
6,11,0.100000,0.895423,0.804466,0.361212,1.247721,1,0.886509,0.886509
6,19,0.100000,2.018617,2.003515,1.560261,2.446769,1,0.886509,0.886509
6,21,0.100000,0.727541,0.828992,0.385738,1.272247,1,0.886509,0.886509
6,26,0.100000,2.195346,1.970251,1.526997,2.413505,1,0.886509,0.886509
6,37,0.100000,2.177536,2.176439,1.733185,2.619694,1,0.886509,0.886509
6,44,0.100000,1.184691,1.152811,0.709557,1.596065,1,0.886509,0.886509
6,50,0.100000,1.212188,1.314351,0.871096,1.757605,1,0.886509,0.886509
6,56,0.100000,1.193125,1.168597,0.725342,1.611851,1,0.886509,0.886509
6,59,0.100000,2.494057,2.447227,2.003973,2.890481,1,0.886509,0.886509
6,0,0.050000,2.061113,2.085189,1.572443,2.597936,1,1.025493,1.025493
6,8,0.050000,2.261120,2.356074,1.843327,2.868820,1,1.025493,1.025493
6,10,0.050000,1.814447,1.966838,1.454092,2.479585,1,1.025493,1.025493
6,11,0.050000,0.895423,0.804466,0.291720,1.317213,1,1.025493,1.025493
6,19,0.050000,2.018617,2.003515,1.490768,2.516262,1,1.025493,1.025493
6,21,0.050000,0.727541,0.828992,0.316246,1.341739,1,1.025493,1.025493
6,26,0.050000,2.195346,1.970251,1.457504,2.482997,1,1.025493,1.025493
6,37,0.050000,2.177536,2.176439,1.663693,2.689186,1,1.025493,1.025493
6,44,0.050000,1.184691,1.152811,0.640065,1.665558,1,1.025493,1.025493
6,50,0.050000,1.212188,1.314351,0.801604,1.827097,1,1.025493,1.025493
6,56,0.050000,1.193125,1.168597,0.655850,1.681343,1,1.025493,1.025493
6,59,0.050000,2.494057,2.447227,1.934480,2.959974,1,1.025493,1.025493
6,0,0.010000,2.061113,2.085189,1.474127,2.696251,1,1.222124,1.222124
6,8,0.010000,2.261120,2.356074,1.745012,2.967136,1,1.222124,1.222124
6,10,0.010000,1.814447,1.966838,1.355776,2.577900,1,1.222124,1.222124
6,11,0.010000,0.895423,0.804466,0.193404,1.415528,1,1.222124,1.222124
6,19,0.010000,2.018617,2.003515,1.392453,2.614577,1,1.222124,1.222124
6,21,0.010000,0.727541,0.828992,0.217931,1.440054,1,1.222124,1.222124
6,26,0.010000,2.195346,1.970251,1.359189,2.581313,1,1.222124,1.222124
6,37,0.010000,2.177536,2.176439,1.565377,2.787501,1,1.222124,1.222124
6,44,0.010000,1.184691,1.152811,0.541749,1.763873,1,1.222124,1.222124
6,50,0.010000,1.212188,1.314351,0.703289,1.925413,1,1.222124,1.222124
6,56,0.010000,1.193125,1.168597,0.557535,1.779659,1,1.222124,1.222124
6,59,0.010000,2.494057,2.447227,1.836165,3.058289,1,1.222124,1.222124
7,12,0.500000,2.903090,2.716261,2.588824,2.843698,0,0.254874,0.492442
7,15,0.500000,1.258158,1.247310,1.119873,1.374747,1,0.254874,0.254874
7,20,0.500000,0.802774,1.010489,0.883052,1.137926,0,0.254874,0.575988
7,22,0.500000,0.634477,0.793617,0.666180,0.921054,0,0.254874,0.381686
7,23,0.500000,0.730782,0.879381,0.751944,1.006818,0,0.254874,0.339520
7,24,0.500000,0.673021,0.826468,0.699031,0.953905,0,0.254874,0.358913
7,32,0.500000,1.992995,1.986865,1.859428,2.114302,1,0.254874,0.254874
7,36,0.500000,1.888179,1.678518,1.551081,1.805955,0,0.254874,0.583773
7,38,0.500000,1.966189,1.477607,1.350170,1.605044,0,0.254874,1.699451
7,42,0.500000,2.288964,2.259508,2.132071,2.386945,1,0.254874,0.254874
7,57,0.500000,1.975432,1.817435,1.689998,1.944872,0,0.254874,0.377115
7,58,0.500000,2.211227,2.652961,2.525524,2.780398,0,0.254874,1.512060
7,12,0.400000,2.903090,2.716261,2.568887,2.863635,0,0.294748,0.492024
7,15,0.400000,1.258158,1.247310,1.099937,1.394684,1,0.294748,0.294748
7,20,0.400000,0.802774,1.010489,0.863116,1.157863,0,0.294748,0.596457
7,22,0.400000,0.634477,0.793617,0.646244,0.940991,0,0.294748,0.353579
7,23,0.400000,0.730782,0.879381,0.732007,1.026755,0,0.294748,0.300871
7,24,0.400000,0.673021,0.826468,0.679094,0.973842,0,0.294748,0.325113
7,32,0.400000,1.992995,1.986865,1.839491,2.134239,1,0.294748,0.294748
7,36,0.400000,1.888179,1.678518,1.531144,1.825892,0,0.294748,0.606187
7,38,0.400000,1.966189,1.477607,1.330234,1.624981,0,0.294748,2.000784
7,42,0.400000,2.288964,2.259508,2.112134,2.406881,1,0.294748,0.294748
7,57,0.400000,1.975432,1.817435,1.670061,1.964808,0,0.294748,0.347865
7,58,0.400000,2.211227,2.652961,2.505587,2.800335,0,0.294748,1.766546
7,12,0.300000,2.903090,2.716261,2.537401,2.895120,0,0.357719,0.410849
7,15,0.300000,1.258158,1.247310,1.068451,1.426170,1,0.357719,0.357719
7,20,0.300000,0.802774,1.010489,0.831630,1.189349,0,0.357719,0.550093
7,22,0.300000,0.634477,0.793617,0.614758,0.972477,1,0.357719,0.357719
7,23,0.300000,0.730782,0.879381,0.700521,1.058240,1,0.357719,0.357719
7,24,0.300000,0.673021,0.826468,0.647608,1.005327,1,0.357719,0.357719
7,32,0.300000,1.992995,1.986865,1.808006,2.165725,1,0.357719,0.357719
7,36,0.300000,1.888179,1.678518,1.499658,1.857377,0,0.357719,0.563067
7,38,0.300000,1.966189,1.477607,1.298748,1.656467,0,0.357719,2.422530
7,42,0.300000,2.288964,2.259508,2.080648,2.438367,1,0.357719,0.357719
7,57,0.300000,1.975432,1.817435,1.638575,1.996294,1,0.357719,0.357719
7,58,0.300000,2.211227,2.652961,2.474101,2.831820,0,0.357719,2.110211
7,12,0.200000,2.903090,2.716261,2.488945,2.943577,1,0.454631,0.454631
7,15,0.200000,1.258158,1.247310,1.019995,1.474626,1,0.454631,0.454631
7,20,0.200000,0.802774,1.010489,0.783174,1.237805,1,0.454631,0.454631
7,22,0.200000,0.634477,0.793617,0.566302,1.020933,1,0.454631,0.454631
7,23,0.200000,0.730782,0.879381,0.652065,1.106696,1,0.454631,0.454631
7,24,0.200000,0.673021,0.826468,0.599152,1.053783,1,0.454631,0.454631
7,32,0.200000,1.992995,1.986865,1.759550,2.214181,1,0.454631,0.454631
7,36,0.200000,1.888179,1.678518,1.451202,1.905833,1,0.454631,0.454631
7,38,0.200000,1.966189,1.477607,1.250292,1.704923,0,0.454631,3.067287
7,42,0.200000,2.288964,2.259508,2.032192,2.486823,1,0.454631,0.454631
7,57,0.200000,1.975432,1.817435,1.590119,2.044750,1,0.454631,0.454631
7,58,0.200000,2.211227,2.652961,2.425645,2.880276,0,0.454631,2.598809
7,12,0.150000,2.903090,2.716261,2.469811,2.962711,1,0.492899,0.492899
7,15,0.150000,1.258158,1.247310,1.000861,1.493760,1,0.492899,0.492899
7,20,0.150000,0.802774,1.010489,0.764040,1.256939,1,0.492899,0.492899
7,22,0.150000,0.634477,0.793617,0.547168,1.040067,1,0.492899,0.492899
7,23,0.150000,0.730782,0.879381,0.632931,1.125830,1,0.492899,0.492899
7,24,0.150000,0.673021,0.826468,0.580018,1.072917,1,0.492899,0.492899
7,32,0.150000,1.992995,1.986865,1.740416,2.233315,1,0.492899,0.492899
7,36,0.150000,1.888179,1.678518,1.432068,1.924967,1,0.492899,0.492899
7,38,0.150000,1.966189,1.477607,1.231158,1.724057,0,0.492899,3.721320
7,42,0.150000,2.288964,2.259508,2.013058,2.505957,1,0.492899,0.492899
7,57,0.150000,1.975432,1.817435,1.570985,2.063884,1,0.492899,0.492899
7,58,0.150000,2.211227,2.652961,2.406511,2.899410,0,0.492899,3.096683
7,12,0.100000,2.903090,2.716261,2.443839,2.988683,1,0.544844,0.544844
7,15,0.100000,1.258158,1.247310,0.974888,1.519732,1,0.544844,0.544844
7,20,0.100000,0.802774,1.010489,0.738067,1.282911,1,0.544844,0.544844
7,22,0.100000,0.634477,0.793617,0.521195,1.066039,1,0.544844,0.544844
7,23,0.100000,0.730782,0.879381,0.606959,1.151803,1,0.544844,0.544844
7,24,0.100000,0.673021,0.826468,0.554046,1.098890,1,0.544844,0.544844
7,32,0.100000,1.992995,1.986865,1.714443,2.259287,1,0.544844,0.544844
7,36,0.100000,1.888179,1.678518,1.406096,1.950940,1,0.544844,0.544844
7,38,0.100000,1.966189,1.477607,1.205185,1.750030,0,0.544844,4.868027
7,42,0.100000,2.288964,2.259508,1.987086,2.531930,1,0.544844,0.544844
7,57,0.100000,1.975432,1.817435,1.545012,2.089857,1,0.544844,0.544844
7,58,0.100000,2.211227,2.652961,2.380539,2.925383,0,0.544844,3.931071
7,12,0.050000,2.903090,2.716261,2.324510,3.108012,1,0.783502,0.783502
7,15,0.050000,1.258158,1.247310,0.855559,1.639061,1,0.783502,0.783502
7,20,0.050000,0.802774,1.010489,0.618738,1.402240,1,0.783502,0.783502
7,22,0.050000,0.634477,0.793617,0.401866,1.185368,1,0.783502,0.783502
7,23,0.050000,0.730782,0.879381,0.487630,1.271132,1,0.783502,0.783502
7,24,0.050000,0.673021,0.826468,0.434717,1.218219,1,0.783502,0.783502
7,32,0.050000,1.992995,1.986865,1.595114,2.378616,1,0.783502,0.783502
7,36,0.050000,1.888179,1.678518,1.286767,2.070269,1,0.783502,0.783502
7,38,0.050000,1.966189,1.477607,1.085856,1.869359,0,0.783502,4.656706
7,42,0.050000,2.288964,2.259508,1.867757,2.651259,1,0.783502,0.783502
7,57,0.050000,1.975432,1.817435,1.425683,2.209186,1,0.783502,0.783502
7,58,0.050000,2.211227,2.652961,2.261210,3.044712,0,0.783502,2.782795
7,12,0.010000,2.903090,2.716261,2.188249,3.244273,1,1.056023,1.056023
7,15,0.010000,1.258158,1.247310,0.719299,1.775322,1,1.056023,1.056023
7,20,0.010000,0.802774,1.010489,0.482478,1.538501,1,1.056023,1.056023
7,22,0.010000,0.634477,0.793617,0.265606,1.321629,1,1.056023,1.056023
7,23,0.010000,0.730782,0.879381,0.351369,1.407393,1,1.056023,1.056023
7,24,0.010000,0.673021,0.826468,0.298456,1.354479,1,1.056023,1.056023
7,32,0.010000,1.992995,1.986865,1.458853,2.514877,1,1.056023,1.056023
7,36,0.010000,1.888179,1.678518,1.150506,2.206530,1,1.056023,1.056023
7,38,0.010000,1.966189,1.477607,0.949596,2.005619,1,1.056023,1.056023
7,42,0.010000,2.288964,2.259508,1.731496,2.787519,1,1.056023,1.056023
7,57,0.010000,1.975432,1.817435,1.289423,2.345446,1,1.056023,1.056023
7,58,0.010000,2.211227,2.652961,2.124949,3.180972,1,1.056023,1.056023
8,5,0.500000,2.328645,2.271454,2.184183,2.358724,1,0.174541,0.174541
8,9,0.500000,0.450249,0.513204,0.425934,0.600475,1,0.174541,0.174541
8,14,0.500000,1.844601,1.858546,1.771276,1.945817,1,0.174541,0.174541
8,17,0.500000,2.221023,2.078507,1.991236,2.165777,0,0.174541,0.395523
8,25,0.500000,2.817764,2.476795,2.389525,2.564066,0,0.174541,1.189333
8,28,0.500000,2.465532,2.303922,2.216651,2.391192,0,0.174541,0.471898
8,30,0.500000,1.832062,1.918438,1.831168,2.005709,1,0.174541,0.174541
8,33,0.500000,2.339888,2.403498,2.316227,2.490768,1,0.174541,0.174541
8,41,0.500000,2.037068,2.251072,2.163801,2.338342,0,0.174541,0.681476
8,51,0.500000,1.669038,1.698263,1.610992,1.785533,1,0.174541,0.174541
8,52,0.500000,1.466126,1.704235,1.616965,1.791506,0,0.174541,0.777896
8,54,0.500000,0.404834,0.691623,0.604352,0.778893,0,0.174541,0.972615
8,5,0.400000,2.328645,2.271454,2.151278,2.391630,1,0.240352,0.240352
8,9,0.400000,0.450249,0.513204,0.393028,0.633381,1,0.240352,0.240352
8,14,0.400000,1.844601,1.858546,1.738370,1.978722,1,0.240352,0.240352
8,17,0.400000,2.221023,2.078507,1.958330,2.198683,0,0.240352,0.352052
8,25,0.400000,2.817764,2.476795,2.356619,2.596971,0,0.240352,1.344313
8,28,0.400000,2.465532,2.303922,2.183745,2.424098,0,0.240352,0.447521
8,30,0.400000,1.832062,1.918438,1.798262,2.038615,1,0.240352,0.240352
8,33,0.400000,2.339888,2.403498,2.283321,2.523674,1,0.240352,0.240352
8,41,0.400000,2.037068,2.251072,2.130896,2.371248,0,0.240352,0.709492
8,51,0.400000,1.669038,1.698263,1.578086,1.818439,1,0.240352,0.240352
8,52,0.400000,1.466126,1.704235,1.584059,1.824411,0,0.240352,0.830017
8,54,0.400000,0.404834,0.691623,0.571446,0.811799,0,0.240352,1.073416
8,5,0.300000,2.328645,2.271454,2.117407,2.425500,1,0.308093,0.308093
8,9,0.300000,0.450249,0.513204,0.359158,0.667251,1,0.308093,0.308093
8,14,0.300000,1.844601,1.858546,1.704499,2.012593,1,0.308093,0.308093
8,17,0.300000,2.221023,2.078507,1.924460,2.232553,1,0.308093,0.308093
8,25,0.300000,2.817764,2.476795,2.322749,2.630842,0,0.308093,1.554239
8,28,0.300000,2.465532,2.303922,2.149875,2.457968,0,0.308093,0.358515
8,30,0.300000,1.832062,1.918438,1.764392,2.072485,1,0.308093,0.308093
8,33,0.300000,2.339888,2.403498,2.249451,2.557544,1,0.308093,0.308093
8,41,0.300000,2.037068,2.251072,2.097025,2.405118,0,0.308093,0.707810
8,51,0.300000,1.669038,1.698263,1.544216,1.852309,1,0.308093,0.308093
8,52,0.300000,1.466126,1.704235,1.550189,1.858282,0,0.308093,0.868511
8,54,0.300000,0.404834,0.691623,0.537576,0.845669,0,0.308093,1.193042
8,5,0.200000,2.328645,2.271454,2.066874,2.476034,1,0.409160,0.409160
8,9,0.200000,0.450249,0.513204,0.308624,0.717785,1,0.409160,0.409160
8,14,0.200000,1.844601,1.858546,1.653966,2.063126,1,0.409160,0.409160
8,17,0.200000,2.221023,2.078507,1.873927,2.283087,1,0.409160,0.409160
8,25,0.200000,2.817764,2.476795,2.272215,2.681375,0,0.409160,1.773043
8,28,0.200000,2.465532,2.303922,2.099342,2.508502,1,0.409160,0.409160
8,30,0.200000,1.832062,1.918438,1.713858,2.123019,1,0.409160,0.409160
8,33,0.200000,2.339888,2.403498,2.198918,2.608078,1,0.409160,0.409160
8,41,0.200000,2.037068,2.251072,2.046492,2.455652,0,0.409160,0.503401
8,51,0.200000,1.669038,1.698263,1.493683,1.902843,1,0.409160,0.409160
8,52,0.200000,1.466126,1.704235,1.499655,1.908815,0,0.409160,0.744451
8,54,0.200000,0.404834,0.691623,0.487042,0.896203,0,0.409160,1.231248
8,5,0.150000,2.328645,2.271454,2.018706,2.524202,1,0.505495,0.505495
8,9,0.150000,0.450249,0.513204,0.260457,0.765952,1,0.505495,0.505495
8,14,0.150000,1.844601,1.858546,1.605798,2.111294,1,0.505495,0.505495
8,17,0.150000,2.221023,2.078507,1.825759,2.331254,1,0.505495,0.505495
8,25,0.150000,2.817764,2.476795,2.224047,2.729543,0,0.505495,1.681771
8,28,0.150000,2.465532,2.303922,2.051174,2.556669,1,0.505495,0.505495
8,30,0.150000,1.832062,1.918438,1.665691,2.171186,1,0.505495,0.505495
8,33,0.150000,2.339888,2.403498,2.150750,2.656245,1,0.505495,0.505495
8,41,0.150000,2.037068,2.251072,1.998324,2.503820,1,0.505495,0.505495
8,51,0.150000,1.669038,1.698263,1.445515,1.951010,1,0.505495,0.505495
8,52,0.150000,1.466126,1.704235,1.451487,1.956983,1,0.505495,0.505495
8,54,0.150000,0.404834,0.691623,0.438875,0.944370,0,0.505495,0.959378
8,5,0.100000,2.328645,2.271454,1.983723,2.559185,1,0.575463,0.575463
8,9,0.100000,0.450249,0.513204,0.225473,0.800936,1,0.575463,0.575463
8,14,0.100000,1.844601,1.858546,1.570815,2.146277,1,0.575463,0.575463
8,17,0.100000,2.221023,2.078507,1.790775,2.366238,1,0.575463,0.575463
8,25,0.100000,2.817764,2.476795,2.189064,2.764526,0,0.575463,1.640206
8,28,0.100000,2.465532,2.303922,2.016190,2.591653,1,0.575463,0.575463
8,30,0.100000,1.832062,1.918438,1.630707,2.206170,1,0.575463,0.575463
8,33,0.100000,2.339888,2.403498,2.115766,2.691229,1,0.575463,0.575463
8,41,0.100000,2.037068,2.251072,1.963341,2.538803,1,0.575463,0.575463
8,51,0.100000,1.669038,1.698263,1.410531,1.985994,1,0.575463,0.575463
8,52,0.100000,1.466126,1.704235,1.416504,1.991966,1,0.575463,0.575463
8,54,0.100000,0.404834,0.691623,0.403891,0.979354,1,0.575463,0.575463
8,5,0.050000,2.328645,2.271454,1.903622,2.639286,1,0.735663,0.735663
8,9,0.050000,0.450249,0.513204,0.145373,0.881036,1,0.735663,0.735663
8,14,0.050000,1.844601,1.858546,1.490714,2.226378,1,0.735663,0.735663
8,17,0.050000,2.221023,2.078507,1.710675,2.446338,1,0.735663,0.735663
8,25,0.050000,2.817764,2.476795,2.108963,2.844627,1,0.735663,0.735663
8,28,0.050000,2.465532,2.303922,1.936090,2.671753,1,0.735663,0.735663
8,30,0.050000,1.832062,1.918438,1.550607,2.286270,1,0.735663,0.735663
8,33,0.050000,2.339888,2.403498,2.035666,2.771329,1,0.735663,0.735663
8,41,0.050000,2.037068,2.251072,1.883240,2.618904,1,0.735663,0.735663
8,51,0.050000,1.669038,1.698263,1.330431,2.066094,1,0.735663,0.735663
8,52,0.050000,1.466126,1.704235,1.336403,2.072067,1,0.735663,0.735663
8,54,0.050000,0.404834,0.691623,0.323791,1.059454,1,0.735663,0.735663
8,5,0.010000,2.328645,2.271454,1.651569,2.891339,1,1.239770,1.239770
8,9,0.010000,0.450249,0.513204,-0.106680,1.133089,1,1.239770,1.239770
8,14,0.010000,1.844601,1.858546,1.238661,2.478431,1,1.239770,1.239770
8,17,0.010000,2.221023,2.078507,1.458622,2.698392,1,1.239770,1.239770
8,25,0.010000,2.817764,2.476795,1.856910,3.096680,1,1.239770,1.239770
8,28,0.010000,2.465532,2.303922,1.684037,2.923807,1,1.239770,1.239770
8,30,0.010000,1.832062,1.918438,1.298554,2.538323,1,1.239770,1.239770
8,33,0.010000,2.339888,2.403498,1.783613,3.023383,1,1.239770,1.239770
8,41,0.010000,2.037068,2.251072,1.631187,2.870957,1,1.239770,1.239770
8,51,0.010000,1.669038,1.698263,1.078378,2.318148,1,1.239770,1.239770
8,52,0.010000,1.466126,1.704235,1.084350,2.324120,1,1.239770,1.239770
8,54,0.010000,0.404834,0.691623,0.071738,1.311507,1,1.239770,1.239770
9,1,0.500000,1.028571,1.034819,0.923358,1.146280,1,0.222922,0.222922
9,3,0.500000,0.447158,0.515391,0.403930,0.626852,1,0.222922,0.222922
9,6,0.500000,1.769451,1.595561,1.484100,1.707022,0,0.222922,0.472639
9,7,0.500000,0.915927,0.884917,0.773456,0.996378,1,0.222922,0.222922
9,13,0.500000,1.090611,0.844885,0.733424,0.956346,0,0.222922,0.759981
9,16,0.500000,1.821841,1.427745,1.316284,1.539206,0,0.222922,1.353462
9,34,0.500000,1.905256,1.928157,1.816696,2.039618,1,0.222922,0.222922
9,35,0.500000,2.703584,2.755571,2.644110,2.867033,1,0.222922,0.222922
9,39,0.500000,1.950170,1.920184,1.808723,2.031645,1,0.222922,0.222922
9,43,0.500000,0.914343,1.038275,0.926814,1.149736,0,0.222922,0.272805
9,46,0.500000,2.133762,1.990658,1.879197,2.102119,0,0.222922,0.349495
9,49,0.500000,1.460748,1.350443,1.238982,1.461904,1,0.222922,0.222922
9,1,0.400000,1.028571,1.034819,0.881586,1.188053,1,0.306467,0.306467
9,3,0.400000,0.447158,0.515391,0.362158,0.668625,1,0.306467,0.306467
9,6,0.400000,1.769451,1.595561,1.442327,1.748794,0,0.306467,0.409751
9,7,0.400000,0.915927,0.884917,0.731684,1.038151,1,0.306467,0.306467
9,13,0.400000,1.090611,0.844885,0.691651,0.998118,0,0.306467,0.768929
9,16,0.400000,1.821841,1.427745,1.274511,1.580978,0,0.306467,1.510780
9,34,0.400000,1.905256,1.928157,1.774923,2.081390,1,0.306467,0.306467
9,35,0.400000,2.703584,2.755571,2.602338,2.908805,1,0.306467,0.306467
9,39,0.400000,1.950170,1.920184,1.766951,2.073418,1,0.306467,0.306467
9,43,0.400000,0.914343,1.038275,0.885041,1.191508,1,0.306467,0.306467
9,46,0.400000,2.133762,1.990658,1.837425,2.143892,1,0.306467,0.306467
9,49,0.400000,1.460748,1.350443,1.197210,1.503677,1,0.306467,0.306467
9,1,0.300000,1.028571,1.034819,0.842904,1.226735,1,0.383831,0.383831
9,3,0.300000,0.447158,0.515391,0.323476,0.707307,1,0.383831,0.383831
9,6,0.300000,1.769451,1.595561,1.403645,1.787476,1,0.383831,0.383831
9,7,0.300000,0.915927,0.884917,0.693002,1.076833,1,0.383831,0.383831
9,13,0.300000,1.090611,0.844885,0.652969,1.036800,0,0.383831,0.742567
9,16,0.300000,1.821841,1.427745,1.235829,1.619660,0,0.383831,1.731701
9,34,0.300000,1.905256,1.928157,1.736241,2.120072,1,0.383831,0.383831
9,35,0.300000,2.703584,2.755571,2.563656,2.947487,1,0.383831,0.383831
9,39,0.300000,1.950170,1.920184,1.728269,2.112100,1,0.383831,0.383831
9,43,0.300000,0.914343,1.038275,0.846359,1.230190,1,0.383831,0.383831
9,46,0.300000,2.133762,1.990658,1.798743,2.182574,1,0.383831,0.383831
9,49,0.300000,1.460748,1.350443,1.158528,1.542359,1,0.383831,0.383831
9,1,0.200000,1.028571,1.034819,0.816998,1.252641,1,0.435643,0.435643
9,3,0.200000,0.447158,0.515391,0.297570,0.733213,1,0.435643,0.435643
9,6,0.200000,1.769451,1.595561,1.377739,1.813382,1,0.435643,0.435643
9,7,0.200000,0.915927,0.884917,0.667096,1.102739,1,0.435643,0.435643
9,13,0.200000,1.090611,0.844885,0.627063,1.062706,0,0.435643,0.714686
9,16,0.200000,1.821841,1.427745,1.209923,1.645566,0,0.435643,2.198389
9,34,0.200000,1.905256,1.928157,1.710335,2.145978,1,0.435643,0.435643
9,35,0.200000,2.703584,2.755571,2.537750,2.973393,1,0.435643,0.435643
9,39,0.200000,1.950170,1.920184,1.702363,2.138006,1,0.435643,0.435643
9,43,0.200000,0.914343,1.038275,0.820453,1.256096,1,0.435643,0.435643
9,46,0.200000,2.133762,1.990658,1.772837,2.208480,1,0.435643,0.435643
9,49,0.200000,1.460748,1.350443,1.132622,1.568265,1,0.435643,0.435643
9,1,0.150000,1.028571,1.034819,0.786071,1.283567,1,0.497496,0.497496
9,3,0.150000,0.447158,0.515391,0.266643,0.764139,1,0.497496,0.497496
9,6,0.150000,1.769451,1.595561,1.346813,1.844309,1,0.497496,0.497496
9,7,0.150000,0.915927,0.884917,0.636169,1.133665,1,0.497496,0.497496
9,13,0.150000,1.090611,0.844885,0.596137,1.093633,1,0.497496,0.497496
9,16,0.150000,1.821841,1.427745,1.178997,1.676493,0,0.497496,2.435468
9,34,0.150000,1.905256,1.928157,1.679409,2.176905,1,0.497496,0.497496
9,35,0.150000,2.703584,2.755571,2.506823,3.004320,1,0.497496,0.497496
9,39,0.150000,1.950170,1.920184,1.671436,2.168932,1,0.497496,0.497496
9,43,0.150000,0.914343,1.038275,0.789527,1.287023,1,0.497496,0.497496
9,46,0.150000,2.133762,1.990658,1.741910,2.239406,1,0.497496,0.497496
9,49,0.150000,1.460748,1.350443,1.101695,1.599191,1,0.497496,0.497496
9,1,0.100000,1.028571,1.034819,0.716600,1.353039,1,0.636439,0.636439
9,3,0.100000,0.447158,0.515391,0.197172,0.833611,1,0.636439,0.636439
9,6,0.100000,1.769451,1.595561,1.277341,1.913781,1,0.636439,0.636439
9,7,0.100000,0.915927,0.884917,0.566698,1.203137,1,0.636439,0.636439
9,13,0.100000,1.090611,0.844885,0.526665,1.163104,1,0.636439,0.636439
9,16,0.100000,1.821841,1.427745,1.109525,1.745964,0,0.636439,2.153969
9,34,0.100000,1.905256,1.928157,1.609937,2.246376,1,0.636439,0.636439
9,35,0.100000,2.703584,2.755571,2.437352,3.073791,1,0.636439,0.636439
9,39,0.100000,1.950170,1.920184,1.601965,2.238404,1,0.636439,0.636439
9,43,0.100000,0.914343,1.038275,0.720055,1.356494,1,0.636439,0.636439
9,46,0.100000,2.133762,1.990658,1.672438,2.308878,1,0.636439,0.636439
9,49,0.100000,1.460748,1.350443,1.032224,1.668663,1,0.636439,0.636439
9,1,0.050000,1.028571,1.034819,0.529271,1.540367,1,1.011096,1.011096
9,3,0.050000,0.447158,0.515391,0.009843,1.020939,1,1.011096,1.011096
9,6,0.050000,1.769451,1.595561,1.090013,2.101109,1,1.011096,1.011096
9,7,0.050000,0.915927,0.884917,0.379369,1.390465,1,1.011096,1.011096
9,13,0.050000,1.090611,0.844885,0.339337,1.350433,1,1.011096,1.011096
9,16,0.050000,1.821841,1.427745,0.922197,1.933293,1,1.011096,1.011096
9,34,0.050000,1.905256,1.928157,1.422609,2.433705,1,1.011096,1.011096
9,35,0.050000,2.703584,2.755571,2.250024,3.261119,1,1.011096,1.011096
9,39,0.050000,1.950170,1.920184,1.414636,2.425732,1,1.011096,1.011096
9,43,0.050000,0.914343,1.038275,0.532727,1.543823,1,1.011096,1.011096
9,46,0.050000,2.133762,1.990658,1.485110,2.496206,1,1.011096,1.011096
9,49,0.050000,1.460748,1.350443,0.844895,1.855991,1,1.011096,1.011096
9,1,0.010000,1.028571,1.034819,0.467348,1.602290,1,1.134943,1.134943
9,3,0.010000,0.447158,0.515391,-0.052080,1.082863,1,1.134943,1.134943
9,6,0.010000,1.769451,1.595561,1.028090,2.163032,1,1.134943,1.134943
9,7,0.010000,0.915927,0.884917,0.317446,1.452388,1,1.134943,1.134943
9,13,0.010000,1.090611,0.844885,0.277414,1.412356,1,1.134943,1.134943
9,16,0.010000,1.821841,1.427745,0.860274,1.995216,1,1.134943,1.134943
9,34,0.010000,1.905256,1.928157,1.360686,2.495628,1,1.134943,1.134943
9,35,0.010000,2.703584,2.755571,2.188100,3.323043,1,1.134943,1.134943
9,39,0.010000,1.950170,1.920184,1.352713,2.487655,1,1.134943,1.134943
9,43,0.010000,0.914343,1.038275,0.470804,1.605746,1,1.134943,1.134943
9,46,0.010000,2.133762,1.990658,1.423187,2.558129,1,1.134943,1.134943
9,49,0.010000,1.460748,1.350443,0.782972,1.917915,1,1.134943,1.134943
10,1,0.500000,1.028571,1.015725,0.890631,1.140819,1,0.250188,0.250188
10,5,0.500000,2.328645,2.330431,2.205337,2.455525,1,0.250188,0.250188
10,17,0.500000,2.221023,2.115914,1.990820,2.241008,1,0.250188,0.250188
10,20,0.500000,0.802774,0.914996,0.789902,1.040091,1,0.250188,0.250188
10,31,0.500000,1.869935,2.062611,1.937517,2.187705,0,0.250188,0.520515
10,37,0.500000,2.177536,2.178500,2.053406,2.303594,1,0.250188,0.250188
10,45,0.500000,0.641474,0.854408,0.729314,0.979502,0,0.250188,0.601548
10,49,0.500000,1.460748,1.338710,1.213615,1.463804,1,0.250188,0.250188
10,53,0.500000,0.798651,0.686218,0.561124,0.811312,1,0.250188,0.250188
10,54,0.500000,0.404834,0.675969,0.550875,0.801063,0,0.250188,0.834352
10,55,0.500000,0.899821,0.743095,0.618001,0.868189,0,0.250188,0.376713
10,58,0.500000,2.211227,2.710517,2.585423,2.835611,0,0.250188,1.746970
10,1,0.400000,1.028571,1.015725,0.858011,1.173440,1,0.315429,0.315429
10,5,0.400000,2.328645,2.330431,2.172716,2.488146,1,0.315429,0.315429
10,17,0.400000,2.221023,2.115914,1.958200,2.273629,1,0.315429,0.315429
10,20,0.400000,0.802774,0.914996,0.757282,1.072711,1,0.315429,0.315429
10,31,0.400000,1.869935,2.062611,1.904897,2.220326,0,0.315429,0.490236
10,37,0.400000,2.177536,2.178500,2.020785,2.336215,1,0.315429,0.315429
10,45,0.400000,0.641474,0.854408,0.696693,1.012123,0,0.315429,0.591526
10,49,0.400000,1.460748,1.338710,1.180995,1.496424,1,0.315429,0.315429
10,53,0.400000,0.798651,0.686218,0.528504,0.843933,1,0.315429,0.315429
10,54,0.400000,0.404834,0.675969,0.518254,0.833683,0,0.315429,0.882531
10,55,0.400000,0.899821,0.743095,0.585381,0.900810,1,0.315429,0.315429
10,58,0.400000,2.211227,2.710517,2.552802,2.868232,0,0.315429,2.023304
10,1,0.300000,1.028571,1.015725,0.812363,1.219087,1,0.406724,0.406724
10,5,0.300000,2.328645,2.330431,2.127069,2.533793,1,0.406724,0.406724
10,17,0.300000,2.221023,2.115914,1.912552,2.319276,1,0.406724,0.406724
10,20,0.300000,0.802774,0.914996,0.711634,1.118359,1,0.406724,0.406724
10,31,0.300000,1.869935,2.062611,1.859249,2.265973,1,0.406724,0.406724
10,37,0.300000,2.177536,2.178500,1.975138,2.381862,1,0.406724,0.406724
10,45,0.300000,0.641474,0.854408,0.651046,1.057770,0,0.406724,0.470537
10,49,0.300000,1.460748,1.338710,1.135348,1.542072,1,0.406724,0.406724
10,53,0.300000,0.798651,0.686218,0.482856,0.889580,1,0.406724,0.406724
10,54,0.300000,0.404834,0.675969,0.472607,0.879331,0,0.406724,0.858544
10,55,0.300000,0.899821,0.743095,0.539733,0.946457,1,0.406724,0.406724
10,58,0.300000,2.211227,2.710517,2.507155,2.913879,0,0.406724,2.379574
10,1,0.200000,1.028571,1.015725,0.776364,1.255086,1,0.478722,0.478722
10,5,0.200000,2.328645,2.330431,2.091070,2.569792,1,0.478722,0.478722
10,17,0.200000,2.221023,2.115914,1.876553,2.355276,1,0.478722,0.478722
10,20,0.200000,0.802774,0.914996,0.675635,1.154358,1,0.478722,0.478722
10,31,0.200000,1.869935,2.062611,1.823250,2.301973,1,0.478722,0.478722
10,37,0.200000,2.177536,2.178500,1.939139,2.417861,1,0.478722,0.478722
10,45,0.200000,0.641474,0.854408,0.615047,1.093769,1,0.478722,0.478722
10,49,0.200000,1.460748,1.338710,1.099348,1.578071,1,0.478722,0.478722
10,53,0.200000,0.798651,0.686218,0.446857,0.925579,1,0.478722,0.478722
10,54,0.200000,0.404834,0.675969,0.436608,0.915330,0,0.478722,0.796461
10,55,0.200000,0.899821,0.743095,0.503734,0.982456,1,0.478722,0.478722
10,58,0.200000,2.211227,2.710517,2.471156,2.949878,0,0.478722,3.078006
10,1,0.150000,1.028571,1.015725,0.758762,1.272688,1,0.513926,0.513926
10,5,0.150000,2.328645,2.330431,2.073468,2.587394,1,0.513926,0.513926
10,17,0.150000,2.221023,2.115914,1.858951,2.372877,1,0.513926,0.513926
10,20,0.150000,0.802774,0.914996,0.658033,1.171959,1,0.513926,0.513926
10,31,0.150000,1.869935,2.062611,1.805648,2.319574,1,0.513926,0.513926
10,37,0.150000,2.177536,2.178500,1.921537,2.435463,1,0.513926,0.513926
10,45,0.150000,0.641474,0.854408,0.597445,1.111371,1,0.513926,0.513926
10,49,0.150000,1.460748,1.338710,1.081747,1.595673,1,0.513926,0.513926
10,53,0.150000,0.798651,0.686218,0.429255,0.943181,1,0.513926,0.513926
10,54,0.150000,0.404834,0.675969,0.419006,0.932932,0,0.513926,0.702886
10,55,0.150000,0.899821,0.743095,0.486132,1.000058,1,0.513926,0.513926
10,58,0.150000,2.211227,2.710517,2.453554,2.967480,0,0.513926,3.744946
10,1,0.100000,1.028571,1.015725,0.705361,1.326090,1,0.620729,0.620729
10,5,0.100000,2.328645,2.330431,2.020066,2.640796,1,0.620729,0.620729
10,17,0.100000,2.221023,2.115914,1.805550,2.426279,1,0.620729,0.620729
10,20,0.100000,0.802774,0.914996,0.604632,1.225361,1,0.620729,0.620729
10,31,0.100000,1.869935,2.062611,1.752247,2.372976,1,0.620729,0.620729
10,37,0.100000,2.177536,2.178500,1.868135,2.488864,1,0.620729,0.620729
10,45,0.100000,0.641474,0.854408,0.544044,1.164773,1,0.620729,0.620729
10,49,0.100000,1.460748,1.338710,1.028345,1.649074,1,0.620729,0.620729
10,53,0.100000,0.798651,0.686218,0.375854,0.996583,1,0.620729,0.620729
10,54,0.100000,0.404834,0.675969,0.365604,0.986333,1,0.620729,0.620729
10,55,0.100000,0.899821,0.743095,0.432731,1.053460,1,0.620729,0.620729
10,58,0.100000,2.211227,2.710517,2.400152,3.020881,0,0.620729,4.399229
10,1,0.050000,1.028571,1.015725,0.615884,1.415566,1,0.799682,0.799682
10,5,0.050000,2.328645,2.330431,1.930590,2.730272,1,0.799682,0.799682
10,17,0.050000,2.221023,2.115914,1.716073,2.515755,1,0.799682,0.799682
10,20,0.050000,0.802774,0.914996,0.515156,1.314837,1,0.799682,0.799682
10,31,0.050000,1.869935,2.062611,1.662770,2.462452,1,0.799682,0.799682
10,37,0.050000,2.177536,2.178500,1.778659,2.578341,1,0.799682,0.799682
10,45,0.050000,0.641474,0.854408,0.454567,1.254249,1,0.799682,0.799682
10,49,0.050000,1.460748,1.338710,0.938869,1.738550,1,0.799682,0.799682
10,53,0.050000,0.798651,0.686218,0.286377,1.086059,1,0.799682,0.799682
10,54,0.050000,0.404834,0.675969,0.276128,1.075810,1,0.799682,0.799682
10,55,0.050000,0.899821,0.743095,0.343254,1.142936,1,0.799682,0.799682
10,58,0.050000,2.211227,2.710517,2.310676,3.110358,0,0.799682,4.777629
10,1,0.010000,1.028571,1.015725,0.524390,1.507061,1,0.982671,0.982671
10,5,0.010000,2.328645,2.330431,1.839096,2.821766,1,0.982671,0.982671
10,17,0.010000,2.221023,2.115914,1.624579,2.607250,1,0.982671,0.982671
10,20,0.010000,0.802774,0.914996,0.423661,1.406332,1,0.982671,0.982671
10,31,0.010000,1.869935,2.062611,1.571276,2.553947,1,0.982671,0.982671
10,37,0.010000,2.177536,2.178500,1.687165,2.669835,1,0.982671,0.982671
10,45,0.010000,0.641474,0.854408,0.363073,1.345743,1,0.982671,0.982671
10,49,0.010000,1.460748,1.338710,0.847374,1.830045,1,0.982671,0.982671
10,53,0.010000,0.798651,0.686218,0.194883,1.177554,1,0.982671,0.982671
10,54,0.010000,0.404834,0.675969,0.184633,1.167304,1,0.982671,0.982671
10,55,0.010000,0.899821,0.743095,0.251760,1.234431,1,0.982671,0.982671
10,58,0.010000,2.211227,2.710517,2.219182,3.201852,0,0.982671,2.573503
11,3,0.500000,0.447158,0.514529,0.402430,0.626629,1,0.224199,0.224199
11,10,0.500000,1.814447,1.974045,1.861945,2.086144,0,0.224199,0.414190
11,15,0.500000,1.258158,1.249323,1.137223,1.361422,1,0.224199,0.224199
11,16,0.500000,1.821841,1.482755,1.370656,1.594855,0,0.224199,1.132144
11,19,0.500000,2.018617,2.006907,1.894807,2.119007,1,0.224199,0.224199
11,24,0.500000,0.673021,0.781172,0.669072,0.893271,1,0.224199,0.224199
11,28,0.500000,2.465532,2.314646,2.202546,2.426745,0,0.224199,0.379344
11,29,0.500000,1.711132,1.793247,1.681148,1.905347,1,0.224199,0.224199
11,35,0.500000,2.703584,2.771644,2.659545,2.883744,1,0.224199,0.224199
11,44,0.500000,1.184691,1.164007,1.051908,1.276107,1,0.224199,0.224199
11,50,0.500000,1.212188,1.368614,1.256515,1.480714,0,0.224199,0.401508
11,52,0.500000,1.466126,1.660448,1.548349,1.772548,0,0.224199,0.553091
11,3,0.400000,0.447158,0.514529,0.389099,0.639960,1,0.250861,0.250861
11,10,0.400000,1.814447,1.974045,1.848614,2.099475,0,0.250861,0.421696
11,15,0.400000,1.258158,1.249323,1.123892,1.374753,1,0.250861,0.250861
11,16,0.400000,1.821841,1.482755,1.357325,1.608186,0,0.250861,1.319137
11,19,0.400000,2.018617,2.006907,1.881477,2.132337,1,0.250861,0.250861
11,24,0.400000,0.673021,0.781172,0.655741,0.906602,1,0.250861,0.250861
11,28,0.400000,2.465532,2.314646,2.189215,2.440076,0,0.250861,0.378138
11,29,0.400000,1.711132,1.793247,1.667817,1.918678,1,0.250861,0.250861
11,35,0.400000,2.703584,2.771644,2.646214,2.897075,1,0.250861,0.250861
11,44,0.400000,1.184691,1.164007,1.038577,1.289438,1,0.250861,0.250861
11,50,0.400000,1.212188,1.368614,1.243184,1.494045,0,0.250861,0.405843
11,52,0.400000,1.466126,1.660448,1.535018,1.785879,0,0.250861,0.595322
11,3,0.300000,0.447158,0.514529,0.345897,0.683162,1,0.337265,0.337265
11,10,0.300000,1.814447,1.974045,1.805413,2.142677,1,0.337265,0.337265
11,15,0.300000,1.258158,1.249323,1.080690,1.417955,1,0.337265,0.337265
11,16,0.300000,1.821841,1.482755,1.314123,1.651387,0,0.337265,1.473621
11,19,0.300000,2.018617,2.006907,1.838275,2.175539,1,0.337265,0.337265
11,24,0.300000,0.673021,0.781172,0.612539,0.949804,1,0.337265,0.337265
11,28,0.300000,2.465532,2.314646,2.146013,2.483278,1,0.337265,0.337265
11,29,0.300000,1.711132,1.793247,1.624615,1.961880,1,0.337265,0.337265
11,35,0.300000,2.703584,2.771644,2.603012,2.940276,1,0.337265,0.337265
11,44,0.300000,1.184691,1.164007,0.995375,1.332640,1,0.337265,0.337265
11,50,0.300000,1.212188,1.368614,1.199982,1.537247,1,0.337265,0.337265
11,52,0.300000,1.466126,1.660448,1.491816,1.829081,0,0.337265,0.508533
11,3,0.200000,0.447158,0.514529,0.252883,0.776175,1,0.523292,0.523292
11,10,0.200000,1.814447,1.974045,1.712399,2.235691,1,0.523292,0.523292
11,15,0.200000,1.258158,1.249323,0.987677,1.510968,1,0.523292,0.523292
11,16,0.200000,1.821841,1.482755,1.221109,1.744401,0,0.523292,1.297690
11,19,0.200000,2.018617,2.006907,1.745261,2.268553,1,0.523292,0.523292
11,24,0.200000,0.673021,0.781172,0.519526,1.042818,1,0.523292,0.523292
11,28,0.200000,2.465532,2.314646,2.053000,2.576292,1,0.523292,0.523292
11,29,0.200000,1.711132,1.793247,1.531602,2.054893,1,0.523292,0.523292
11,35,0.200000,2.703584,2.771644,2.509998,3.033290,1,0.523292,0.523292
11,44,0.200000,1.184691,1.164007,0.902361,1.425653,1,0.523292,0.523292
11,50,0.200000,1.212188,1.368614,1.106968,1.630260,1,0.523292,0.523292
11,52,0.200000,1.466126,1.660448,1.398802,1.922094,1,0.523292,0.523292
11,3,0.150000,0.447158,0.514529,0.235369,0.793689,1,0.558320,0.558320
11,10,0.150000,1.814447,1.974045,1.694885,2.253205,1,0.558320,0.558320
11,15,0.150000,1.258158,1.249323,0.970163,1.528482,1,0.558320,0.558320
11,16,0.150000,1.821841,1.482755,1.203595,1.761915,0,0.558320,1.357332
11,19,0.150000,2.018617,2.006907,1.727747,2.286067,1,0.558320,0.558320
11,24,0.150000,0.673021,0.781172,0.502012,1.060331,1,0.558320,0.558320
11,28,0.150000,2.465532,2.314646,2.035486,2.593806,1,0.558320,0.558320
11,29,0.150000,1.711132,1.793247,1.514088,2.072407,1,0.558320,0.558320
11,35,0.150000,2.703584,2.771644,2.492484,3.050804,1,0.558320,0.558320
11,44,0.150000,1.184691,1.164007,0.884848,1.443167,1,0.558320,0.558320
11,50,0.150000,1.212188,1.368614,1.089455,1.647774,1,0.558320,0.558320
11,52,0.150000,1.466126,1.660448,1.381289,1.939608,1,0.558320,0.558320
11,3,0.100000,0.447158,0.514529,0.100550,0.928508,1,0.827958,0.827958
11,10,0.100000,1.814447,1.974045,1.560066,2.388024,1,0.827958,0.827958
11,15,0.100000,1.258158,1.249323,0.835343,1.663302,1,0.827958,0.827958
11,16,0.100000,1.821841,1.482755,1.068776,1.896734,1,0.827958,0.827958
11,19,0.100000,2.018617,2.006907,1.592928,2.420886,1,0.827958,0.827958
11,24,0.100000,0.673021,0.781172,0.367192,1.195151,1,0.827958,0.827958
11,28,0.100000,2.465532,2.314646,1.900667,2.728625,1,0.827958,0.827958
11,29,0.100000,1.711132,1.793247,1.379268,2.207227,1,0.827958,0.827958
11,35,0.100000,2.703584,2.771644,2.357665,3.185623,1,0.827958,0.827958
11,44,0.100000,1.184691,1.164007,0.750028,1.577987,1,0.827958,0.827958
11,50,0.100000,1.212188,1.368614,0.954635,1.782594,1,0.827958,0.827958
11,52,0.100000,1.466126,1.660448,1.246469,2.074428,1,0.827958,0.827958
11,3,0.050000,0.447158,0.514529,0.023598,1.005460,1,0.981862,0.981862
11,10,0.050000,1.814447,1.974045,1.483114,2.464976,1,0.981862,0.981862
11,15,0.050000,1.258158,1.249323,0.758392,1.740253,1,0.981862,0.981862
11,16,0.050000,1.821841,1.482755,0.991824,1.973686,1,0.981862,0.981862
11,19,0.050000,2.018617,2.006907,1.515976,2.497838,1,0.981862,0.981862
11,24,0.050000,0.673021,0.781172,0.290241,1.272103,1,0.981862,0.981862
11,28,0.050000,2.465532,2.314646,1.823715,2.805577,1,0.981862,0.981862
11,29,0.050000,1.711132,1.793247,1.302317,2.284178,1,0.981862,0.981862
11,35,0.050000,2.703584,2.771644,2.280713,3.262575,1,0.981862,0.981862
11,44,0.050000,1.184691,1.164007,0.673077,1.654938,1,0.981862,0.981862
11,50,0.050000,1.212188,1.368614,0.877684,1.859545,1,0.981862,0.981862
11,52,0.050000,1.466126,1.660448,1.169518,2.151379,1,0.981862,0.981862
11,3,0.010000,0.447158,0.514529,0.000465,1.028593,1,1.028128,1.028128
11,10,0.010000,1.814447,1.974045,1.459981,2.488109,1,1.028128,1.028128
11,15,0.010000,1.258158,1.249323,0.735258,1.763387,1,1.028128,1.028128
11,16,0.010000,1.821841,1.482755,0.968691,1.996819,1,1.028128,1.028128
11,19,0.010000,2.018617,2.006907,1.492843,2.520971,1,1.028128,1.028128
11,24,0.010000,0.673021,0.781172,0.267108,1.295236,1,1.028128,1.028128
11,28,0.010000,2.465532,2.314646,1.800582,2.828710,1,1.028128,1.028128
11,29,0.010000,1.711132,1.793247,1.279183,2.307312,1,1.028128,1.028128
11,35,0.010000,2.703584,2.771644,2.257580,3.285708,1,1.028128,1.028128
11,44,0.010000,1.184691,1.164007,0.649943,1.678072,1,1.028128,1.028128
11,50,0.010000,1.212188,1.368614,0.854550,1.882679,1,1.028128,1.028128
11,52,0.010000,1.466126,1.660448,1.146384,2.174513,1,1.028128,1.028128
12,4,0.500000,2.455439,2.418921,2.303528,2.534315,1,0.230788,0.230788
12,9,0.500000,0.450249,0.465872,0.350479,0.581266,1,0.230788,0.230788
12,12,0.500000,2.903090,2.515738,2.400344,2.631132,0,0.230788,1.318620
12,14,0.500000,1.844601,1.885488,1.770094,2.000882,1,0.230788,0.230788
12,18,0.500000,0.932474,1.405486,1.290092,1.520880,0,0.230788,1.661261
12,25,0.500000,2.817764,2.421307,2.305913,2.536700,0,0.230788,1.355040
12,30,0.500000,1.832062,1.851752,1.736358,1.967146,1,0.230788,0.230788
12,38,0.500000,1.966189,1.529750,1.414356,1.645143,0,0.230788,1.514969
12,46,0.500000,2.133762,1.997102,1.881708,2.112496,0,0.230788,0.315854
12,56,0.500000,1.193125,1.165833,1.050439,1.281227,1,0.230788,0.230788
12,57,0.500000,1.975432,1.851719,1.736326,1.967113,0,0.230788,0.264062
12,59,0.500000,2.494057,2.412745,2.297351,2.528139,1,0.230788,0.230788
12,4,0.400000,2.455439,2.418921,2.272018,2.565825,1,0.293808,0.293808
12,9,0.400000,0.450249,0.465872,0.318969,0.612776,1,0.293808,0.293808
12,12,0.400000,2.903090,2.515738,2.368834,2.662642,0,0.293808,1.496048
12,14,0.400000,1.844601,1.885488,1.738584,2.032392,1,0.293808,0.293808
12,18,0.400000,0.932474,1.405486,1.258582,1.552390,0,0.293808,1.924349
12,25,0.400000,2.817764,2.421307,2.274403,2.568211,0,0.293808,1.541573
12,30,0.400000,1.832062,1.851752,1.704848,1.998656,1,0.293808,0.293808
12,38,0.400000,1.966189,1.529750,1.382846,1.676654,0,0.293808,1.741484
12,46,0.400000,2.133762,1.997102,1.850198,2.144006,1,0.293808,0.293808
12,56,0.400000,1.193125,1.165833,1.018929,1.312737,1,0.293808,0.293808
12,57,0.400000,1.975432,1.851719,1.704815,1.998623,1,0.293808,0.293808
12,59,0.400000,2.494057,2.412745,2.265841,2.559649,1,0.293808,0.293808
12,4,0.300000,2.455439,2.418921,2.247856,2.589987,1,0.342130,0.342130
12,9,0.300000,0.450249,0.465872,0.294807,0.636938,1,0.342130,0.342130
12,12,0.300000,2.903090,2.515738,2.344673,2.686803,0,0.342130,1.784042
12,14,0.300000,1.844601,1.885488,1.714423,2.056553,1,0.342130,0.342130
12,18,0.300000,0.932474,1.405486,1.234421,1.576551,0,0.342130,2.355110
12,25,0.300000,2.817764,2.421307,2.250241,2.592372,0,0.342130,1.844742
12,30,0.300000,1.832062,1.851752,1.680687,2.022817,1,0.342130,0.342130
12,38,0.300000,1.966189,1.529750,1.358684,1.700815,0,0.342130,2.111289
12,46,0.300000,2.133762,1.997102,1.826037,2.168167,1,0.342130,0.342130
12,56,0.300000,1.193125,1.165833,0.994768,1.336898,1,0.342130,0.342130
12,57,0.300000,1.975432,1.851719,1.680654,2.022785,1,0.342130,0.342130
12,59,0.300000,2.494057,2.412745,2.241680,2.583810,1,0.342130,0.342130
12,4,0.200000,2.455439,2.418921,2.230696,2.607147,1,0.376451,0.376451
12,9,0.200000,0.450249,0.465872,0.277647,0.654098,1,0.376451,0.376451
12,12,0.200000,2.903090,2.515738,2.327513,2.703963,0,0.376451,2.367717
12,14,0.200000,1.844601,1.885488,1.697262,2.073713,1,0.376451,0.376451
12,18,0.200000,0.932474,1.405486,1.217261,1.593711,0,0.376451,3.224318
12,25,0.200000,2.817764,2.421307,2.233081,2.609532,0,0.376451,2.458767
12,30,0.200000,1.832062,1.851752,1.663527,2.039978,1,0.376451,0.376451
12,38,0.200000,1.966189,1.529750,1.341524,1.717975,0,0.376451,2.858588
12,46,0.200000,2.133762,1.997102,1.808877,2.185327,1,0.376451,0.376451
12,56,0.200000,1.193125,1.165833,0.977607,1.354058,1,0.376451,0.376451
12,57,0.200000,1.975432,1.851719,1.663494,2.039945,1,0.376451,0.376451
12,59,0.200000,2.494057,2.412745,2.224520,2.600970,1,0.376451,0.376451
12,4,0.150000,2.455439,2.418921,2.196174,2.641669,1,0.445496,0.445496
12,9,0.150000,0.450249,0.465872,0.243125,0.688620,1,0.445496,0.445496
12,12,0.150000,2.903090,2.515738,2.292990,2.738486,0,0.445496,2.640218
12,14,0.150000,1.844601,1.885488,1.662740,2.108236,1,0.445496,0.445496
12,18,0.150000,0.932474,1.405486,1.182738,1.628234,0,0.445496,3.782353
12,25,0.150000,2.817764,2.421307,2.198559,2.644054,0,0.445496,2.761618
12,30,0.150000,1.832062,1.851752,1.629004,2.074500,1,0.445496,0.445496
12,38,0.150000,1.966189,1.529750,1.307002,1.752497,0,0.445496,3.294712
12,46,0.150000,2.133762,1.997102,1.774354,2.219850,1,0.445496,0.445496
12,56,0.150000,1.193125,1.165833,0.943085,1.388581,1,0.445496,0.445496
12,57,0.150000,1.975432,1.851719,1.628972,2.074467,1,0.445496,0.445496
12,59,0.150000,2.494057,2.412745,2.189997,2.635493,1,0.445496,0.445496
12,4,0.100000,2.455439,2.418921,2.123919,2.713924,1,0.590006,0.590006
12,9,0.100000,0.450249,0.465872,0.170870,0.760875,1,0.590006,0.590006
12,12,0.100000,2.903090,2.515738,2.220735,2.810741,0,0.590006,2.436987
12,14,0.100000,1.844601,1.885488,1.590485,2.180491,1,0.590006,0.590006
12,18,0.100000,0.932474,1.405486,1.110483,1.700489,0,0.590006,4.150189
12,25,0.100000,2.817764,2.421307,2.126304,2.716310,0,0.590006,2.619088
12,30,0.100000,1.832062,1.851752,1.556749,2.146755,1,0.590006,0.590006
12,38,0.100000,1.966189,1.529750,1.234747,1.824753,0,0.590006,3.418728
12,46,0.100000,2.133762,1.997102,1.702099,2.292105,1,0.590006,0.590006
12,56,0.100000,1.193125,1.165833,0.870830,1.460836,1,0.590006,0.590006
12,57,0.100000,1.975432,1.851719,1.556716,2.146722,1,0.590006,0.590006
12,59,0.100000,2.494057,2.412745,2.117742,2.707748,1,0.590006,0.590006
12,4,0.050000,2.455439,2.418921,2.032343,2.805500,1,0.773157,0.773157
12,9,0.050000,0.450249,0.465872,0.079294,0.852451,1,0.773157,0.773157
12,12,0.050000,2.903090,2.515738,2.129159,2.902317,0,0.773157,0.804094
12,14,0.050000,1.844601,1.885488,1.498909,2.272066,1,0.773157,0.773157
12,18,0.050000,0.932474,1.405486,1.018907,1.792064,0,0.773157,4.230499
12,25,0.050000,2.817764,2.421307,2.034728,2.807885,0,0.773157,1.168296
12,30,0.050000,1.832062,1.851752,1.465174,2.238331,1,0.773157,0.773157
12,38,0.050000,1.966189,1.529750,1.143171,1.916328,0,0.773157,2.767577
12,46,0.050000,2.133762,1.997102,1.610523,2.383681,1,0.773157,0.773157
12,56,0.050000,1.193125,1.165833,0.779254,1.552411,1,0.773157,0.773157
12,57,0.050000,1.975432,1.851719,1.465141,2.238298,1,0.773157,0.773157
12,59,0.050000,2.494057,2.412745,2.026166,2.799324,1,0.773157,0.773157
12,4,0.010000,2.455439,2.418921,1.975644,2.862199,1,0.886556,0.886556
12,9,0.010000,0.450249,0.465872,0.022595,0.909150,1,0.886556,0.886556
12,12,0.010000,2.903090,2.515738,2.072460,2.959016,1,0.886556,0.886556
12,14,0.010000,1.844601,1.885488,1.442210,2.328766,1,0.886556,0.886556
12,18,0.010000,0.932474,1.405486,0.962208,1.848764,0,0.886556,6.833417
12,25,0.010000,2.817764,2.421307,1.978029,2.864584,1,0.886556,0.886556
12,30,0.010000,1.832062,1.851752,1.408474,2.295030,1,0.886556,0.886556
12,38,0.010000,1.966189,1.529750,1.086472,1.973027,1,0.886556,0.886556
12,46,0.010000,2.133762,1.997102,1.553824,2.440380,1,0.886556,0.886556
12,56,0.010000,1.193125,1.165833,0.722555,1.609111,1,0.886556,0.886556
12,57,0.010000,1.975432,1.851719,1.408442,2.294997,1,0.886556,0.886556
12,59,0.010000,2.494057,2.412745,1.969467,2.856023,1,0.886556,0.886556
13,0,0.500000,2.061113,2.100160,1.963117,2.237203,1,0.274086,0.274086
13,2,0.500000,0.792392,0.738479,0.601436,0.875522,1,0.274086,0.274086
13,13,0.500000,1.090611,0.863673,0.726630,1.000716,0,0.274086,0.633665
13,21,0.500000,0.727541,0.799240,0.662197,0.936283,1,0.274086,0.274086
13,26,0.500000,2.195346,1.964498,1.827455,2.101541,0,0.274086,0.649307
13,34,0.500000,1.905256,1.937891,1.800848,2.074934,1,0.274086,0.274086
13,39,0.500000,1.950170,1.945081,1.808039,2.082124,1,0.274086,0.274086
13,41,0.500000,2.037068,2.275418,2.138375,2.412461,0,0.274086,0.679316
13,42,0.500000,2.288964,2.283710,2.146667,2.420752,1,0.274086,0.274086
13,43,0.500000,0.914343,1.025392,0.888349,1.162435,1,0.274086,0.274086
13,48,0.500000,2.398044,2.316135,2.179092,2.453178,1,0.274086,0.274086
13,51,0.500000,1.669038,1.695492,1.558449,1.832535,1,0.274086,0.274086
13,0,0.400000,2.061113,2.100160,1.938347,2.261972,1,0.323625,0.323625
13,2,0.400000,0.792392,0.738479,0.576666,0.900292,1,0.323625,0.323625
13,13,0.400000,1.090611,0.863673,0.701861,1.025486,0,0.323625,0.649250
13,21,0.400000,0.727541,0.799240,0.637427,0.961052,1,0.323625,0.323625
13,26,0.400000,2.195346,1.964498,1.802685,2.126310,0,0.323625,0.668804
13,34,0.400000,1.905256,1.937891,1.776078,2.099703,1,0.323625,0.323625
13,39,0.400000,1.950170,1.945081,1.783269,2.106894,1,0.323625,0.323625
13,41,0.400000,2.037068,2.275418,2.113606,2.437231,0,0.323625,0.706315
13,42,0.400000,2.288964,2.283710,2.121897,2.445522,1,0.323625,0.323625
13,43,0.400000,0.914343,1.025392,0.863579,1.187204,1,0.323625,0.323625
13,48,0.400000,2.398044,2.316135,2.154322,2.477947,1,0.323625,0.323625
13,51,0.400000,1.669038,1.695492,1.533679,1.857304,1,0.323625,0.323625
13,0,0.300000,2.061113,2.100160,1.920646,2.279673,1,0.359027,0.359027
13,2,0.300000,0.792392,0.738479,0.558965,0.917993,1,0.359027,0.359027
13,13,0.300000,1.090611,0.863673,0.684160,1.043187,0,0.359027,0.675187
13,21,0.300000,0.727541,0.799240,0.619726,0.978753,1,0.359027,0.359027
13,26,0.300000,2.195346,1.964498,1.784984,2.144011,0,0.359027,0.701258
13,34,0.300000,1.905256,1.937891,1.758377,2.117404,1,0.359027,0.359027
13,39,0.300000,1.950170,1.945081,1.765568,2.124595,1,0.359027,0.359027
13,41,0.300000,2.037068,2.275418,2.095905,2.454932,0,0.359027,0.751273
13,42,0.300000,2.288964,2.283710,2.104196,2.463223,1,0.359027,0.359027
13,43,0.300000,0.914343,1.025392,0.845878,1.204905,1,0.359027,0.359027
13,48,0.300000,2.398044,2.316135,2.136621,2.495649,1,0.359027,0.359027
13,51,0.300000,1.669038,1.695492,1.515978,1.875005,1,0.359027,0.359027
13,0,0.200000,2.061113,2.100160,1.881818,2.318502,1,0.436684,0.436684
13,2,0.200000,0.792392,0.738479,0.520137,0.956821,1,0.436684,0.436684
13,13,0.200000,1.090611,0.863673,0.645331,1.082015,0,0.436684,0.522640
13,21,0.200000,0.727541,0.799240,0.580898,1.017582,1,0.436684,0.436684
13,26,0.200000,2.195346,1.964498,1.746156,2.182840,0,0.436684,0.561747
13,34,0.200000,1.905256,1.937891,1.719549,2.156233,1,0.436684,0.436684
13,39,0.200000,1.950170,1.945081,1.726739,2.163423,1,0.436684,0.436684
13,41,0.200000,2.037068,2.275418,2.057076,2.493760,0,0.436684,0.636769
13,42,0.200000,2.288964,2.283710,2.065368,2.502052,1,0.436684,0.436684
13,43,0.200000,0.914343,1.025392,0.807050,1.243734,1,0.436684,0.436684
13,48,0.200000,2.398044,2.316135,2.097793,2.534477,1,0.436684,0.436684
13,51,0.200000,1.669038,1.695492,1.477150,1.913834,1,0.436684,0.436684
13,0,0.150000,2.061113,2.100160,1.816215,2.384104,1,0.567889,0.567889
13,2,0.150000,0.792392,0.738479,0.454534,1.022424,1,0.567889,0.567889
13,13,0.150000,1.090611,0.863673,0.579729,1.147618,1,0.567889,0.567889
13,21,0.150000,0.727541,0.799240,0.515295,1.083184,1,0.567889,0.567889
13,26,0.150000,2.195346,1.964498,1.680553,2.248442,1,0.567889,0.567889
13,34,0.150000,1.905256,1.937891,1.653946,2.221835,1,0.567889,0.567889
13,39,0.150000,1.950170,1.945081,1.661137,2.229026,1,0.567889,0.567889
13,41,0.150000,2.037068,2.275418,1.991474,2.559363,1,0.567889,0.567889
13,42,0.150000,2.288964,2.283710,1.999765,2.567654,1,0.567889,0.567889
13,43,0.150000,0.914343,1.025392,0.741447,1.309336,1,0.567889,0.567889
13,48,0.150000,2.398044,2.316135,2.032190,2.600080,1,0.567889,0.567889
13,51,0.150000,1.669038,1.695492,1.411547,1.979436,1,0.567889,0.567889
13,0,0.100000,2.061113,2.100160,1.719681,2.480638,1,0.760957,0.760957
13,2,0.100000,0.792392,0.738479,0.358001,1.118958,1,0.760957,0.760957
13,13,0.100000,1.090611,0.863673,0.483195,1.244152,1,0.760957,0.760957
13,21,0.100000,0.727541,0.799240,0.418761,1.179718,1,0.760957,0.760957
13,26,0.100000,2.195346,1.964498,1.584019,2.344976,1,0.760957,0.760957
13,34,0.100000,1.905256,1.937891,1.557412,2.318369,1,0.760957,0.760957
13,39,0.100000,1.950170,1.945081,1.564603,2.325560,1,0.760957,0.760957
13,41,0.100000,2.037068,2.275418,1.894940,2.655897,1,0.760957,0.760957
13,42,0.100000,2.288964,2.283710,1.903231,2.664188,1,0.760957,0.760957
13,43,0.100000,0.914343,1.025392,0.644913,1.405870,1,0.760957,0.760957
13,48,0.100000,2.398044,2.316135,1.935656,2.696613,1,0.760957,0.760957
13,51,0.100000,1.669038,1.695492,1.315013,2.075970,1,0.760957,0.760957
13,0,0.050000,2.061113,2.100160,1.622036,2.578284,1,0.956248,0.956248
13,2,0.050000,0.792392,0.738479,0.260355,1.216603,1,0.956248,0.956248
13,13,0.050000,1.090611,0.863673,0.385549,1.341797,1,0.956248,0.956248
13,21,0.050000,0.727541,0.799240,0.321116,1.277364,1,0.956248,0.956248
13,26,0.050000,2.195346,1.964498,1.486374,2.442622,1,0.956248,0.956248
13,34,0.050000,1.905256,1.937891,1.459767,2.416015,1,0.956248,0.956248
13,39,0.050000,1.950170,1.945081,1.466958,2.423205,1,0.956248,0.956248
13,41,0.050000,2.037068,2.275418,1.797294,2.753542,1,0.956248,0.956248
13,42,0.050000,2.288964,2.283710,1.805586,2.761833,1,0.956248,0.956248
13,43,0.050000,0.914343,1.025392,0.547268,1.503516,1,0.956248,0.956248
13,48,0.050000,2.398044,2.316135,1.838011,2.794259,1,0.956248,0.956248
13,51,0.050000,1.669038,1.695492,1.217368,2.173616,1,0.956248,0.956248
13,0,0.010000,2.061113,2.100160,1.505960,2.694360,1,1.188400,1.188400
13,2,0.010000,0.792392,0.738479,0.144279,1.332679,1,1.188400,1.188400
13,13,0.010000,1.090611,0.863673,0.269473,1.457873,1,1.188400,1.188400
13,21,0.010000,0.727541,0.799240,0.205040,1.393440,1,1.188400,1.188400
13,26,0.010000,2.195346,1.964498,1.370298,2.558698,1,1.188400,1.188400
13,34,0.010000,1.905256,1.937891,1.343691,2.532091,1,1.188400,1.188400
13,39,0.010000,1.950170,1.945081,1.350882,2.539281,1,1.188400,1.188400
13,41,0.010000,2.037068,2.275418,1.681218,2.869618,1,1.188400,1.188400
13,42,0.010000,2.288964,2.283710,1.689510,2.877909,1,1.188400,1.188400
13,43,0.010000,0.914343,1.025392,0.431192,1.619591,1,1.188400,1.188400
13,48,0.010000,2.398044,2.316135,1.721935,2.910335,1,1.188400,1.188400
13,51,0.010000,1.669038,1.695492,1.101292,2.289692,1,1.188400,1.188400
14,6,0.500000,1.769451,1.612730,1.461633,1.763827,0,0.302194,0.324692
14,7,0.500000,0.915927,0.869765,0.718668,1.020862,1,0.302194,0.302194
14,8,0.500000,2.261120,2.355234,2.204137,2.506331,1,0.302194,0.302194
14,11,0.500000,0.895423,0.794796,0.643699,0.945893,1,0.302194,0.302194
14,22,0.500000,0.634477,0.719869,0.568772,0.870966,1,0.302194,0.302194
14,23,0.500000,0.730782,0.786191,0.635094,0.937288,1,0.302194,0.302194
14,27,0.500000,2.035870,2.051367,1.900270,2.202464,1,0.302194,0.302194
14,32,0.500000,1.992995,2.020473,1.869376,2.171570,1,0.302194,0.302194
14,33,0.500000,2.339888,2.458621,2.307524,2.609718,1,0.302194,0.302194
14,36,0.500000,1.888179,1.699893,1.548796,1.850990,0,0.302194,0.450950
14,40,0.500000,0.558709,0.768689,0.617592,0.919786,0,0.302194,0.537727
14,47,0.500000,0.952792,0.825424,0.674327,0.976521,1,0.302194,0.302194
14,6,0.400000,1.769451,1.612730,1.451755,1.773704,1,0.321949,0.321949
14,7,0.400000,0.915927,0.869765,0.708791,1.030739,1,0.321949,0.321949
14,8,0.400000,2.261120,2.355234,2.194260,2.516209,1,0.321949,0.321949
14,11,0.400000,0.895423,0.794796,0.633822,0.955771,1,0.321949,0.321949
14,22,0.400000,0.634477,0.719869,0.558895,0.880844,1,0.321949,0.321949
14,23,0.400000,0.730782,0.786191,0.625216,0.947165,1,0.321949,0.321949
14,27,0.400000,2.035870,2.051367,1.890392,2.212341,1,0.321949,0.321949
14,32,0.400000,1.992995,2.020473,1.859498,2.181447,1,0.321949,0.321949
14,33,0.400000,2.339888,2.458621,2.297646,2.619595,1,0.321949,0.321949
14,36,0.400000,1.888179,1.699893,1.538919,1.860868,0,0.321949,0.458507
14,40,0.400000,0.558709,0.768689,0.607714,0.929663,0,0.321949,0.566978
14,47,0.400000,0.952792,0.825424,0.664449,0.986398,1,0.321949,0.321949
14,6,0.300000,1.769451,1.612730,1.427310,1.798149,1,0.370839,0.370839
14,7,0.300000,0.915927,0.869765,0.684346,1.055184,1,0.370839,0.370839
14,8,0.300000,2.261120,2.355234,2.169815,2.540654,1,0.370839,0.370839
14,11,0.300000,0.895423,0.794796,0.609377,0.980216,1,0.370839,0.370839
14,22,0.300000,0.634477,0.719869,0.534450,0.905289,1,0.370839,0.370839
14,23,0.300000,0.730782,0.786191,0.600771,0.971610,1,0.370839,0.370839
14,27,0.300000,2.035870,2.051367,1.865947,2.236786,1,0.370839,0.370839
14,32,0.300000,1.992995,2.020473,1.835053,2.205892,1,0.370839,0.370839
14,33,0.300000,2.339888,2.458621,2.273201,2.644040,1,0.370839,0.370839
14,36,0.300000,1.888179,1.699893,1.514474,1.885313,0,0.370839,0.389950
14,40,0.300000,0.558709,0.768689,0.583269,0.954108,0,0.370839,0.534578
14,47,0.300000,0.952792,0.825424,0.640004,1.010843,1,0.370839,0.370839
14,6,0.200000,1.769451,1.612730,1.358768,1.866691,1,0.507923,0.507923
14,7,0.200000,0.915927,0.869765,0.615803,1.123726,1,0.507923,0.507923
14,8,0.200000,2.261120,2.355234,2.101273,2.609196,1,0.507923,0.507923
14,11,0.200000,0.895423,0.794796,0.540835,1.048758,1,0.507923,0.507923
14,22,0.200000,0.634477,0.719869,0.465908,0.973831,1,0.507923,0.507923
14,23,0.200000,0.730782,0.786191,0.532229,1.040152,1,0.507923,0.507923
14,27,0.200000,2.035870,2.051367,1.797405,2.305328,1,0.507923,0.507923
14,32,0.200000,1.992995,2.020473,1.766511,2.274434,1,0.507923,0.507923
14,33,0.200000,2.339888,2.458621,2.204659,2.712582,1,0.507923,0.507923
14,36,0.200000,1.888179,1.699893,1.445932,1.953855,1,0.507923,0.507923
14,40,0.200000,0.558709,0.768689,0.514727,1.022650,1,0.507923,0.507923
14,47,0.200000,0.952792,0.825424,0.571462,1.079385,1,0.507923,0.507923
14,6,0.150000,1.769451,1.612730,1.272674,1.952785,1,0.680111,0.680111
14,7,0.150000,0.915927,0.869765,0.529709,1.209821,1,0.680111,0.680111
14,8,0.150000,2.261120,2.355234,2.015178,2.695290,1,0.680111,0.680111
14,11,0.150000,0.895423,0.794796,0.454741,1.134852,1,0.680111,0.680111
14,22,0.150000,0.634477,0.719869,0.379814,1.059925,1,0.680111,0.680111
14,23,0.150000,0.730782,0.786191,0.446135,1.126246,1,0.680111,0.680111
14,27,0.150000,2.035870,2.051367,1.711311,2.391422,1,0.680111,0.680111
14,32,0.150000,1.992995,2.020473,1.680417,2.360528,1,0.680111,0.680111
14,33,0.150000,2.339888,2.458621,2.118565,2.798676,1,0.680111,0.680111
14,36,0.150000,1.888179,1.699893,1.359838,2.039949,1,0.680111,0.680111
14,40,0.150000,0.558709,0.768689,0.428633,1.108744,1,0.680111,0.680111
14,47,0.150000,0.952792,0.825424,0.485368,1.165480,1,0.680111,0.680111
14,6,0.100000,1.769451,1.612730,1.233069,1.992390,1,0.759321,0.759321
14,7,0.100000,0.915927,0.869765,0.490104,1.249425,1,0.759321,0.759321
14,8,0.100000,2.261120,2.355234,1.975574,2.734895,1,0.759321,0.759321
14,11,0.100000,0.895423,0.794796,0.415136,1.174457,1,0.759321,0.759321
14,22,0.100000,0.634477,0.719869,0.340209,1.099530,1,0.759321,0.759321
14,23,0.100000,0.730782,0.786191,0.406530,1.165851,1,0.759321,0.759321
14,27,0.100000,2.035870,2.051367,1.671706,2.431027,1,0.759321,0.759321
14,32,0.100000,1.992995,2.020473,1.640812,2.400133,1,0.759321,0.759321
14,33,0.100000,2.339888,2.458621,2.078960,2.838281,1,0.759321,0.759321
14,36,0.100000,1.888179,1.699893,1.320233,2.079554,1,0.759321,0.759321
14,40,0.100000,0.558709,0.768689,0.389028,1.148349,1,0.759321,0.759321
14,47,0.100000,0.952792,0.825424,0.445763,1.205084,1,0.759321,0.759321
14,6,0.050000,1.769451,1.612730,1.147111,2.078348,1,0.931237,0.931237
14,7,0.050000,0.915927,0.869765,0.404147,1.335383,1,0.931237,0.931237
14,8,0.050000,2.261120,2.355234,1.889616,2.820852,1,0.931237,0.931237
14,11,0.050000,0.895423,0.794796,0.329178,1.260415,1,0.931237,0.931237
14,22,0.050000,0.634477,0.719869,0.254251,1.185488,1,0.931237,0.931237
14,23,0.050000,0.730782,0.786191,0.320572,1.251809,1,0.931237,0.931237
14,27,0.050000,2.035870,2.051367,1.585749,2.516985,1,0.931237,0.931237
14,32,0.050000,1.992995,2.020473,1.554854,2.486091,1,0.931237,0.931237
14,33,0.050000,2.339888,2.458621,1.993002,2.924239,1,0.931237,0.931237
14,36,0.050000,1.888179,1.699893,1.234275,2.165512,1,0.931237,0.931237
14,40,0.050000,0.558709,0.768689,0.303070,1.234307,1,0.931237,0.931237
14,47,0.050000,0.952792,0.825424,0.359806,1.291042,1,0.931237,0.931237
14,6,0.010000,1.769451,1.612730,1.052046,2.173414,1,1.121368,1.121368
14,7,0.010000,0.915927,0.869765,0.309081,1.430449,1,1.121368,1.121368
14,8,0.010000,2.261120,2.355234,1.794550,2.915918,1,1.121368,1.121368
14,11,0.010000,0.895423,0.794796,0.234113,1.355480,1,1.121368,1.121368
14,22,0.010000,0.634477,0.719869,0.159186,1.280553,1,1.121368,1.121368
14,23,0.010000,0.730782,0.786191,0.225507,1.346874,1,1.121368,1.121368
14,27,0.010000,2.035870,2.051367,1.490683,2.612051,1,1.121368,1.121368
14,32,0.010000,1.992995,2.020473,1.459789,2.581156,1,1.121368,1.121368
14,33,0.010000,2.339888,2.458621,1.897937,3.019305,1,1.121368,1.121368
14,36,0.010000,1.888179,1.699893,1.139210,2.260577,1,1.121368,1.121368
14,40,0.010000,0.558709,0.768689,0.208005,1.329373,1,1.121368,1.121368
14,47,0.010000,0.952792,0.825424,0.264740,1.386108,1,1.121368,1.121368
15,3,0.500000,0.447158,0.567514,0.440713,0.694315,1,0.253602,0.253602
15,13,0.500000,1.090611,0.814647,0.687846,0.941448,0,0.253602,0.850252
15,15,0.500000,1.258158,1.268995,1.142194,1.395796,1,0.253602,0.253602
15,17,0.500000,2.221023,2.092448,1.965647,2.219249,0,0.253602,0.260697
15,22,0.500000,0.634477,0.742630,0.615829,0.869431,1,0.253602,0.253602
15,28,0.500000,2.465532,2.314249,2.187448,2.441050,0,0.253602,0.351529
15,30,0.500000,1.832062,1.877491,1.750690,2.004292,1,0.253602,0.253602
15,39,0.500000,1.950170,1.946295,1.819495,2.073096,1,0.253602,0.253602
15,42,0.500000,2.288964,2.223289,2.096489,2.350090,1,0.253602,0.253602
15,46,0.500000,2.133762,2.009398,1.882598,2.136199,1,0.253602,0.253602
15,47,0.500000,0.952792,0.822411,0.695610,0.949212,0,0.253602,0.267925
15,54,0.500000,0.404834,0.682057,0.555256,0.808858,0,0.253602,0.855292
15,3,0.400000,0.447158,0.567514,0.405493,0.729535,1,0.324042,0.324042
15,13,0.400000,1.090611,0.814647,0.652626,0.976668,0,0.324042,0.893754
15,15,0.400000,1.258158,1.268995,1.106974,1.431016,1,0.324042,0.324042
15,17,0.400000,2.221023,2.092448,1.930427,2.254469,1,0.324042,0.324042
15,22,0.400000,0.634477,0.742630,0.580609,0.904651,1,0.324042,0.324042
15,28,0.400000,2.465532,2.314249,2.152228,2.476270,1,0.324042,0.324042
15,30,0.400000,1.832062,1.877491,1.715470,2.039512,1,0.324042,0.324042
15,39,0.400000,1.950170,1.946295,1.784274,2.108317,1,0.324042,0.324042
15,42,0.400000,2.288964,2.223289,2.061268,2.385311,1,0.324042,0.324042
15,46,0.400000,2.133762,2.009398,1.847377,2.171419,1,0.324042,0.324042
15,47,0.400000,0.952792,0.822411,0.660390,0.984432,1,0.324042,0.324042
15,54,0.400000,0.404834,0.682057,0.520036,0.844078,0,0.324042,0.900054
15,3,0.300000,0.447158,0.567514,0.379663,0.755364,1,0.375701,0.375701
15,13,0.300000,1.090611,0.814647,0.626797,1.002498,0,0.375701,0.963120
15,15,0.300000,1.258158,1.268995,1.081145,1.456846,1,0.375701,0.375701
15,17,0.300000,2.221023,2.092448,1.904598,2.280299,1,0.375701,0.375701
15,22,0.300000,0.634477,0.742630,0.554779,0.930481,1,0.375701,0.375701
15,28,0.300000,2.465532,2.314249,2.126398,2.502099,1,0.375701,0.375701
15,30,0.300000,1.832062,1.877491,1.689641,2.065342,1,0.375701,0.375701
15,39,0.300000,1.950170,1.946295,1.758445,2.134146,1,0.375701,0.375701
15,42,0.300000,2.288964,2.223289,2.035439,2.411140,1,0.375701,0.375701
15,46,0.300000,2.133762,2.009398,1.821548,2.197249,1,0.375701,0.375701
15,47,0.300000,0.952792,0.822411,0.634560,1.010261,1,0.375701,0.375701
15,54,0.300000,0.404834,0.682057,0.494207,0.869908,0,0.375701,0.971520
15,3,0.200000,0.447158,0.567514,0.296532,0.838495,1,0.541963,0.541963
15,13,0.200000,1.090611,0.814647,0.543666,1.085629,0,0.541963,0.591783
15,15,0.200000,1.258158,1.268995,0.998014,1.539976,1,0.541963,0.541963
15,17,0.200000,2.221023,2.092448,1.821467,2.363430,1,0.541963,0.541963
15,22,0.200000,0.634477,0.742630,0.471649,1.013611,1,0.541963,0.541963
15,28,0.200000,2.465532,2.314249,2.043267,2.585230,1,0.541963,0.541963
15,30,0.200000,1.832062,1.877491,1.606510,2.148473,1,0.541963,0.541963
15,39,0.200000,1.950170,1.946295,1.675314,2.217277,1,0.541963,0.541963
15,42,0.200000,2.288964,2.223289,1.952308,2.494271,1,0.541963,0.541963
15,46,0.200000,2.133762,2.009398,1.738417,2.280380,1,0.541963,0.541963
15,47,0.200000,0.952792,0.822411,0.551430,1.093392,1,0.541963,0.541963
15,54,0.200000,0.404834,0.682057,0.411076,0.953038,0,0.541963,0.604384
15,3,0.150000,0.447158,0.567514,0.241698,0.893330,1,0.651632,0.651632
15,13,0.150000,1.090611,0.814647,0.488831,1.140463,1,0.651632,0.651632
15,15,0.150000,1.258158,1.268995,0.943179,1.594811,1,0.651632,0.651632
15,17,0.150000,2.221023,2.092448,1.766632,2.418264,1,0.651632,0.651632
15,22,0.150000,0.634477,0.742630,0.416814,1.068446,1,0.651632,0.651632
15,28,0.150000,2.465532,2.314249,1.988433,2.640065,1,0.651632,0.651632
15,30,0.150000,1.832062,1.877491,1.551675,2.203307,1,0.651632,0.651632
15,39,0.150000,1.950170,1.946295,1.620479,2.272112,1,0.651632,0.651632
15,42,0.150000,2.288964,2.223289,1.897473,2.549106,1,0.651632,0.651632
15,46,0.150000,2.133762,2.009398,1.683582,2.335215,1,0.651632,0.651632
15,47,0.150000,0.952792,0.822411,0.496595,1.148227,1,0.651632,0.651632
15,54,0.150000,0.404834,0.682057,0.356241,1.007873,1,0.651632,0.651632
15,3,0.100000,0.447158,0.567514,0.173113,0.961915,1,0.788802,0.788802
15,13,0.100000,1.090611,0.814647,0.420246,1.209048,1,0.788802,0.788802
15,15,0.100000,1.258158,1.268995,0.874594,1.663396,1,0.788802,0.788802
15,17,0.100000,2.221023,2.092448,1.698047,2.486849,1,0.788802,0.788802
15,22,0.100000,0.634477,0.742630,0.348229,1.137031,1,0.788802,0.788802
15,28,0.100000,2.465532,2.314249,1.919848,2.708650,1,0.788802,0.788802
15,30,0.100000,1.832062,1.877491,1.483090,2.271892,1,0.788802,0.788802
15,39,0.100000,1.950170,1.946295,1.551894,2.340697,1,0.788802,0.788802
15,42,0.100000,2.288964,2.223289,1.828888,2.617691,1,0.788802,0.788802
15,46,0.100000,2.133762,2.009398,1.614997,2.403800,1,0.788802,0.788802
15,47,0.100000,0.952792,0.822411,0.428010,1.216812,1,0.788802,0.788802
15,54,0.100000,0.404834,0.682057,0.287656,1.076458,1,0.788802,0.788802
15,3,0.050000,0.447158,0.567514,0.070857,1.064171,1,0.993314,0.993314
15,13,0.050000,1.090611,0.814647,0.317990,1.311304,1,0.993314,0.993314
15,15,0.050000,1.258158,1.268995,0.772338,1.765652,1,0.993314,0.993314
15,17,0.050000,2.221023,2.092448,1.595791,2.589105,1,0.993314,0.993314
15,22,0.050000,0.634477,0.742630,0.245973,1.239287,1,0.993314,0.993314
15,28,0.050000,2.465532,2.314249,1.817592,2.810906,1,0.993314,0.993314
15,30,0.050000,1.832062,1.877491,1.380834,2.374148,1,0.993314,0.993314
15,39,0.050000,1.950170,1.946295,1.449638,2.442953,1,0.993314,0.993314
15,42,0.050000,2.288964,2.223289,1.726632,2.719947,1,0.993314,0.993314
15,46,0.050000,2.133762,2.009398,1.512741,2.506056,1,0.993314,0.993314
15,47,0.050000,0.952792,0.822411,0.325754,1.319068,1,0.993314,0.993314
15,54,0.050000,0.404834,0.682057,0.185400,1.178714,1,0.993314,0.993314
15,3,0.010000,0.447158,0.567514,0.035180,1.099848,1,1.064668,1.064668
15,13,0.010000,1.090611,0.814647,0.282313,1.346981,1,1.064668,1.064668
15,15,0.010000,1.258158,1.268995,0.736661,1.801329,1,1.064668,1.064668
15,17,0.010000,2.221023,2.092448,1.560114,2.624782,1,1.064668,1.064668
15,22,0.010000,0.634477,0.742630,0.210296,1.274964,1,1.064668,1.064668
15,28,0.010000,2.465532,2.314249,1.781915,2.846583,1,1.064668,1.064668
15,30,0.010000,1.832062,1.877491,1.345157,2.409825,1,1.064668,1.064668
15,39,0.010000,1.950170,1.946295,1.413962,2.478629,1,1.064668,1.064668
15,42,0.010000,2.288964,2.223289,1.690956,2.755623,1,1.064668,1.064668
15,46,0.010000,2.133762,2.009398,1.477064,2.541732,1,1.064668,1.064668
15,47,0.010000,0.952792,0.822411,0.290077,1.354745,1,1.064668,1.064668
15,54,0.010000,0.404834,0.682057,0.149723,1.214391,1,1.064668,1.064668
16,9,0.500000,0.450249,0.496030,0.386716,0.605344,1,0.218627,0.218627
16,18,0.500000,0.932474,1.463934,1.354620,1.573248,0,0.218627,1.907214
16,20,0.500000,0.802774,1.004824,0.895510,1.114137,0,0.218627,0.589573
16,21,0.500000,0.727541,0.858028,0.748714,0.967341,0,0.218627,0.303319
16,25,0.500000,2.817764,2.431574,2.322261,2.540888,0,0.218627,1.326130
16,34,0.500000,1.905256,1.964041,1.854728,2.073355,1,0.218627,0.218627
16,41,0.500000,2.037068,2.270314,2.161001,2.379628,0,0.218627,0.714360
16,44,0.500000,1.184691,1.133296,1.023982,1.242610,1,0.218627,0.218627
16,49,0.500000,1.460748,1.390020,1.280707,1.499334,1,0.218627,0.218627
16,52,0.500000,1.466126,1.731367,1.622054,1.840681,0,0.218627,0.842339
16,56,0.500000,1.193125,1.204590,1.095277,1.313904,1,0.218627,0.218627
16,57,0.500000,1.975432,1.869322,1.760008,1.978635,1,0.218627,0.218627
16,9,0.400000,0.450249,0.496030,0.351969,0.640090,1,0.288121,0.288121
16,18,0.400000,0.932474,1.463934,1.319873,1.607994,0,0.288121,2.225119
16,20,0.400000,0.802774,1.004824,0.860763,1.148884,0,0.288121,0.578068
16,21,0.400000,0.727541,0.858028,0.713967,1.002088,1,0.288121,0.288121
16,25,0.400000,2.817764,2.431574,2.287514,2.575635,0,0.288121,1.498765
16,34,0.400000,1.905256,1.964041,1.819981,2.108102,1,0.288121,0.288121
16,41,0.400000,2.037068,2.270314,2.126254,2.414375,0,0.288121,0.734052
16,44,0.400000,1.184691,1.133296,0.989236,1.277356,1,0.288121,0.288121
16,49,0.400000,1.460748,1.390020,1.245960,1.534081,1,0.288121,0.288121
16,52,0.400000,1.466126,1.731367,1.587307,1.875428,0,0.288121,0.894026
16,56,0.400000,1.193125,1.204590,1.060530,1.348651,1,0.288121,0.288121
16,57,0.400000,1.975432,1.869322,1.725261,2.013382,1,0.288121,0.288121
16,9,0.300000,0.450249,0.496030,0.328529,0.663531,1,0.335001,0.335001
16,18,0.300000,0.932474,1.463934,1.296433,1.631435,0,0.335001,2.761398
16,20,0.300000,0.802774,1.004824,0.837323,1.172324,0,0.335001,0.565330
16,21,0.300000,0.727541,0.858028,0.690527,1.025528,1,0.335001,0.335001
16,25,0.300000,2.817764,2.431574,2.264074,2.599075,0,0.335001,1.792926
16,34,0.300000,1.905256,1.964041,1.796541,2.131542,1,0.335001,0.335001
16,41,0.300000,2.037068,2.270314,2.102814,2.437815,0,0.335001,0.773308
16,44,0.300000,1.184691,1.133296,0.965795,1.300797,1,0.335001,0.335001
16,49,0.300000,1.460748,1.390020,1.222520,1.557521,1,0.335001,0.335001
16,52,0.300000,1.466126,1.731367,1.563867,1.898868,0,0.335001,0.986607
16,56,0.300000,1.193125,1.204590,1.037090,1.372091,1,0.335001,0.335001
16,57,0.300000,1.975432,1.869322,1.701821,2.036822,1,0.335001,0.335001
16,9,0.200000,0.450249,0.496030,0.301953,0.690107,1,0.388155,0.388155
16,18,0.200000,0.932474,1.463934,1.269857,1.658011,0,0.388155,3.761983
16,20,0.200000,0.802774,1.004824,0.810746,1.198901,0,0.388155,0.467881
16,21,0.200000,0.727541,0.858028,0.663950,1.052105,1,0.388155,0.388155
16,25,0.200000,2.817764,2.431574,2.237497,2.625652,0,0.388155,2.309274
16,34,0.200000,1.905256,1.964041,1.769964,2.158119,1,0.388155,0.388155
16,41,0.200000,2.037068,2.270314,2.076237,2.464392,0,0.388155,0.779848
16,44,0.200000,1.184691,1.133296,0.939219,1.327373,1,0.388155,0.388155
16,49,0.200000,1.460748,1.390020,1.195943,1.584098,1,0.388155,0.388155
16,52,0.200000,1.466126,1.731367,1.537290,1.925445,0,0.388155,1.099796
16,56,0.200000,1.193125,1.204590,1.010513,1.398668,1,0.388155,0.388155
16,57,0.200000,1.975432,1.869322,1.675244,2.063399,1,0.388155,0.388155
16,9,0.150000,0.450249,0.496030,0.219875,0.772185,1,0.552310,0.552310
16,18,0.150000,0.932474,1.463934,1.187779,1.740089,0,0.552310,3.956379
16,20,0.150000,0.802774,1.004824,0.728669,1.280979,1,0.552310,0.552310
16,21,0.150000,0.727541,0.858028,0.581873,1.134183,1,0.552310,0.552310
16,25,0.150000,2.817764,2.431574,2.155419,2.707729,0,0.552310,2.019434
16,34,0.150000,1.905256,1.964041,1.687886,2.240196,1,0.552310,0.552310
16,41,0.150000,2.037068,2.270314,1.994159,2.546469,1,0.552310,0.552310
16,44,0.150000,1.184691,1.133296,0.857141,1.409451,1,0.552310,0.552310
16,49,0.150000,1.460748,1.390020,1.113865,1.666175,1,0.552310,0.552310
16,52,0.150000,1.466126,1.731367,1.455212,2.007522,1,0.552310,0.552310
16,56,0.150000,1.193125,1.204590,0.928435,1.480745,1,0.552310,0.552310
16,57,0.150000,1.975432,1.869322,1.593167,2.145477,1,0.552310,0.552310
16,9,0.100000,0.450249,0.496030,0.196226,0.795834,1,0.599609,0.599609
16,18,0.100000,0.932474,1.463934,1.164130,1.763738,0,0.599609,5.232725
16,20,0.100000,0.802774,1.004824,0.705019,1.304628,1,0.599609,0.599609
16,21,0.100000,0.727541,0.858028,0.558223,1.157832,1,0.599609,0.599609
16,25,0.100000,2.817764,2.431574,2.131770,2.731379,0,0.599609,2.327307
16,34,0.100000,1.905256,1.964041,1.664237,2.263846,1,0.599609,0.599609
16,41,0.100000,2.037068,2.270314,1.970510,2.570119,1,0.599609,0.599609
16,44,0.100000,1.184691,1.133296,0.833492,1.433100,1,0.599609,0.599609
16,49,0.100000,1.460748,1.390020,1.090216,1.689825,1,0.599609,0.599609
16,52,0.100000,1.466126,1.731367,1.431563,2.031172,1,0.599609,0.599609
16,56,0.100000,1.193125,1.204590,0.904786,1.504395,1,0.599609,0.599609
16,57,0.100000,1.975432,1.869322,1.569517,2.169126,1,0.599609,0.599609
16,9,0.050000,0.450249,0.496030,0.101168,0.890892,1,0.789725,0.789725
16,18,0.050000,0.932474,1.463934,1.069072,1.858796,0,0.789725,6.253639
16,20,0.050000,0.802774,1.004824,0.609961,1.399686,1,0.789725,0.789725
16,21,0.050000,0.727541,0.858028,0.463165,1.252890,1,0.789725,0.789725
16,25,0.050000,2.817764,2.431574,2.036712,2.826437,1,0.789725,0.789725
16,34,0.050000,1.905256,1.964041,1.569179,2.358904,1,0.789725,0.789725
16,41,0.050000,2.037068,2.270314,1.875452,2.665177,1,0.789725,0.789725
16,44,0.050000,1.184691,1.133296,0.738434,1.528158,1,0.789725,0.789725
16,49,0.050000,1.460748,1.390020,0.995158,1.784883,1,0.789725,0.789725
16,52,0.050000,1.466126,1.731367,1.336505,2.126230,1,0.789725,0.789725
16,56,0.050000,1.193125,1.204590,0.809728,1.599453,1,0.789725,0.789725
16,57,0.050000,1.975432,1.869322,1.474460,2.264184,1,0.789725,0.789725
16,9,0.010000,0.450249,0.496030,0.071262,0.920798,1,0.849535,0.849535
16,18,0.010000,0.932474,1.463934,1.039166,1.888702,0,0.849535,22.188023
16,20,0.010000,0.802774,1.004824,0.580056,1.429591,1,0.849535,0.849535
16,21,0.010000,0.727541,0.858028,0.433260,1.282796,1,0.849535,0.849535
16,25,0.010000,2.817764,2.431574,2.006807,2.856342,1,0.849535,0.849535
16,34,0.010000,1.905256,1.964041,1.539273,2.388809,1,0.849535,0.849535
16,41,0.010000,2.037068,2.270314,1.845547,2.695082,1,0.849535,0.849535
16,44,0.010000,1.184691,1.133296,0.708528,1.558064,1,0.849535,0.849535
16,49,0.010000,1.460748,1.390020,0.965253,1.814788,1,0.849535,0.849535
16,52,0.010000,1.466126,1.731367,1.306600,2.156135,1,0.849535,0.849535
16,56,0.010000,1.193125,1.204590,0.779823,1.629358,1,0.849535,0.849535
16,57,0.010000,1.975432,1.869322,1.444554,2.294090,1,0.849535,0.849535
17,1,0.500000,1.028571,0.998201,0.902286,1.094116,1,0.191830,0.191830
17,4,0.500000,2.455439,2.612162,2.516247,2.708077,0,0.191830,0.435061
17,6,0.500000,1.769451,1.577486,1.481571,1.673401,0,0.191830,0.576029
17,11,0.500000,0.895423,0.758192,0.662277,0.854107,0,0.191830,0.357093
17,16,0.500000,1.821841,1.456367,1.360452,1.552283,0,0.191830,1.270064
17,31,0.500000,1.869935,2.047477,1.951561,2.143392,0,0.191830,0.518334
17,33,0.500000,2.339888,2.480225,2.384310,2.576140,0,0.191830,0.369517
17,35,0.500000,2.703584,2.793012,2.697097,2.888927,1,0.191830,0.191830
17,37,0.500000,2.177536,2.197538,2.101623,2.293453,1,0.191830,0.191830
17,45,0.500000,0.641474,0.839703,0.743788,0.935618,0,0.191830,0.601085
17,53,0.500000,0.798651,0.635151,0.539236,0.731066,0,0.191830,0.462170
17,55,0.500000,0.899821,0.701517,0.605602,0.797432,0,0.191830,0.601385
17,1,0.400000,1.028571,0.998201,0.859836,1.136565,1,0.276729,0.276729
17,4,0.400000,2.455439,2.612162,2.473797,2.750526,0,0.276729,0.368521
17,6,0.400000,1.769451,1.577486,1.439122,1.715851,0,0.276729,0.544731
17,11,0.400000,0.895423,0.758192,0.619827,0.896556,1,0.276729,0.276729
17,16,0.400000,1.821841,1.456367,1.318003,1.594732,0,0.276729,1.412273
17,31,0.400000,1.869935,2.047477,1.909112,2.185841,0,0.276729,0.472612
17,33,0.400000,2.339888,2.480225,2.341861,2.618590,0,0.276729,0.286590
17,35,0.400000,2.703584,2.793012,2.654648,2.931377,1,0.276729,0.276729
17,37,0.400000,2.177536,2.197538,2.059173,2.335902,1,0.276729,0.276729
17,45,0.400000,0.641474,0.839703,0.701338,0.978067,0,0.276729,0.576050
17,53,0.400000,0.798651,0.635151,0.496786,0.773515,0,0.276729,0.402406
17,55,0.400000,0.899821,0.701517,0.563152,0.839881,0,0.276729,0.576425
17,1,0.300000,1.028571,0.998201,0.832676,1.163725,1,0.331049,0.331049
17,4,0.300000,2.455439,2.612162,2.446637,2.777686,1,0.331049,0.331049
17,6,0.300000,1.769451,1.577486,1.411962,1.743011,0,0.331049,0.507318
17,11,0.300000,0.895423,0.758192,0.592667,0.923716,1,0.331049,0.331049
17,16,0.300000,1.821841,1.456367,1.290843,1.621892,0,0.331049,1.664042
17,31,0.300000,1.869935,2.047477,1.881952,2.213001,0,0.331049,0.411160
17,33,0.300000,2.339888,2.480225,2.314701,2.645750,1,0.331049,0.331049
17,35,0.300000,2.703584,2.793012,2.627488,2.958537,1,0.331049,0.331049
17,37,0.300000,2.177536,2.197538,2.032013,2.363062,1,0.331049,0.331049
17,45,0.300000,0.641474,0.839703,0.674178,1.005227,0,0.331049,0.549077
17,53,0.300000,0.798651,0.635151,0.469626,0.800675,1,0.331049,0.331049
17,55,0.300000,0.899821,0.701517,0.535992,0.867041,0,0.331049,0.549577
17,1,0.200000,1.028571,0.998201,0.723858,1.272543,1,0.548684,0.548684
17,4,0.200000,2.455439,2.612162,2.337819,2.886504,1,0.548684,0.548684
17,6,0.200000,1.769451,1.577486,1.303144,1.851829,1,0.548684,0.548684
17,11,0.200000,0.895423,0.758192,0.483849,1.032534,1,0.548684,0.548684
17,16,0.200000,1.821841,1.456367,1.182025,1.730710,0,0.548684,1.459997
17,31,0.200000,1.869935,2.047477,1.773134,2.321819,1,0.548684,0.548684
17,33,0.200000,2.339888,2.480225,2.205883,2.754568,1,0.548684,0.548684
17,35,0.200000,2.703584,2.793012,2.518670,3.067354,1,0.548684,0.548684
17,37,0.200000,2.177536,2.197538,1.923195,2.471880,1,0.548684,0.548684
17,45,0.200000,0.641474,0.839703,0.565361,1.114045,1,0.548684,0.548684
17,53,0.200000,0.798651,0.635151,0.360808,0.909493,1,0.548684,0.548684
17,55,0.200000,0.899821,0.701517,0.427175,0.975859,1,0.548684,0.548684
17,1,0.150000,1.028571,0.998201,0.686347,1.310054,1,0.623707,0.623707
17,4,0.150000,2.455439,2.612162,2.300308,2.924015,1,0.623707,0.623707
17,6,0.150000,1.769451,1.577486,1.265633,1.889340,1,0.623707,0.623707
17,11,0.150000,0.895423,0.758192,0.446338,1.070045,1,0.623707,0.623707
17,16,0.150000,1.821841,1.456367,1.144514,1.768221,0,0.623707,1.338638
17,31,0.150000,1.869935,2.047477,1.735623,2.359330,1,0.623707,0.623707
17,33,0.150000,2.339888,2.480225,2.168372,2.792079,1,0.623707,0.623707
17,35,0.150000,2.703584,2.793012,2.481159,3.104866,1,0.623707,0.623707
17,37,0.150000,2.177536,2.197538,1.885684,2.509391,1,0.623707,0.623707
17,45,0.150000,0.641474,0.839703,0.527849,1.151556,1,0.623707,0.623707
17,53,0.150000,0.798651,0.635151,0.323297,0.947004,1,0.623707,0.623707
17,55,0.150000,0.899821,0.701517,0.389663,1.013370,1,0.623707,0.623707
17,1,0.100000,1.028571,0.998201,0.607180,1.389221,1,0.782042,0.782042
17,4,0.100000,2.455439,2.612162,2.221141,3.003183,1,0.782042,0.782042
17,6,0.100000,1.769451,1.577486,1.186465,1.968507,1,0.782042,0.782042
17,11,0.100000,0.895423,0.758192,0.367171,1.149213,1,0.782042,0.782042
17,16,0.100000,1.821841,1.456367,1.065347,1.847388,1,0.782042,0.782042
17,31,0.100000,1.869935,2.047477,1.656456,2.438497,1,0.782042,0.782042
17,33,0.100000,2.339888,2.480225,2.089204,2.871246,1,0.782042,0.782042
17,35,0.100000,2.703584,2.793012,2.401991,3.184033,1,0.782042,0.782042
17,37,0.100000,2.177536,2.197538,1.806517,2.588559,1,0.782042,0.782042
17,45,0.100000,0.641474,0.839703,0.448682,1.230724,1,0.782042,0.782042
17,53,0.100000,0.798651,0.635151,0.244130,1.026172,1,0.782042,0.782042
17,55,0.100000,0.899821,0.701517,0.310496,1.092538,1,0.782042,0.782042
17,1,0.050000,1.028571,0.998201,0.532464,1.463937,1,0.931473,0.931473
17,4,0.050000,2.455439,2.612162,2.146425,3.077898,1,0.931473,0.931473
17,6,0.050000,1.769451,1.577486,1.111750,2.043223,1,0.931473,0.931473
17,11,0.050000,0.895423,0.758192,0.292455,1.223928,1,0.931473,0.931473
17,16,0.050000,1.821841,1.456367,0.990631,1.922104,1,0.931473,0.931473
17,31,0.050000,1.869935,2.047477,1.581740,2.513213,1,0.931473,0.931473
17,33,0.050000,2.339888,2.480225,2.014489,2.945962,1,0.931473,0.931473
17,35,0.050000,2.703584,2.793012,2.327276,3.258749,1,0.931473,0.931473
17,37,0.050000,2.177536,2.197538,1.731801,2.663274,1,0.931473,0.931473
17,45,0.050000,0.641474,0.839703,0.373966,1.305439,1,0.931473,0.931473
17,53,0.050000,0.798651,0.635151,0.169414,1.100887,1,0.931473,0.931473
17,55,0.050000,0.899821,0.701517,0.235780,1.167253,1,0.931473,0.931473
17,1,0.010000,1.028571,0.998201,0.365170,1.631231,1,1.266061,1.266061
17,4,0.010000,2.455439,2.612162,1.979131,3.245192,1,1.266061,1.266061
17,6,0.010000,1.769451,1.577486,0.944456,2.210517,1,1.266061,1.266061
17,11,0.010000,0.895423,0.758192,0.125161,1.391222,1,1.266061,1.266061
17,16,0.010000,1.821841,1.456367,0.823337,2.089398,1,1.266061,1.266061
17,31,0.010000,1.869935,2.047477,1.414446,2.680507,1,1.266061,1.266061
17,33,0.010000,2.339888,2.480225,1.847195,3.113256,1,1.266061,1.266061
17,35,0.010000,2.703584,2.793012,2.159981,3.426043,1,1.266061,1.266061
17,37,0.010000,2.177536,2.197538,1.564507,2.830568,1,1.266061,1.266061
17,45,0.010000,0.641474,0.839703,0.206672,1.472733,1,1.266061,1.266061
17,53,0.010000,0.798651,0.635151,0.002120,1.268181,1,1.266061,1.266061
17,55,0.010000,0.899821,0.701517,0.068486,1.334547,1,1.266061,1.266061
18,2,0.500000,0.792392,0.803074,0.683633,0.922515,1,0.238882,0.238882
18,5,0.500000,2.328645,2.300187,2.180746,2.419627,1,0.238882,0.238882
18,7,0.500000,0.915927,0.918876,0.799435,1.038317,1,0.238882,0.238882
18,8,0.500000,2.261120,2.353462,2.234021,2.472903,1,0.238882,0.238882
18,12,0.500000,2.903090,2.565348,2.445907,2.684789,0,0.238882,1.112087
18,14,0.500000,1.844601,1.865919,1.746478,1.985360,1,0.238882,0.238882
18,23,0.500000,0.730782,0.805498,0.686057,0.924939,1,0.238882,0.238882
18,36,0.500000,1.888179,1.661177,1.541736,1.780618,0,0.238882,0.669130
18,40,0.500000,0.558709,0.739898,0.620457,0.859339,0,0.238882,0.485876
18,48,0.500000,2.398044,2.297516,2.178075,2.416957,1,0.238882,0.238882
18,50,0.500000,1.212188,1.373155,1.253714,1.492595,0,0.238882,0.404986
18,51,0.500000,1.669038,1.636785,1.517344,1.756226,1,0.238882,0.238882
18,2,0.400000,0.792392,0.803074,0.650362,0.955786,1,0.305425,0.305425
18,5,0.400000,2.328645,2.300187,2.147474,2.452899,1,0.305425,0.305425
18,7,0.400000,0.915927,0.918876,0.766164,1.071588,1,0.305425,0.305425
18,8,0.400000,2.261120,2.353462,2.200750,2.506175,1,0.305425,0.305425
18,12,0.400000,2.903090,2.565348,2.412636,2.718060,0,0.305425,1.230573
18,14,0.400000,1.844601,1.865919,1.713207,2.018631,1,0.305425,0.305425
18,23,0.400000,0.730782,0.805498,0.652786,0.958211,1,0.305425,0.305425
18,36,0.400000,1.888179,1.661177,1.508464,1.813889,0,0.305425,0.676877
18,40,0.400000,0.558709,0.739898,0.587186,0.892610,0,0.305425,0.447810
18,48,0.400000,2.398044,2.297516,2.144804,2.450228,1,0.305425,0.305425
18,50,0.400000,1.212188,1.373155,1.220442,1.525867,0,0.305425,0.346698
18,51,0.400000,1.669038,1.636785,1.484073,1.789497,1,0.305425,0.305425
18,2,0.300000,0.792392,0.803074,0.620514,0.985634,1,0.365120,0.365120
18,5,0.300000,2.328645,2.300187,2.117626,2.482747,1,0.365120,0.365120
18,7,0.300000,0.915927,0.918876,0.736316,1.101436,1,0.365120,0.365120
18,8,0.300000,2.261120,2.353462,2.170902,2.536022,1,0.365120,0.365120
18,12,0.300000,2.903090,2.565348,2.382788,2.747908,0,0.365120,1.399666
18,14,0.300000,1.844601,1.865919,1.683359,2.048479,1,0.365120,0.365120
18,23,0.300000,0.730782,0.805498,0.622938,0.988058,1,0.365120,0.365120
18,36,0.300000,1.888179,1.661177,1.478617,1.843737,0,0.365120,0.661405
18,40,0.300000,0.558709,0.739898,0.557338,0.922458,1,0.365120,0.365120
18,48,0.300000,2.398044,2.297516,2.114956,2.480076,1,0.365120,0.365120
18,50,0.300000,1.212188,1.373155,1.190594,1.555715,1,0.365120,0.365120
18,51,0.300000,1.669038,1.636785,1.454225,1.819345,1,0.365120,0.365120
18,2,0.200000,0.792392,0.803074,0.561734,1.044414,1,0.482680,0.482680
18,5,0.200000,2.328645,2.300187,2.058847,2.541527,1,0.482680,0.482680
18,7,0.200000,0.915927,0.918876,0.677536,1.160216,1,0.482680,0.482680
18,8,0.200000,2.261120,2.353462,2.112122,2.594802,1,0.482680,0.482680
18,12,0.200000,2.903090,2.565348,2.324008,2.806688,0,0.482680,1.446701
18,14,0.200000,1.844601,1.865919,1.624579,2.107259,1,0.482680,0.482680
18,23,0.200000,0.730782,0.805498,0.564158,1.046838,1,0.482680,0.482680
18,36,0.200000,1.888179,1.661177,1.419837,1.902517,1,0.482680,0.482680
18,40,0.200000,0.558709,0.739898,0.498558,0.981238,1,0.482680,0.482680
18,48,0.200000,2.398044,2.297516,2.056176,2.538856,1,0.482680,0.482680
18,50,0.200000,1.212188,1.373155,1.131815,1.614495,1,0.482680,0.482680
18,51,0.200000,1.669038,1.636785,1.395445,1.878125,1,0.482680,0.482680
18,2,0.150000,0.792392,0.803074,0.516155,1.089993,1,0.573838,0.573838
18,5,0.150000,2.328645,2.300187,2.013268,2.587105,1,0.573838,0.573838
18,7,0.150000,0.915927,0.918876,0.631957,1.205795,1,0.573838,0.573838
18,8,0.150000,2.261120,2.353462,2.066543,2.640381,1,0.573838,0.573838
18,12,0.150000,2.903090,2.565348,2.278429,2.852267,0,0.573838,1.251481
18,14,0.150000,1.844601,1.865919,1.579000,2.152838,1,0.573838,0.573838
18,23,0.150000,0.730782,0.805498,0.518579,1.092417,1,0.573838,0.573838
18,36,0.150000,1.888179,1.661177,1.374258,1.948095,1,0.573838,0.573838
18,40,0.150000,0.558709,0.739898,0.452979,1.026817,1,0.573838,0.573838
18,48,0.150000,2.398044,2.297516,2.010597,2.584435,1,0.573838,0.573838
18,50,0.150000,1.212188,1.373155,1.086236,1.660073,1,0.573838,0.573838
18,51,0.150000,1.669038,1.636785,1.349866,1.923704,1,0.573838,0.573838
18,2,0.100000,0.792392,0.803074,0.488603,1.117545,1,0.628942,0.628942
18,5,0.100000,2.328645,2.300187,1.985716,2.614658,1,0.628942,0.628942
18,7,0.100000,0.915927,0.918876,0.604405,1.233347,1,0.628942,0.628942
18,8,0.100000,2.261120,2.353462,2.038991,2.667933,1,0.628942,0.628942
18,12,0.100000,2.903090,2.565348,2.250877,2.879819,0,0.628942,1.094362
18,14,0.100000,1.844601,1.865919,1.551448,2.180390,1,0.628942,0.628942
18,23,0.100000,0.730782,0.805498,0.491027,1.119969,1,0.628942,0.628942
18,36,0.100000,1.888179,1.661177,1.346706,1.975648,1,0.628942,0.628942
18,40,0.100000,0.558709,0.739898,0.425427,1.054369,1,0.628942,0.628942
18,48,0.100000,2.398044,2.297516,1.983045,2.611987,1,0.628942,0.628942
18,50,0.100000,1.212188,1.373155,1.058684,1.687626,1,0.628942,0.628942
18,51,0.100000,1.669038,1.636785,1.322314,1.951256,1,0.628942,0.628942
18,2,0.050000,0.792392,0.803074,0.443235,1.162913,1,0.719677,0.719677
18,5,0.050000,2.328645,2.300187,1.940348,2.660025,1,0.719677,0.719677
18,7,0.050000,0.915927,0.918876,0.559037,1.278715,1,0.719677,0.719677
18,8,0.050000,2.261120,2.353462,1.993623,2.713301,1,0.719677,0.719677
18,12,0.050000,2.903090,2.565348,2.205509,2.925187,1,0.719677,0.719677
18,14,0.050000,1.844601,1.865919,1.506080,2.225758,1,0.719677,0.719677
18,23,0.050000,0.730782,0.805498,0.445660,1.165337,1,0.719677,0.719677
18,36,0.050000,1.888179,1.661177,1.301338,2.021015,1,0.719677,0.719677
18,40,0.050000,0.558709,0.739898,0.380059,1.099737,1,0.719677,0.719677
18,48,0.050000,2.398044,2.297516,1.937677,2.657355,1,0.719677,0.719677
18,50,0.050000,1.212188,1.373155,1.013316,1.732993,1,0.719677,0.719677
18,51,0.050000,1.669038,1.636785,1.276946,1.996624,1,0.719677,0.719677
18,2,0.010000,0.792392,0.803074,0.304871,1.301276,1,0.996405,0.996405
18,5,0.010000,2.328645,2.300187,1.801984,2.798389,1,0.996405,0.996405
18,7,0.010000,0.915927,0.918876,0.420674,1.417079,1,0.996405,0.996405
18,8,0.010000,2.261120,2.353462,1.855260,2.851665,1,0.996405,0.996405
18,12,0.010000,2.903090,2.565348,2.067145,3.063550,1,0.996405,0.996405
18,14,0.010000,1.844601,1.865919,1.367717,2.364122,1,0.996405,0.996405
18,23,0.010000,0.730782,0.805498,0.307296,1.303701,1,0.996405,0.996405
18,36,0.010000,1.888179,1.661177,1.162974,2.159379,1,0.996405,0.996405
18,40,0.010000,0.558709,0.739898,0.241695,1.238100,1,0.996405,0.996405
18,48,0.010000,2.398044,2.297516,1.799313,2.795718,1,0.996405,0.996405
18,50,0.010000,1.212188,1.373155,0.874952,1.871357,1,0.996405,0.996405
18,51,0.010000,1.669038,1.636785,1.138583,2.134987,1,0.996405,0.996405
19,0,0.500000,2.061113,2.073893,1.955067,2.192719,1,0.237652,0.237652
19,10,0.500000,1.814447,1.974922,1.856095,2.093748,0,0.237652,0.404244
19,19,0.500000,2.018617,2.009160,1.890334,2.127986,1,0.237652,0.237652
19,24,0.500000,0.673021,0.771577,0.652751,0.890403,1,0.237652,0.237652
19,26,0.500000,2.195346,1.976944,1.858118,2.095771,0,0.237652,0.635954
19,27,0.500000,2.035870,2.045991,1.927165,2.164818,1,0.237652,0.237652
19,29,0.500000,1.711132,1.799662,1.680836,1.918488,1,0.237652,0.237652
19,32,0.500000,1.992995,1.996172,1.877346,2.114998,1,0.237652,0.237652
19,38,0.500000,1.966189,1.499827,1.381001,1.618653,0,0.237652,1.627795
19,43,0.500000,0.914343,0.992835,0.874008,1.111661,1,0.237652,0.237652
19,58,0.500000,2.211227,2.710387,2.591561,2.829213,0,0.237652,1.758987
19,59,0.500000,2.494057,2.487293,2.368467,2.606119,1,0.237652,0.237652
19,0,0.400000,2.061113,2.073893,1.941942,2.205844,1,0.263902,0.263902
19,10,0.400000,1.814447,1.974922,1.842971,2.106873,0,0.263902,0.406518
19,19,0.400000,2.018617,2.009160,1.877209,2.141111,1,0.263902,0.263902
19,24,0.400000,0.673021,0.771577,0.639626,0.903528,1,0.263902,0.263902
19,26,0.400000,2.195346,1.976944,1.844993,2.108895,0,0.263902,0.696155
19,27,0.400000,2.035870,2.045991,1.914040,2.177942,1,0.263902,0.263902
19,29,0.400000,1.711132,1.799662,1.667711,1.931613,1,0.263902,0.263902
19,32,0.400000,1.992995,1.996172,1.864221,2.128123,1,0.263902,0.263902
19,38,0.400000,1.966189,1.499827,1.367876,1.631778,0,0.263902,1.935956
19,43,0.400000,0.914343,0.992835,0.860884,1.124786,1,0.263902,0.263902
19,58,0.400000,2.211227,2.710387,2.578436,2.842338,0,0.263902,2.099946
19,59,0.400000,2.494057,2.487293,2.355342,2.619244,1,0.263902,0.263902
19,0,0.300000,2.061113,2.073893,1.890996,2.256790,1,0.365794,0.365794
19,10,0.300000,1.814447,1.974922,1.792024,2.157819,1,0.365794,0.365794
19,19,0.300000,2.018617,2.009160,1.826263,2.192057,1,0.365794,0.365794
19,24,0.300000,0.673021,0.771577,0.588680,0.954474,1,0.365794,0.365794
19,26,0.300000,2.195346,1.976944,1.794047,2.159842,0,0.365794,0.602491
19,27,0.300000,2.035870,2.045991,1.863094,2.228889,1,0.365794,0.365794
19,29,0.300000,1.711132,1.799662,1.616765,1.982559,1,0.365794,0.365794
19,32,0.300000,1.992995,1.996172,1.813275,2.179069,1,0.365794,0.365794
19,38,0.300000,1.966189,1.499827,1.316930,1.682724,0,0.365794,2.255559
19,43,0.300000,0.914343,0.992835,0.809937,1.175732,1,0.365794,0.365794
19,58,0.300000,2.211227,2.710387,2.527490,2.893284,0,0.365794,2.474212
19,59,0.300000,2.494057,2.487293,2.304396,2.670190,1,0.365794,0.365794
19,0,0.200000,2.061113,2.073893,1.833162,2.314624,1,0.481462,0.481462
19,10,0.200000,1.814447,1.974922,1.734191,2.215652,1,0.481462,0.481462
19,19,0.200000,2.018617,2.009160,1.768429,2.249891,1,0.481462,0.481462
19,24,0.200000,0.673021,0.771577,0.530846,1.012308,1,0.481462,0.481462
19,26,0.200000,2.195346,1.976944,1.736214,2.217675,1,0.481462,0.481462
19,27,0.200000,2.035870,2.045991,1.805261,2.286722,1,0.481462,0.481462
19,29,0.200000,1.711132,1.799662,1.558931,2.040393,1,0.481462,0.481462
19,32,0.200000,1.992995,1.996172,1.755441,2.236903,1,0.481462,0.481462
19,38,0.200000,1.966189,1.499827,1.259096,1.740558,0,0.481462,2.737772
19,43,0.200000,0.914343,0.992835,0.752104,1.233566,1,0.481462,0.481462
19,58,0.200000,2.211227,2.710387,2.469656,2.951118,0,0.481462,3.065752
19,59,0.200000,2.494057,2.487293,2.246562,2.728024,1,0.481462,0.481462
19,0,0.150000,2.061113,2.073893,1.824452,2.323334,1,0.498882,0.498882
19,10,0.150000,1.814447,1.974922,1.725481,2.224363,1,0.498882,0.498882
19,19,0.150000,2.018617,2.009160,1.759719,2.258601,1,0.498882,0.498882
19,24,0.150000,0.673021,0.771577,0.522136,1.021018,1,0.498882,0.498882
19,26,0.150000,2.195346,1.976944,1.727503,2.226385,1,0.498882,0.498882
19,27,0.150000,2.035870,2.045991,1.796550,2.295432,1,0.498882,0.498882
19,29,0.150000,1.711132,1.799662,1.550221,2.049103,1,0.498882,0.498882
19,32,0.150000,1.992995,1.996172,1.746731,2.245613,1,0.498882,0.498882
19,38,0.150000,1.966189,1.499827,1.250386,1.749268,0,0.498882,3.391161
19,43,0.150000,0.914343,0.992835,0.743394,1.242276,1,0.498882,0.498882
19,58,0.150000,2.211227,2.710387,2.460946,2.959828,0,0.498882,3.828467
19,59,0.150000,2.494057,2.487293,2.237852,2.736734,1,0.498882,0.498882
19,0,0.100000,2.061113,2.073893,1.810033,2.337753,1,0.527719,0.527719
19,10,0.100000,1.814447,1.974922,1.711062,2.238781,1,0.527719,0.527719
19,19,0.100000,2.018617,2.009160,1.745300,2.273020,1,0.527719,0.527719
19,24,0.100000,0.673021,0.771577,0.507717,1.035437,1,0.527719,0.527719
19,26,0.100000,2.195346,1.976944,1.713085,2.240804,1,0.527719,0.527719
19,27,0.100000,2.035870,2.045991,1.782132,2.309851,1,0.527719,0.527719
19,29,0.100000,1.711132,1.799662,1.535803,2.063522,1,0.527719,0.527719
19,32,0.100000,1.992995,1.996172,1.732313,2.260032,1,0.527719,0.527719
19,38,0.100000,1.966189,1.499827,1.235967,1.763686,0,0.527719,4.577765
19,43,0.100000,0.914343,0.992835,0.728975,1.256694,1,0.527719,0.527719
19,58,0.100000,2.211227,2.710387,2.446528,2.974247,0,0.527719,5.233725
19,59,0.100000,2.494057,2.487293,2.223433,2.751153,1,0.527719,0.527719
19,0,0.050000,2.061113,2.073893,1.681038,2.466748,1,0.785709,0.785709
19,10,0.050000,1.814447,1.974922,1.582067,2.367776,1,0.785709,0.785709
19,19,0.050000,2.018617,2.009160,1.616305,2.402015,1,0.785709,0.785709
19,24,0.050000,0.673021,0.771577,0.378722,1.164432,1,0.785709,0.785709
19,26,0.050000,2.195346,1.976944,1.584090,2.369799,1,0.785709,0.785709
19,27,0.050000,2.035870,2.045991,1.653137,2.438846,1,0.785709,0.785709
19,29,0.050000,1.711132,1.799662,1.406808,2.192517,1,0.785709,0.785709
19,32,0.050000,1.992995,1.996172,1.603318,2.389027,1,0.785709,0.785709
19,38,0.050000,1.966189,1.499827,1.106972,1.892681,0,0.785709,3.726001
19,43,0.050000,0.914343,0.992835,0.599980,1.385689,1,0.785709,0.785709
19,58,0.050000,2.211227,2.710387,2.317533,3.103242,0,0.785709,5.037919
19,59,0.050000,2.494057,2.487293,2.094438,2.880148,1,0.785709,0.785709
19,0,0.010000,2.061113,2.073893,1.563656,2.584130,1,1.020473,1.020473
19,10,0.010000,1.814447,1.974922,1.464685,2.485158,1,1.020473,1.020473
19,19,0.010000,2.018617,2.009160,1.498923,2.519397,1,1.020473,1.020473
19,24,0.010000,0.673021,0.771577,0.261340,1.281814,1,1.020473,1.020473
19,26,0.010000,2.195346,1.976944,1.466708,2.487181,1,1.020473,1.020473
19,27,0.010000,2.035870,2.045991,1.535755,2.556228,1,1.020473,1.020473
19,29,0.010000,1.711132,1.799662,1.289425,2.309899,1,1.020473,1.020473
19,32,0.010000,1.992995,1.996172,1.485936,2.506409,1,1.020473,1.020473
19,38,0.010000,1.966189,1.499827,0.989590,2.010063,1,1.020473,1.020473
19,43,0.010000,0.914343,0.992835,0.482598,1.503071,1,1.020473,1.020473
19,58,0.010000,2.211227,2.710387,2.200151,3.220624,1,1.020473,1.020473
19,59,0.010000,2.494057,2.487293,1.977056,2.997530,1,1.020473,1.020473
20,3,0.500000,0.447158,0.509911,0.379953,0.639869,1,0.259915,0.259915
20,7,0.500000,0.915927,0.877968,0.748010,1.007926,1,0.259915,0.259915
20,12,0.500000,2.903090,2.572723,2.442765,2.702681,0,0.259915,1.061553
20,13,0.500000,1.090611,0.806965,0.677007,0.936923,0,0.259915,0.874667
20,14,0.500000,1.844601,1.871279,1.741322,2.001237,1,0.259915,0.259915
20,20,0.500000,0.802774,0.935281,0.805323,1.065238,0,0.259915,0.270113
20,39,0.500000,1.950170,1.958026,1.828069,2.087984,1,0.259915,0.259915
20,42,0.500000,2.288964,2.253481,2.123524,2.383439,1,0.259915,0.259915
20,44,0.500000,1.184691,1.042003,0.912045,1.171961,0,0.259915,0.310839
20,51,0.500000,1.669038,1.693043,1.563086,1.823001,1,0.259915,0.259915
20,53,0.500000,0.798651,0.650076,0.520118,0.780033,0,0.259915,0.334385
20,59,0.500000,2.494057,2.415901,2.285943,2.545859,1,0.259915,0.259915
20,3,0.400000,0.447158,0.509911,0.358441,0.661381,1,0.302940,0.302940
20,7,0.400000,0.915927,0.877968,0.726498,1.029438,1,0.302940,0.302940
20,12,0.400000,2.903090,2.572723,2.421253,2.724193,0,0.302940,1.197425
20,13,0.400000,1.090611,0.806965,0.655495,0.958435,0,0.302940,0.963818
20,14,0.400000,1.844601,1.871279,1.719809,2.022750,1,0.302940,0.302940
20,20,0.400000,0.802774,0.935281,0.783811,1.086751,1,0.302940,0.302940
20,39,0.400000,1.950170,1.958026,1.806556,2.109497,1,0.302940,0.302940
20,42,0.400000,2.288964,2.253481,2.102011,2.404952,1,0.302940,0.302940
20,44,0.400000,1.184691,1.042003,0.890533,1.193473,1,0.302940,0.302940
20,51,0.400000,1.669038,1.693043,1.541573,1.844513,1,0.302940,0.302940
20,53,0.400000,0.798651,0.650076,0.498605,0.801546,1,0.302940,0.302940
20,59,0.400000,2.494057,2.415901,2.264431,2.567371,1,0.302940,0.302940
20,3,0.300000,0.447158,0.509911,0.323590,0.696232,1,0.372643,0.372643
20,7,0.300000,0.915927,0.877968,0.691647,1.064289,1,0.372643,0.372643
20,12,0.300000,2.903090,2.572723,2.386402,2.759044,0,0.372643,1.332948
20,13,0.300000,1.090611,0.806965,0.620644,0.993286,0,0.372643,1.021472
20,14,0.300000,1.844601,1.871279,1.684958,2.057601,1,0.372643,0.372643
20,20,0.300000,0.802774,0.935281,0.748959,1.121602,1,0.372643,0.372643
20,39,0.300000,1.950170,1.958026,1.771705,2.144348,1,0.372643,0.372643
20,42,0.300000,2.288964,2.253481,2.067160,2.439803,1,0.372643,0.372643
20,44,0.300000,1.184691,1.042003,0.855682,1.228324,1,0.372643,0.372643
20,51,0.300000,1.669038,1.693043,1.506722,1.879365,1,0.372643,0.372643
20,53,0.300000,0.798651,0.650076,0.463754,0.836397,1,0.372643,0.372643
20,59,0.300000,2.494057,2.415901,2.229580,2.602223,1,0.372643,0.372643
20,3,0.200000,0.447158,0.509911,0.270346,0.749475,1,0.479129,0.479129
20,7,0.200000,0.915927,0.877968,0.638404,1.117532,1,0.479129,0.479129
20,12,0.200000,2.903090,2.572723,2.333158,2.812287,0,0.479129,1.387155
20,13,0.200000,1.090611,0.806965,0.567401,1.046529,0,0.479129,0.919942
20,14,0.200000,1.844601,1.871279,1.631715,2.110844,1,0.479129,0.479129
20,20,0.200000,0.802774,0.935281,0.695716,1.174845,1,0.479129,0.479129
20,39,0.200000,1.950170,1.958026,1.718462,2.197591,1,0.479129,0.479129
20,42,0.200000,2.288964,2.253481,2.013917,2.493046,1,0.479129,0.479129
20,44,0.200000,1.184691,1.042003,0.802438,1.281567,1,0.479129,0.479129
20,51,0.200000,1.669038,1.693043,1.453479,1.932608,1,0.479129,0.479129
20,53,0.200000,0.798651,0.650076,0.410511,0.889640,1,0.479129,0.479129
20,59,0.200000,2.494057,2.415901,2.176337,2.655466,1,0.479129,0.479129
20,3,0.150000,0.447158,0.509911,0.155396,0.864426,1,0.709030,0.709030
20,7,0.150000,0.915927,0.877968,0.523453,1.232483,1,0.709030,0.709030
20,12,0.150000,2.903090,2.572723,2.218208,2.927238,1,0.709030,0.709030
20,13,0.150000,1.090611,0.806965,0.452450,1.161480,1,0.709030,0.709030
20,14,0.150000,1.844601,1.871279,1.516765,2.225794,1,0.709030,0.709030
20,20,0.150000,0.802774,0.935281,0.580766,1.289796,1,0.709030,0.709030
20,39,0.150000,1.950170,1.958026,1.603511,2.312541,1,0.709030,0.709030
20,42,0.150000,2.288964,2.253481,1.898966,2.607996,1,0.709030,0.709030
20,44,0.150000,1.184691,1.042003,0.687488,1.396518,1,0.709030,0.709030
20,51,0.150000,1.669038,1.693043,1.338528,2.047558,1,0.709030,0.709030
20,53,0.150000,0.798651,0.650076,0.295561,1.004591,1,0.709030,0.709030
20,59,0.150000,2.494057,2.415901,2.061386,2.770416,1,0.709030,0.709030
20,3,0.100000,0.447158,0.509911,0.093552,0.926270,1,0.832717,0.832717
20,7,0.100000,0.915927,0.877968,0.461609,1.294327,1,0.832717,0.832717
20,12,0.100000,2.903090,2.572723,2.156364,2.989082,1,0.832717,0.832717
20,13,0.100000,1.090611,0.806965,0.390606,1.223324,1,0.832717,0.832717
20,14,0.100000,1.844601,1.871279,1.454921,2.287638,1,0.832717,0.832717
20,20,0.100000,0.802774,0.935281,0.518922,1.351639,1,0.832717,0.832717
20,39,0.100000,1.950170,1.958026,1.541668,2.374385,1,0.832717,0.832717
20,42,0.100000,2.288964,2.253481,1.837123,2.669840,1,0.832717,0.832717
20,44,0.100000,1.184691,1.042003,0.625644,1.458362,1,0.832717,0.832717
20,51,0.100000,1.669038,1.693043,1.276685,2.109402,1,0.832717,0.832717
20,53,0.100000,0.798651,0.650076,0.233717,1.066434,1,0.832717,0.832717
20,59,0.100000,2.494057,2.415901,1.999543,2.832260,1,0.832717,0.832717
20,3,0.050000,0.447158,0.509911,0.058768,0.961054,1,0.902287,0.902287
20,7,0.050000,0.915927,0.877968,0.426825,1.329111,1,0.902287,0.902287
20,12,0.050000,2.903090,2.572723,2.121580,3.023866,1,0.902287,0.902287
20,13,0.050000,1.090611,0.806965,0.355822,1.258108,1,0.902287,0.902287
20,14,0.050000,1.844601,1.871279,1.420136,2.322423,1,0.902287,0.902287
20,20,0.050000,0.802774,0.935281,0.484137,1.386424,1,0.902287,0.902287
20,39,0.050000,1.950170,1.958026,1.506883,2.409170,1,0.902287,0.902287
20,42,0.050000,2.288964,2.253481,1.802338,2.704625,1,0.902287,0.902287
20,44,0.050000,1.184691,1.042003,0.590860,1.493146,1,0.902287,0.902287
20,51,0.050000,1.669038,1.693043,1.241900,2.144187,1,0.902287,0.902287
20,53,0.050000,0.798651,0.650076,0.198932,1.101219,1,0.902287,0.902287
20,59,0.050000,2.494057,2.415901,1.964758,2.867045,1,0.902287,0.902287
20,3,0.010000,0.447158,0.509911,-0.182889,1.202711,1,1.385599,1.385599
20,7,0.010000,0.915927,0.877968,0.185168,1.570768,1,1.385599,1.385599
20,12,0.010000,2.903090,2.572723,1.879923,3.265523,1,1.385599,1.385599
20,13,0.010000,1.090611,0.806965,0.114165,1.499765,1,1.385599,1.385599
20,14,0.010000,1.844601,1.871279,1.178480,2.564079,1,1.385599,1.385599
20,20,0.010000,0.802774,0.935281,0.242481,1.628080,1,1.385599,1.385599
20,39,0.010000,1.950170,1.958026,1.265227,2.650826,1,1.385599,1.385599
20,42,0.010000,2.288964,2.253481,1.560682,2.946281,1,1.385599,1.385599
20,44,0.010000,1.184691,1.042003,0.349203,1.734803,1,1.385599,1.385599
20,51,0.010000,1.669038,1.693043,1.000244,2.385843,1,1.385599,1.385599
20,53,0.010000,0.798651,0.650076,-0.042724,1.342875,1,1.385599,1.385599
20,59,0.010000,2.494057,2.415901,1.723101,3.108701,1,1.385599,1.385599
21,1,0.500000,1.028571,1.068327,0.933259,1.203395,1,0.270136,0.270136
21,4,0.500000,2.455439,2.577091,2.442023,2.712158,1,0.270136,0.270136
21,11,0.500000,0.895423,0.773488,0.638420,0.908556,1,0.270136,0.270136
21,16,0.500000,1.821841,1.416741,1.281673,1.551808,0,0.270136,1.350266
21,23,0.500000,0.730782,0.790888,0.655820,0.925956,1,0.270136,0.270136
21,33,0.500000,2.339888,2.440716,2.305648,2.575784,1,0.270136,0.270136
21,34,0.500000,1.905256,1.949163,1.814095,2.084231,1,0.270136,0.270136
21,36,0.500000,1.888179,1.661229,1.526161,1.796297,0,0.270136,0.637666
21,37,0.500000,2.177536,2.206205,2.071137,2.341273,1,0.270136,0.270136
21,43,0.500000,0.914343,1.103662,0.968594,1.238730,0,0.270136,0.487139
21,48,0.500000,2.398044,2.310073,2.175005,2.445141,1,0.270136,0.270136
21,54,0.500000,0.404834,0.707567,0.572499,0.842635,0,0.270136,0.940797
21,1,0.400000,1.028571,1.068327,0.908635,1.228020,1,0.319385,0.319385
21,4,0.400000,2.455439,2.577091,2.417398,2.736783,1,0.319385,0.319385
21,11,0.400000,0.895423,0.773488,0.613796,0.933180,1,0.319385,0.319385
21,16,0.400000,1.821841,1.416741,1.257048,1.576433,0,0.319385,1.546425
21,23,0.400000,0.730782,0.790888,0.631195,0.950580,1,0.319385,0.319385
21,33,0.400000,2.339888,2.440716,2.281023,2.600408,1,0.319385,0.319385
21,34,0.400000,1.905256,1.949163,1.789471,2.108855,1,0.319385,0.319385
21,36,0.400000,1.888179,1.661229,1.501537,1.820921,0,0.319385,0.655675
21,37,0.400000,2.177536,2.206205,2.046513,2.365898,1,0.319385,0.319385
21,43,0.400000,0.914343,1.103662,0.943970,1.263354,0,0.319385,0.467517
21,48,0.400000,2.398044,2.310073,2.150381,2.469765,1,0.319385,0.319385
21,54,0.400000,0.404834,0.707567,0.547874,0.867259,0,0.319385,1.034589
21,1,0.300000,1.028571,1.068327,0.837432,1.299222,1,0.461790,0.461790
21,4,0.300000,2.455439,2.577091,2.346196,2.807985,1,0.461790,0.461790
21,11,0.300000,0.895423,0.773488,0.542593,1.004383,1,0.461790,0.461790
21,16,0.300000,1.821841,1.416741,1.185846,1.647636,0,0.461790,1.623159
21,23,0.300000,0.730782,0.790888,0.559993,1.021783,1,0.461790,0.461790
21,33,0.300000,2.339888,2.440716,2.209821,2.671611,1,0.461790,0.461790
21,34,0.300000,1.905256,1.949163,1.718268,2.180058,1,0.461790,0.461790
21,36,0.300000,1.888179,1.661229,1.430334,1.892124,1,0.461790,0.461790
21,37,0.300000,2.177536,2.206205,1.975310,2.437100,1,0.461790,0.461790
21,43,0.300000,0.914343,1.103662,0.872767,1.334557,1,0.461790,0.461790
21,48,0.300000,2.398044,2.310073,2.079178,2.540968,1,0.461790,0.461790
21,54,0.300000,0.404834,0.707567,0.476672,0.938462,0,0.461790,0.940711
21,1,0.200000,1.028571,1.068327,0.748163,1.388492,1,0.640329,0.640329
21,4,0.200000,2.455439,2.577091,2.256926,2.897255,1,0.640329,0.640329
21,11,0.200000,0.895423,0.773488,0.453323,1.093653,1,0.640329,0.640329
21,16,0.200000,1.821841,1.416741,1.096576,1.736905,0,0.640329,1.489686
21,23,0.200000,0.730782,0.790888,0.470723,1.111052,1,0.640329,0.640329
21,33,0.200000,2.339888,2.440716,2.120551,2.760880,1,0.640329,0.640329
21,34,0.200000,1.905256,1.949163,1.628998,2.269328,1,0.640329,0.640329
21,36,0.200000,1.888179,1.661229,1.341064,1.981394,1,0.640329,0.640329
21,37,0.200000,2.177536,2.206205,1.886041,2.526370,1,0.640329,0.640329
21,43,0.200000,0.914343,1.103662,0.783497,1.423827,1,0.640329,0.640329
21,48,0.200000,2.398044,2.310073,1.989908,2.630238,1,0.640329,0.640329
21,54,0.200000,0.404834,0.707567,0.387402,1.027732,1,0.640329,0.640329
21,1,0.150000,1.028571,1.068327,0.705990,1.430665,1,0.724675,0.724675
21,4,0.150000,2.455439,2.577091,2.214753,2.939428,1,0.724675,0.724675
21,11,0.150000,0.895423,0.773488,0.411151,1.135825,1,0.724675,0.724675
21,16,0.150000,1.821841,1.416741,1.054403,1.779078,0,0.724675,1.294847
21,23,0.150000,0.730782,0.790888,0.428550,1.153225,1,0.724675,0.724675
21,33,0.150000,2.339888,2.440716,2.078378,2.803053,1,0.724675,0.724675
21,34,0.150000,1.905256,1.949163,1.586825,2.311500,1,0.724675,0.724675
21,36,0.150000,1.888179,1.661229,1.298892,2.023566,1,0.724675,0.724675
21,37,0.150000,2.177536,2.206205,1.843868,2.568543,1,0.724675,0.724675
21,43,0.150000,0.914343,1.103662,0.741324,1.465999,1,0.724675,0.724675
21,48,0.150000,2.398044,2.310073,1.947735,2.672410,1,0.724675,0.724675
21,54,0.150000,0.404834,0.707567,0.345229,1.069904,1,0.724675,0.724675
21,1,0.100000,1.028571,1.068327,0.594083,1.542572,1,0.948489,0.948489
21,4,0.100000,2.455439,2.577091,2.102846,3.051335,1,0.948489,0.948489
21,11,0.100000,0.895423,0.773488,0.299244,1.247732,1,0.948489,0.948489
21,16,0.100000,1.821841,1.416741,0.942496,1.890985,1,0.948489,0.948489
21,23,0.100000,0.730782,0.790888,0.316643,1.265132,1,0.948489,0.948489
21,33,0.100000,2.339888,2.440716,1.966471,2.914960,1,0.948489,0.948489
21,34,0.100000,1.905256,1.949163,1.474919,2.423407,1,0.948489,0.948489
21,36,0.100000,1.888179,1.661229,1.186985,2.135473,1,0.948489,0.948489
21,37,0.100000,2.177536,2.206205,1.731961,2.680450,1,0.948489,0.948489
21,43,0.100000,0.914343,1.103662,0.629418,1.577906,1,0.948489,0.948489
21,48,0.100000,2.398044,2.310073,1.835829,2.784317,1,0.948489,0.948489
21,54,0.100000,0.404834,0.707567,0.233322,1.181811,1,0.948489,0.948489
21,1,0.050000,1.028571,1.068327,0.512821,1.623834,1,1.111012,1.111012
21,4,0.050000,2.455439,2.577091,2.021584,3.132597,1,1.111012,1.111012
21,11,0.050000,0.895423,0.773488,0.217982,1.328994,1,1.111012,1.111012
21,16,0.050000,1.821841,1.416741,0.861234,1.972247,1,1.111012,1.111012
21,23,0.050000,0.730782,0.790888,0.235382,1.346394,1,1.111012,1.111012
21,33,0.050000,2.339888,2.440716,1.885209,2.996222,1,1.111012,1.111012
21,34,0.050000,1.905256,1.949163,1.393657,2.504669,1,1.111012,1.111012
21,36,0.050000,1.888179,1.661229,1.105723,2.216735,1,1.111012,1.111012
21,37,0.050000,2.177536,2.206205,1.650699,2.761711,1,1.111012,1.111012
21,43,0.050000,0.914343,1.103662,0.548156,1.659168,1,1.111012,1.111012
21,48,0.050000,2.398044,2.310073,1.754567,2.865579,1,1.111012,1.111012
21,54,0.050000,0.404834,0.707567,0.152061,1.263073,1,1.111012,1.111012
21,1,0.010000,1.028571,1.068327,0.493188,1.643467,1,1.150279,1.150279
21,4,0.010000,2.455439,2.577091,2.001951,3.152230,1,1.150279,1.150279
21,11,0.010000,0.895423,0.773488,0.198349,1.348627,1,1.150279,1.150279
21,16,0.010000,1.821841,1.416741,0.841601,1.991880,1,1.150279,1.150279
21,23,0.010000,0.730782,0.790888,0.215748,1.366027,1,1.150279,1.150279
21,33,0.010000,2.339888,2.440716,1.865576,3.015855,1,1.150279,1.150279
21,34,0.010000,1.905256,1.949163,1.374024,2.524302,1,1.150279,1.150279
21,36,0.010000,1.888179,1.661229,1.086090,2.236368,1,1.150279,1.150279
21,37,0.010000,2.177536,2.206205,1.631066,2.781345,1,1.150279,1.150279
21,43,0.010000,0.914343,1.103662,0.528523,1.678801,1,1.150279,1.150279
21,48,0.010000,2.398044,2.310073,1.734934,2.885212,1,1.150279,1.150279
21,54,0.010000,0.404834,0.707567,0.132428,1.282706,1,1.150279,1.150279
22,9,0.500000,0.450249,0.473001,0.341359,0.604643,1,0.263283,0.263283
22,22,0.500000,0.634477,0.728501,0.596859,0.860142,1,0.263283,0.263283
22,24,0.500000,0.673021,0.763109,0.631467,0.894750,1,0.263283,0.263283
22,26,0.500000,2.195346,1.935345,1.803703,2.066987,0,0.263283,0.776721
22,27,0.500000,2.035870,2.034704,1.903062,2.166346,1,0.263283,0.263283
22,29,0.500000,1.711132,1.844688,1.713046,1.976330,0,0.263283,0.270940
22,30,0.500000,1.832062,1.908313,1.776672,2.039955,1,0.263283,0.263283
22,41,0.500000,2.037068,2.263625,2.131984,2.395267,0,0.263283,0.642947
22,45,0.500000,0.641474,0.787877,0.656235,0.919519,0,0.263283,0.322328
22,46,0.500000,2.133762,1.981360,1.849718,2.113002,0,0.263283,0.346326
22,52,0.500000,1.466126,1.684341,1.552700,1.815983,0,0.263283,0.609578
22,58,0.500000,2.211227,2.720015,2.588373,2.851657,0,0.263283,1.771867
22,9,0.400000,0.450249,0.473001,0.324158,0.621844,1,0.297685,0.297685
22,22,0.400000,0.634477,0.728501,0.579658,0.877343,1,0.297685,0.297685
22,24,0.400000,0.673021,0.763109,0.614266,0.911951,1,0.297685,0.297685
22,26,0.400000,2.195346,1.935345,1.786502,2.084188,0,0.297685,0.853477
22,27,0.400000,2.035870,2.034704,1.885861,2.183547,1,0.297685,0.297685
22,29,0.400000,1.711132,1.844688,1.695845,1.993531,1,0.297685,0.297685
22,30,0.400000,1.832062,1.908313,1.759471,2.057156,1,0.297685,0.297685
22,41,0.400000,2.037068,2.263625,2.114783,2.412468,0,0.297685,0.686260
22,45,0.400000,0.641474,0.787877,0.639034,0.936719,1,0.297685,0.297685
22,46,0.400000,2.133762,1.981360,1.832517,2.130203,0,0.297685,0.315484
22,52,0.400000,1.466126,1.684341,1.535499,1.833184,0,0.297685,0.644549
22,58,0.400000,2.211227,2.720015,2.571172,2.868858,0,0.297685,2.097411
22,9,0.300000,0.450249,0.473001,0.288677,0.657325,1,0.368648,0.368648
22,22,0.300000,0.634477,0.728501,0.544177,0.912825,1,0.368648,0.368648
22,24,0.300000,0.673021,0.763109,0.578785,0.947433,1,0.368648,0.368648
22,26,0.300000,2.195346,1.935345,1.751021,2.119669,0,0.368648,0.873161
22,27,0.300000,2.035870,2.034704,1.850380,2.219028,1,0.368648,0.368648
22,29,0.300000,1.711132,1.844688,1.660364,2.029012,1,0.368648,0.368648
22,30,0.300000,1.832062,1.908313,1.723989,2.092637,1,0.368648,0.368648
22,41,0.300000,2.037068,2.263625,2.079301,2.447949,0,0.368648,0.650205
22,45,0.300000,0.641474,0.787877,0.603553,0.972201,1,0.368648,0.368648
22,46,0.300000,2.133762,1.981360,1.797036,2.165684,1,0.368648,0.368648
22,52,0.300000,1.466126,1.684341,1.500017,1.868665,0,0.368648,0.594591
22,58,0.300000,2.211227,2.720015,2.535691,2.904339,0,0.368648,2.531739
22,9,0.200000,0.450249,0.473001,0.219273,0.726729,1,0.507457,0.507457
22,22,0.200000,0.634477,0.728501,0.474772,0.982229,1,0.507457,0.507457
22,24,0.200000,0.673021,0.763109,0.509380,1.016837,1,0.507457,0.507457
22,26,0.200000,2.195346,1.935345,1.681617,2.189073,0,0.507457,0.570183
22,27,0.200000,2.035870,2.034704,1.780976,2.288432,1,0.507457,0.507457
22,29,0.200000,1.711132,1.844688,1.590960,2.098416,1,0.507457,0.507457
22,30,0.200000,1.832062,1.908313,1.654585,2.162042,1,0.507457,0.507457
22,41,0.200000,2.037068,2.263625,2.009897,2.517354,1,0.507457,0.507457
22,45,0.200000,0.641474,0.787877,0.534149,1.041605,1,0.507457,0.507457
22,46,0.200000,2.133762,1.981360,1.727632,2.235088,1,0.507457,0.507457
22,52,0.200000,1.466126,1.684341,1.430613,1.938070,1,0.507457,0.507457
22,58,0.200000,2.211227,2.720015,2.466287,2.973743,0,0.507457,3.058050
22,9,0.150000,0.450249,0.473001,0.183619,0.762383,1,0.578763,0.578763
22,22,0.150000,0.634477,0.728501,0.439119,1.017882,1,0.578763,0.578763
22,24,0.150000,0.673021,0.763109,0.473727,1.052490,1,0.578763,0.578763
22,26,0.150000,2.195346,1.935345,1.645963,2.224727,1,0.578763,0.578763
22,27,0.150000,2.035870,2.034704,1.745322,2.324086,1,0.578763,0.578763
22,29,0.150000,1.711132,1.844688,1.555306,2.134070,1,0.578763,0.578763
22,30,0.150000,1.832062,1.908313,1.618932,2.197695,1,0.578763,0.578763
22,41,0.150000,2.037068,2.263625,1.974244,2.553007,1,0.578763,0.578763
22,45,0.150000,0.641474,0.787877,0.498495,1.077259,1,0.578763,0.578763
22,46,0.150000,2.133762,1.981360,1.691978,2.270742,1,0.578763,0.578763
22,52,0.150000,1.466126,1.684341,1.394960,1.973723,1,0.578763,0.578763
22,58,0.150000,2.211227,2.720015,2.430633,3.009397,0,0.578763,3.504176
22,9,0.100000,0.450249,0.473001,0.154034,0.791968,1,0.637935,0.637935
22,22,0.100000,0.634477,0.728501,0.409533,1.047468,1,0.637935,0.637935
22,24,0.100000,0.673021,0.763109,0.444141,1.082076,1,0.637935,0.637935
22,26,0.100000,2.195346,1.935345,1.616378,2.254313,1,0.637935,0.637935
22,27,0.100000,2.035870,2.034704,1.715736,2.353671,1,0.637935,0.637935
22,29,0.100000,1.711132,1.844688,1.525721,2.163656,1,0.637935,0.637935
22,30,0.100000,1.832062,1.908313,1.589346,2.227281,1,0.637935,0.637935
22,41,0.100000,2.037068,2.263625,1.944658,2.582593,1,0.637935,0.637935
22,45,0.100000,0.641474,0.787877,0.468909,1.106844,1,0.637935,0.637935
22,46,0.100000,2.133762,1.981360,1.662392,2.300327,1,0.637935,0.637935
22,52,0.100000,1.466126,1.684341,1.365374,2.003309,1,0.637935,0.637935
22,58,0.100000,2.211227,2.720015,2.401048,3.038983,0,0.637935,4.434339
22,9,0.050000,0.450249,0.473001,0.087421,0.858581,1,0.771160,0.771160
22,22,0.050000,0.634477,0.728501,0.342921,1.114080,1,0.771160,0.771160
22,24,0.050000,0.673021,0.763109,0.377529,1.148688,1,0.771160,0.771160
22,26,0.050000,2.195346,1.935345,1.549765,2.320925,1,0.771160,0.771160
22,27,0.050000,2.035870,2.034704,1.649124,2.420284,1,0.771160,0.771160
22,29,0.050000,1.711132,1.844688,1.459108,2.230268,1,0.771160,0.771160
22,30,0.050000,1.832062,1.908313,1.522733,2.293893,1,0.771160,0.771160
22,41,0.050000,2.037068,2.263625,1.878046,2.649205,1,0.771160,0.771160
22,45,0.050000,0.641474,0.787877,0.402297,1.173457,1,0.771160,0.771160
22,46,0.050000,2.133762,1.981360,1.595780,2.366940,1,0.771160,0.771160
22,52,0.050000,1.466126,1.684341,1.298761,2.069921,1,0.771160,0.771160
22,58,0.050000,2.211227,2.720015,2.334435,3.105595,0,0.771160,5.699474
22,9,0.010000,0.450249,0.473001,-0.083835,1.029837,1,1.113672,1.113672
22,22,0.010000,0.634477,0.728501,0.171665,1.285337,1,1.113672,1.113672
22,24,0.010000,0.673021,0.763109,0.206273,1.319945,1,1.113672,1.113672
22,26,0.010000,2.195346,1.935345,1.378509,2.492181,1,1.113672,1.113672
22,27,0.010000,2.035870,2.034704,1.477868,2.591540,1,1.113672,1.113672
22,29,0.010000,1.711132,1.844688,1.287852,2.401524,1,1.113672,1.113672
22,30,0.010000,1.832062,1.908313,1.351477,2.465149,1,1.113672,1.113672
22,41,0.010000,2.037068,2.263625,1.706789,2.820461,1,1.113672,1.113672
22,45,0.010000,0.641474,0.787877,0.231041,1.344713,1,1.113672,1.113672
22,46,0.010000,2.133762,1.981360,1.424524,2.538196,1,1.113672,1.113672
22,52,0.010000,1.466126,1.684341,1.127505,2.241177,1,1.113672,1.113672
22,58,0.010000,2.211227,2.720015,2.163179,3.276851,1,1.113672,1.113672
23,0,0.500000,2.061113,2.133523,2.032212,2.234833,1,0.202622,0.202622
23,6,0.500000,1.769451,1.640164,1.538853,1.741475,0,0.202622,0.314527
23,17,0.500000,2.221023,2.133542,2.032231,2.234853,1,0.202622,0.202622
23,18,0.500000,0.932474,1.387090,1.285779,1.488401,0,0.202622,1.615842
23,25,0.500000,2.817764,2.423867,2.322556,2.525178,0,0.202622,1.372965
23,31,0.500000,1.869935,2.014828,1.913517,2.116139,0,0.202622,0.376949
23,38,0.500000,1.966189,1.539488,1.438177,1.640799,0,0.202622,1.504182
23,40,0.500000,0.558709,0.656845,0.555534,0.758156,1,0.202622,0.202622
23,49,0.500000,1.460748,1.354220,1.252909,1.455531,0,0.202622,0.223488
23,50,0.500000,1.212188,1.288858,1.187547,1.390169,1,0.202622,0.202622
23,55,0.500000,0.899821,0.691846,0.590535,0.793157,0,0.202622,0.629278
23,57,0.500000,1.975432,1.830569,1.729258,1.931879,0,0.202622,0.376831
23,0,0.400000,2.061113,2.133523,2.006820,2.260225,1,0.253404,0.253404
23,6,0.400000,1.769451,1.640164,1.513462,1.766866,0,0.253404,0.266330
23,17,0.400000,2.221023,2.133542,2.006840,2.260244,1,0.253404,0.253404
23,18,0.400000,0.932474,1.387090,1.260388,1.513792,0,0.253404,1.892973
23,25,0.400000,2.817764,2.423867,2.297165,2.550569,0,0.253404,1.589377
23,31,0.400000,1.869935,2.014828,1.888126,2.141530,0,0.253404,0.344358
23,38,0.400000,1.966189,1.539488,1.412786,1.666190,0,0.253404,1.753399
23,40,0.400000,0.558709,0.656845,0.530143,0.783547,1,0.253404,0.253404
23,49,0.400000,1.460748,1.354220,1.227518,1.480922,1,0.253404,0.253404
23,50,0.400000,1.212188,1.288858,1.162156,1.415560,1,0.253404,0.253404
23,55,0.400000,0.899821,0.691846,0.565144,0.818548,0,0.253404,0.659768
23,57,0.400000,1.975432,1.830569,1.703866,1.957271,0,0.253404,0.344210
23,0,0.300000,2.061113,2.133523,1.978252,2.288793,1,0.310540,0.310540
23,6,0.300000,1.769451,1.640164,1.484894,1.795434,1,0.310540,0.310540
23,17,0.300000,2.221023,2.133542,1.978272,2.288812,1,0.310540,0.310540
23,18,0.300000,0.932474,1.387090,1.231819,1.542360,0,0.310540,2.306178
23,25,0.300000,2.817764,2.423867,2.268597,2.579137,0,0.310540,1.901383
23,31,0.300000,1.869935,2.014828,1.859558,2.170098,1,0.310540,0.310540
23,38,0.300000,1.966189,1.539488,1.384217,1.694758,0,0.310540,2.120080
23,40,0.300000,0.558709,0.656845,0.501575,0.812115,1,0.310540,0.310540
23,49,0.300000,1.460748,1.354220,1.198950,1.509490,1,0.310540,0.310540
23,50,0.300000,1.212188,1.288858,1.133588,1.444128,1,0.310540,0.310540
23,55,0.300000,0.899821,0.691846,0.536575,0.847116,0,0.310540,0.661905
23,57,0.300000,1.975432,1.830569,1.675298,1.985839,1,0.310540,0.310540
23,0,0.200000,2.061113,2.133523,1.932348,2.334697,1,0.402350,0.402350
23,6,0.200000,1.769451,1.640164,1.438989,1.841339,1,0.402350,0.402350
23,17,0.200000,2.221023,2.133542,1.932368,2.334717,1,0.402350,0.402350
23,18,0.200000,0.932474,1.387090,1.185915,1.588264,0,0.402350,2.936760
23,25,0.200000,2.817764,2.423867,2.222692,2.625042,0,0.402350,2.329568
23,31,0.200000,1.869935,2.014828,1.813653,2.216003,1,0.402350,0.402350
23,38,0.200000,1.966189,1.539488,1.338313,1.740662,0,0.402350,2.657612
23,40,0.200000,0.558709,0.656845,0.455670,0.858020,1,0.402350,0.402350
23,49,0.200000,1.460748,1.354220,1.153045,1.555395,1,0.402350,0.402350
23,50,0.200000,1.212188,1.288858,1.087683,1.490033,1,0.402350,0.402350
23,55,0.200000,0.899821,0.691846,0.490671,0.893020,0,0.402350,0.470350
23,57,0.200000,1.975432,1.830569,1.629394,2.031743,1,0.402350,0.402350
23,0,0.150000,2.061113,2.133523,1.874954,2.392091,1,0.517137,0.517137
23,6,0.150000,1.769451,1.640164,1.381595,1.898732,1,0.517137,0.517137
23,17,0.150000,2.221023,2.133542,1.874974,2.392111,1,0.517137,0.517137
23,18,0.150000,0.932474,1.387090,1.128521,1.645658,0,0.517137,3.131102
23,25,0.150000,2.817764,2.423867,2.165299,2.682435,0,0.517137,2.321513
23,31,0.150000,1.869935,2.014828,1.756260,2.273397,1,0.517137,0.517137
23,38,0.150000,1.966189,1.539488,1.280919,1.798056,0,0.517137,2.758905
23,40,0.150000,0.558709,0.656845,0.398276,0.915413,1,0.517137,0.517137
23,49,0.150000,1.460748,1.354220,1.095652,1.612789,1,0.517137,0.517137
23,50,0.150000,1.212188,1.288858,1.030290,1.547427,1,0.517137,0.517137
23,55,0.150000,0.899821,0.691846,0.433277,0.950414,1,0.517137,0.517137
23,57,0.150000,1.975432,1.830569,1.572000,2.089137,1,0.517137,0.517137
23,0,0.100000,2.061113,2.133523,1.833798,2.433247,1,0.599448,0.599448
23,6,0.100000,1.769451,1.640164,1.340440,1.939888,1,0.599448,0.599448
23,17,0.100000,2.221023,2.133542,1.833818,2.433266,1,0.599448,0.599448
23,18,0.100000,0.932474,1.387090,1.087365,1.686814,0,0.599448,3.697282
23,25,0.100000,2.817764,2.423867,2.124143,2.723591,0,0.599448,2.482898
23,31,0.100000,1.869935,2.014828,1.715104,2.314552,1,0.599448,0.599448
23,38,0.100000,1.966189,1.539488,1.239763,1.839212,0,0.599448,3.138987
23,40,0.100000,0.558709,0.656845,0.357121,0.956569,1,0.599448,0.599448
23,49,0.100000,1.460748,1.354220,1.054496,1.653944,1,0.599448,0.599448
23,50,0.100000,1.212188,1.288858,0.989134,1.588582,1,0.599448,0.599448
23,55,0.100000,0.899821,0.691846,0.392121,0.991570,1,0.599448,0.599448
23,57,0.100000,1.975432,1.830569,1.530844,2.130293,1,0.599448,0.599448
23,0,0.050000,2.061113,2.133523,1.726644,2.540401,1,0.813756,0.813756
23,6,0.050000,1.769451,1.640164,1.233286,2.047042,1,0.813756,0.813756
23,17,0.050000,2.221023,2.133542,1.726664,2.540420,1,0.813756,0.813756
23,18,0.050000,0.932474,1.387090,0.980212,1.793968,0,0.813756,2.723267
23,25,0.050000,2.817764,2.423867,2.016989,2.830745,1,0.813756,0.813756
23,31,0.050000,1.869935,2.014828,1.607950,2.421706,1,0.813756,0.813756
23,38,0.050000,1.966189,1.539488,1.132610,1.946366,0,0.813756,1.606676
23,40,0.050000,0.558709,0.656845,0.249967,1.063723,1,0.813756,0.813756
23,49,0.050000,1.460748,1.354220,0.947342,1.761098,1,0.813756,0.813756
23,50,0.050000,1.212188,1.288858,0.881980,1.695736,1,0.813756,0.813756
23,55,0.050000,0.899821,0.691846,0.284968,1.098724,1,0.813756,0.813756
23,57,0.050000,1.975432,1.830569,1.423690,2.237447,1,0.813756,0.813756
23,0,0.010000,2.061113,2.133523,1.661767,2.605278,1,0.943511,0.943511
23,6,0.010000,1.769451,1.640164,1.168408,2.111919,1,0.943511,0.943511
23,17,0.010000,2.221023,2.133542,1.661787,2.605298,1,0.943511,0.943511
23,18,0.010000,0.932474,1.387090,0.915334,1.858845,1,0.943511,0.943511
23,25,0.010000,2.817764,2.423867,1.952111,2.895623,1,0.943511,0.943511
23,31,0.010000,1.869935,2.014828,1.543073,2.486584,1,0.943511,0.943511
23,38,0.010000,1.966189,1.539488,1.067732,2.011243,1,0.943511,0.943511
23,40,0.010000,0.558709,0.656845,0.185089,1.128600,1,0.943511,0.943511
23,49,0.010000,1.460748,1.354220,0.882465,1.825976,1,0.943511,0.943511
23,50,0.010000,1.212188,1.288858,0.817103,1.760614,1,0.943511,0.943511
23,55,0.010000,0.899821,0.691846,0.220090,1.163601,1,0.943511,0.943511
23,57,0.010000,1.975432,1.830569,1.358813,2.302324,1,0.943511,0.943511
24,2,0.500000,0.792392,0.772399,0.641393,0.903404,1,0.262011,0.262011
24,5,0.500000,2.328645,2.310766,2.179760,2.441771,1,0.262011,0.262011
24,8,0.500000,2.261120,2.352511,2.221506,2.483516,1,0.262011,0.262011
24,10,0.500000,1.814447,2.000394,1.869389,2.131399,0,0.262011,0.481775
24,15,0.500000,1.258158,1.271207,1.140202,1.402212,1,0.262011,0.262011
24,19,0.500000,2.018617,2.018662,1.887657,2.149667,1,0.262011,0.262011
24,21,0.500000,0.727541,0.838064,0.707059,0.969069,1,0.262011,0.262011
24,28,0.500000,2.465532,2.337764,2.206759,2.468769,1,0.262011,0.262011
24,32,0.500000,1.992995,2.015041,1.884036,2.146046,1,0.262011,0.262011
24,35,0.500000,2.703584,2.767904,2.636899,2.898909,1,0.262011,0.262011
24,47,0.500000,0.952792,0.798854,0.667849,0.929860,0,0.262011,0.353741
24,56,0.500000,1.193125,1.155236,1.024231,1.286241,1,0.262011,0.262011
24,2,0.400000,0.792392,0.772399,0.593860,0.950937,1,0.357077,0.357077
24,5,0.400000,2.328645,2.310766,2.132227,2.489304,1,0.357077,0.357077
24,8,0.400000,2.261120,2.352511,2.173972,2.531049,1,0.357077,0.357077
24,10,0.400000,1.814447,2.000394,1.821855,2.178932,0,0.357077,0.394117
24,15,0.400000,1.258158,1.271207,1.092668,1.449745,1,0.357077,0.357077
24,19,0.400000,2.018617,2.018662,1.840123,2.197200,1,0.357077,0.357077
24,21,0.400000,0.727541,0.838064,0.659526,1.016603,1,0.357077,0.357077
24,28,0.400000,2.465532,2.337764,2.159225,2.516302,1,0.357077,0.357077
24,32,0.400000,1.992995,2.015041,1.836502,2.193579,1,0.357077,0.357077
24,35,0.400000,2.703584,2.767904,2.589366,2.946443,1,0.357077,0.357077
24,47,0.400000,0.952792,0.798854,0.620316,0.977393,1,0.357077,0.357077
24,56,0.400000,1.193125,1.155236,0.976697,1.333774,1,0.357077,0.357077
24,2,0.300000,0.792392,0.772399,0.546784,0.998013,1,0.451229,0.451229
24,5,0.300000,2.328645,2.310766,2.085151,2.536380,1,0.451229,0.451229
24,8,0.300000,2.261120,2.352511,2.126897,2.578125,1,0.451229,0.451229
24,10,0.300000,1.814447,2.000394,1.774779,2.226008,1,0.451229,0.451229
24,15,0.300000,1.258158,1.271207,1.045592,1.496821,1,0.451229,0.451229
24,19,0.300000,2.018617,2.018662,1.793048,2.244276,1,0.451229,0.451229
24,21,0.300000,0.727541,0.838064,0.612450,1.063679,1,0.451229,0.451229
24,28,0.300000,2.465532,2.337764,2.112149,2.563378,1,0.451229,0.451229
24,32,0.300000,1.992995,2.015041,1.789427,2.240655,1,0.451229,0.451229
24,35,0.300000,2.703584,2.767904,2.542290,2.993518,1,0.451229,0.451229
24,47,0.300000,0.952792,0.798854,0.573240,1.024469,1,0.451229,0.451229
24,56,0.300000,1.193125,1.155236,0.929621,1.380850,1,0.451229,0.451229
24,2,0.200000,0.792392,0.772399,0.491489,1.053308,1,0.561818,0.561818
24,5,0.200000,2.328645,2.310766,2.029857,2.591675,1,0.561818,0.561818
24,8,0.200000,2.261120,2.352511,2.071602,2.633420,1,0.561818,0.561818
24,10,0.200000,1.814447,2.000394,1.719485,2.281303,1,0.561818,0.561818
24,15,0.200000,1.258158,1.271207,0.990298,1.552116,1,0.561818,0.561818
24,19,0.200000,2.018617,2.018662,1.737753,2.299571,1,0.561818,0.561818
24,21,0.200000,0.727541,0.838064,0.557155,1.118973,1,0.561818,0.561818
24,28,0.200000,2.465532,2.337764,2.056855,2.618673,1,0.561818,0.561818
24,32,0.200000,1.992995,2.015041,1.734132,2.295950,1,0.561818,0.561818
24,35,0.200000,2.703584,2.767904,2.486995,3.048813,1,0.561818,0.561818
24,47,0.200000,0.952792,0.798854,0.517945,1.079764,1,0.561818,0.561818
24,56,0.200000,1.193125,1.155236,0.874327,1.436145,1,0.561818,0.561818
24,2,0.150000,0.792392,0.772399,0.446416,1.098381,1,0.651965,0.651965
24,5,0.150000,2.328645,2.310766,1.984783,2.636748,1,0.651965,0.651965
24,8,0.150000,2.261120,2.352511,2.026529,2.678493,1,0.651965,0.651965
24,10,0.150000,1.814447,2.000394,1.674412,2.326376,1,0.651965,0.651965
24,15,0.150000,1.258158,1.271207,0.945224,1.597189,1,0.651965,0.651965
24,19,0.150000,2.018617,2.018662,1.692680,2.344644,1,0.651965,0.651965
24,21,0.150000,0.727541,0.838064,0.512082,1.164046,1,0.651965,0.651965
24,28,0.150000,2.465532,2.337764,2.011781,2.663746,1,0.651965,0.651965
24,32,0.150000,1.992995,2.015041,1.689059,2.341023,1,0.651965,0.651965
24,35,0.150000,2.703584,2.767904,2.441922,3.093886,1,0.651965,0.651965
24,47,0.150000,0.952792,0.798854,0.472872,1.124837,1,0.651965,0.651965
24,56,0.150000,1.193125,1.155236,0.829253,1.481218,1,0.651965,0.651965
24,2,0.100000,0.792392,0.772399,0.365772,1.179025,1,0.813252,0.813252
24,5,0.100000,2.328645,2.310766,1.904140,2.717392,1,0.813252,0.813252
24,8,0.100000,2.261120,2.352511,1.945885,2.759137,1,0.813252,0.813252
24,10,0.100000,1.814447,2.000394,1.593768,2.407020,1,0.813252,0.813252
24,15,0.100000,1.258158,1.271207,0.864581,1.677833,1,0.813252,0.813252
24,19,0.100000,2.018617,2.018662,1.612036,2.425288,1,0.813252,0.813252
24,21,0.100000,0.727541,0.838064,0.431438,1.244690,1,0.813252,0.813252
24,28,0.100000,2.465532,2.337764,1.931138,2.744390,1,0.813252,0.813252
24,32,0.100000,1.992995,2.015041,1.608415,2.421667,1,0.813252,0.813252
24,35,0.100000,2.703584,2.767904,2.361278,3.174530,1,0.813252,0.813252
24,47,0.100000,0.952792,0.798854,0.392228,1.205481,1,0.813252,0.813252
24,56,0.100000,1.193125,1.155236,0.748610,1.561862,1,0.813252,0.813252
24,2,0.050000,0.792392,0.772399,0.271890,1.272907,1,1.001017,1.001017
24,5,0.050000,2.328645,2.310766,1.810257,2.811274,1,1.001017,1.001017
24,8,0.050000,2.261120,2.352511,1.852002,2.853019,1,1.001017,1.001017
24,10,0.050000,1.814447,2.000394,1.499885,2.500902,1,1.001017,1.001017
24,15,0.050000,1.258158,1.271207,0.770698,1.771715,1,1.001017,1.001017
24,19,0.050000,2.018617,2.018662,1.518153,2.519170,1,1.001017,1.001017
24,21,0.050000,0.727541,0.838064,0.337556,1.338573,1,1.001017,1.001017
24,28,0.050000,2.465532,2.337764,1.837255,2.838272,1,1.001017,1.001017
24,32,0.050000,1.992995,2.015041,1.514532,2.515549,1,1.001017,1.001017
24,35,0.050000,2.703584,2.767904,2.267396,3.268413,1,1.001017,1.001017
24,47,0.050000,0.952792,0.798854,0.298346,1.299363,1,1.001017,1.001017
24,56,0.050000,1.193125,1.155236,0.654727,1.655744,1,1.001017,1.001017
24,2,0.010000,0.792392,0.772399,0.195379,1.349418,1,1.154038,1.154038
24,5,0.010000,2.328645,2.310766,1.733747,2.887785,1,1.154038,1.154038
24,8,0.010000,2.261120,2.352511,1.775492,2.929530,1,1.154038,1.154038
24,10,0.010000,1.814447,2.000394,1.423375,2.577413,1,1.154038,1.154038
24,15,0.010000,1.258158,1.271207,0.694188,1.848226,1,1.154038,1.154038
24,19,0.010000,2.018617,2.018662,1.441643,2.595681,1,1.154038,1.154038
24,21,0.010000,0.727541,0.838064,0.261045,1.415083,1,1.154038,1.154038
24,28,0.010000,2.465532,2.337764,1.760745,2.914783,1,1.154038,1.154038
24,32,0.010000,1.992995,2.015041,1.438022,2.592060,1,1.154038,1.154038
24,35,0.010000,2.703584,2.767904,2.190885,3.344923,1,1.154038,1.154038
24,47,0.010000,0.952792,0.798854,0.221835,1.375874,1,1.154038,1.154038
24,56,0.010000,1.193125,1.155236,0.578217,1.732255,1,1.154038,1.154038
25,8,0.500000,2.261120,2.406761,2.289090,2.524431,0,0.235341,0.347222
25,9,0.500000,0.450249,0.493675,0.376005,0.611345,1,0.235341,0.235341
25,10,0.500000,1.814447,1.982598,1.864928,2.100268,0,0.235341,0.437261
25,14,0.500000,1.844601,1.875351,1.757680,1.993021,1,0.235341,0.235341
25,29,0.500000,1.711132,1.815798,1.698127,1.933468,1,0.235341,0.235341
25,33,0.500000,2.339888,2.462655,2.344985,2.580325,0,0.235341,0.255726
25,36,0.500000,1.888179,1.720786,1.603116,1.838456,0,0.235341,0.434233
25,43,0.500000,0.914343,1.054690,0.937020,1.172360,0,0.235341,0.326046
25,48,0.500000,2.398044,2.321110,2.203440,2.438780,1,0.235341,0.235341
25,54,0.500000,0.404834,0.693100,0.575430,0.810771,0,0.235341,0.917726
25,57,0.500000,1.975432,1.874777,1.757106,1.992447,1,0.235341,0.235341
25,58,0.500000,2.211227,2.711540,2.593870,2.829211,0,0.235341,1.765912
25,8,0.400000,2.261120,2.406761,2.254598,2.558923,1,0.304325,0.304325
25,9,0.400000,0.450249,0.493675,0.341513,0.645837,1,0.304325,0.304325
25,10,0.400000,1.814447,1.982598,1.830436,2.134760,0,0.304325,0.384265
25,14,0.400000,1.844601,1.875351,1.723188,2.027513,1,0.304325,0.304325
25,29,0.400000,1.711132,1.815798,1.663635,1.967960,1,0.304325,0.304325
25,33,0.400000,2.339888,2.462655,2.310493,2.614817,1,0.304325,0.304325
25,36,0.400000,1.888179,1.720786,1.568624,1.872948,0,0.304325,0.380480
25,43,0.400000,0.914343,1.054690,0.902528,1.206852,1,0.304325,0.304325
25,48,0.400000,2.398044,2.321110,2.168947,2.473272,1,0.304325,0.304325
25,54,0.400000,0.404834,0.693100,0.540938,0.845263,0,0.304325,0.984846
25,57,0.400000,1.975432,1.874777,1.722614,2.026939,1,0.304325,0.304325
25,58,0.400000,2.211227,2.711540,2.559378,2.863703,0,0.304325,2.045079
25,8,0.300000,2.261120,2.406761,2.203445,2.610076,1,0.406631,0.406631
25,9,0.300000,0.450249,0.493675,0.290359,0.696990,1,0.406631,0.406631
25,10,0.300000,1.814447,1.982598,1.779282,2.185913,1,0.406631,0.406631
25,14,0.300000,1.844601,1.875351,1.672035,2.078666,1,0.406631,0.406631
25,29,0.300000,1.711132,1.815798,1.612482,2.019113,1,0.406631,0.406631
25,33,0.300000,2.339888,2.462655,2.259340,2.665971,1,0.406631,0.406631
25,36,0.300000,1.888179,1.720786,1.517471,1.924102,1,0.406631,0.406631
25,43,0.300000,0.914343,1.054690,0.851374,1.258005,1,0.406631,0.406631
25,48,0.300000,2.398044,2.321110,2.117794,2.524425,1,0.406631,0.406631
25,54,0.300000,0.404834,0.693100,0.489785,0.896416,0,0.406631,0.972972
25,57,0.300000,1.975432,1.874777,1.671461,2.078092,1,0.406631,0.406631
25,58,0.300000,2.211227,2.711540,2.508225,2.914856,0,0.406631,2.386615
25,8,0.200000,2.261120,2.406761,2.152236,2.661285,1,0.509049,0.509049
25,9,0.200000,0.450249,0.493675,0.239150,0.748199,1,0.509049,0.509049
25,10,0.200000,1.814447,1.982598,1.728073,2.237122,1,0.509049,0.509049
25,14,0.200000,1.844601,1.875351,1.620826,2.129875,1,0.509049,0.509049
25,29,0.200000,1.711132,1.815798,1.561273,2.070322,1,0.509049,0.509049
25,33,0.200000,2.339888,2.462655,2.208130,2.717180,1,0.509049,0.509049
25,36,0.200000,1.888179,1.720786,1.466262,1.975311,1,0.509049,0.509049
25,43,0.200000,0.914343,1.054690,0.800165,1.309214,1,0.509049,0.509049
25,48,0.200000,2.398044,2.321110,2.066585,2.575634,1,0.509049,0.509049
25,54,0.200000,0.404834,0.693100,0.438576,0.947625,0,0.509049,0.846470
25,57,0.200000,1.975432,1.874777,1.620252,2.129301,1,0.509049,0.509049
25,58,0.200000,2.211227,2.711540,2.457016,2.966065,0,0.509049,2.966934
25,8,0.150000,2.261120,2.406761,2.137168,2.676354,1,0.539186,0.539186
25,9,0.150000,0.450249,0.493675,0.224082,0.763268,1,0.539186,0.539186
25,10,0.150000,1.814447,1.982598,1.713005,2.252191,1,0.539186,0.539186
25,14,0.150000,1.844601,1.875351,1.605758,2.144944,1,0.539186,0.539186
25,29,0.150000,1.711132,1.815798,1.546205,2.085391,1,0.539186,0.539186
25,33,0.150000,2.339888,2.462655,2.193062,2.732248,1,0.539186,0.539186
25,36,0.150000,1.888179,1.720786,1.451193,1.990379,1,0.539186,0.539186
25,43,0.150000,0.914343,1.054690,0.785097,1.324283,1,0.539186,0.539186
25,48,0.150000,2.398044,2.321110,2.051517,2.590703,1,0.539186,0.539186
25,54,0.150000,0.404834,0.693100,0.423507,0.962693,0,0.539186,0.788168
25,57,0.150000,1.975432,1.874777,1.605184,2.144370,1,0.539186,0.539186
25,58,0.150000,2.211227,2.711540,2.441947,2.981133,0,0.539186,3.615454
25,8,0.100000,2.261120,2.406761,2.100377,2.713145,1,0.612768,0.612768
25,9,0.100000,0.450249,0.493675,0.187291,0.800059,1,0.612768,0.612768
25,10,0.100000,1.814447,1.982598,1.676214,2.288982,1,0.612768,0.612768
25,14,0.100000,1.844601,1.875351,1.568967,2.181735,1,0.612768,0.612768
25,29,0.100000,1.711132,1.815798,1.509414,2.122182,1,0.612768,0.612768
25,33,0.100000,2.339888,2.462655,2.156271,2.769039,1,0.612768,0.612768
25,36,0.100000,1.888179,1.720786,1.414402,2.027170,1,0.612768,0.612768
25,43,0.100000,0.914343,1.054690,0.748306,1.361074,1,0.612768,0.612768
25,48,0.100000,2.398044,2.321110,2.014726,2.627494,1,0.612768,0.612768
25,54,0.100000,0.404834,0.693100,0.386716,0.999484,1,0.612768,0.612768
25,57,0.100000,1.975432,1.874777,1.568393,2.181161,1,0.612768,0.612768
25,58,0.100000,2.211227,2.711540,2.405156,3.017924,0,0.612768,4.491349
25,8,0.050000,2.261120,2.406761,2.001918,2.811604,1,0.809686,0.809686
25,9,0.050000,0.450249,0.493675,0.088832,0.898518,1,0.809686,0.809686
25,10,0.050000,1.814447,1.982598,1.577755,2.387441,1,0.809686,0.809686
25,14,0.050000,1.844601,1.875351,1.470508,2.280194,1,0.809686,0.809686
25,29,0.050000,1.711132,1.815798,1.410955,2.220641,1,0.809686,0.809686
25,33,0.050000,2.339888,2.462655,2.057812,2.867498,1,0.809686,0.809686
25,36,0.050000,1.888179,1.720786,1.315943,2.125629,1,0.809686,0.809686
25,43,0.050000,0.914343,1.054690,0.649847,1.459533,1,0.809686,0.809686
25,48,0.050000,2.398044,2.321110,1.916267,2.725953,1,0.809686,0.809686
25,54,0.050000,0.404834,0.693100,0.288257,1.097943,1,0.809686,0.809686
25,57,0.050000,1.975432,1.874777,1.469934,2.279620,1,0.809686,0.809686
25,58,0.050000,2.211227,2.711540,2.306698,3.116383,0,0.809686,4.628495
25,8,0.010000,2.261120,2.406761,1.699631,3.113891,1,1.414260,1.414260
25,9,0.010000,0.450249,0.493675,-0.213455,1.200805,1,1.414260,1.414260
25,10,0.010000,1.814447,1.982598,1.275468,2.689728,1,1.414260,1.414260
25,14,0.010000,1.844601,1.875351,1.168221,2.582481,1,1.414260,1.414260
25,29,0.010000,1.711132,1.815798,1.108668,2.522928,1,1.414260,1.414260
25,33,0.010000,2.339888,2.462655,1.755525,3.169785,1,1.414260,1.414260
25,36,0.010000,1.888179,1.720786,1.013656,2.427916,1,1.414260,1.414260
25,43,0.010000,0.914343,1.054690,0.347560,1.761820,1,1.414260,1.414260
25,48,0.010000,2.398044,2.321110,1.613980,3.028240,1,1.414260,1.414260
25,54,0.010000,0.404834,0.693100,-0.014030,1.400230,1,1.414260,1.414260
25,57,0.010000,1.975432,1.874777,1.167647,2.581907,1,1.414260,1.414260
25,58,0.010000,2.211227,2.711540,2.004411,3.418670,1,1.414260,1.414260
26,4,0.500000,2.455439,2.436640,2.304701,2.568579,1,0.263878,0.263878
26,5,0.500000,2.328645,2.306010,2.174071,2.437949,1,0.263878,0.263878
26,12,0.500000,2.903090,2.509943,2.378004,2.641882,0,0.263878,1.308712
26,23,0.500000,0.730782,0.822109,0.690170,0.954048,1,0.263878,0.263878
26,25,0.500000,2.817764,2.436253,2.304314,2.568192,0,0.263878,1.262165
26,27,0.500000,2.035870,2.065070,1.933131,2.197009,1,0.263878,0.263878
26,30,0.500000,1.832062,1.878836,1.746897,2.010775,1,0.263878,0.263878
26,38,0.500000,1.966189,1.511242,1.379303,1.643181,0,0.263878,1.555910
26,42,0.500000,2.288964,2.242228,2.110289,2.374167,1,0.263878,0.263878
26,46,0.500000,2.133762,2.016270,1.884331,2.148209,1,0.263878,0.263878
26,50,0.500000,1.212188,1.322041,1.190102,1.453980,1,0.263878,0.263878
26,51,0.500000,1.669038,1.679919,1.547980,1.811858,1,0.263878,0.263878
26,4,0.400000,2.455439,2.436640,2.284472,2.588808,1,0.304336,0.304336
26,5,0.400000,2.328645,2.306010,2.153841,2.458178,1,0.304336,0.304336
26,12,0.400000,2.903090,2.509943,2.357774,2.662111,0,0.304336,1.509233
26,23,0.400000,0.730782,0.822109,0.669941,0.974277,1,0.304336,0.304336
26,25,0.400000,2.817764,2.436253,2.284085,2.588421,0,0.304336,1.451049
26,27,0.400000,2.035870,2.065070,1.912902,2.217238,1,0.304336,0.304336
26,30,0.400000,1.832062,1.878836,1.726668,2.031004,1,0.304336,0.304336
26,38,0.400000,1.966189,1.511242,1.359073,1.663410,0,0.304336,1.818230
26,42,0.400000,2.288964,2.242228,2.090059,2.394396,1,0.304336,0.304336
26,46,0.400000,2.133762,2.016270,1.864102,2.168438,1,0.304336,0.304336
26,50,0.400000,1.212188,1.322041,1.169873,1.474209,1,0.304336,0.304336
26,51,0.400000,1.669038,1.679919,1.527751,1.832087,1,0.304336,0.304336
26,4,0.300000,2.455439,2.436640,2.264257,2.609023,1,0.344767,0.344767
26,5,0.300000,2.328645,2.306010,2.133626,2.478393,1,0.344767,0.344767
26,12,0.300000,2.903090,2.509943,2.337559,2.682326,0,0.344767,1.816527
26,23,0.300000,0.730782,0.822109,0.649726,0.994492,1,0.344767,0.344767
26,25,0.300000,2.817764,2.436253,2.263869,2.608636,0,0.344767,1.738950
26,27,0.300000,2.035870,2.065070,1.892687,2.237453,1,0.344767,0.344767
26,30,0.300000,1.832062,1.878836,1.706453,2.051220,1,0.344767,0.344767
26,38,0.300000,1.966189,1.511242,1.338858,1.683625,0,0.344767,2.228524
26,42,0.300000,2.288964,2.242228,2.069844,2.414611,1,0.344767,0.344767
26,46,0.300000,2.133762,2.016270,1.843887,2.188653,1,0.344767,0.344767
26,50,0.300000,1.212188,1.322041,1.149658,1.494425,1,0.344767,0.344767
26,51,0.300000,1.669038,1.679919,1.507536,1.852302,1,0.344767,0.344767
26,4,0.200000,2.455439,2.436640,2.201555,2.671725,1,0.470170,0.470170
26,5,0.200000,2.328645,2.306010,2.070925,2.541094,1,0.470170,0.470170
26,12,0.200000,2.903090,2.509943,2.274858,2.745027,0,0.470170,2.050795
26,23,0.200000,0.730782,0.822109,0.587024,1.057194,1,0.470170,0.470170
26,25,0.200000,2.817764,2.436253,2.201168,2.671338,0,0.470170,1.934429
26,27,0.200000,2.035870,2.065070,1.829985,2.300155,1,0.470170,0.470170
26,30,0.200000,1.832062,1.878836,1.643751,2.113921,1,0.470170,0.470170
26,38,0.200000,1.966189,1.511242,1.276157,1.746327,0,0.470170,2.668791
26,42,0.200000,2.288964,2.242228,2.007143,2.477312,1,0.470170,0.470170
26,46,0.200000,2.133762,2.016270,1.781185,2.251355,1,0.470170,0.470170
26,50,0.200000,1.212188,1.322041,1.086956,1.557126,1,0.470170,0.470170
26,51,0.200000,1.669038,1.679919,1.444834,1.915004,1,0.470170,0.470170
26,4,0.150000,2.455439,2.436640,2.134065,2.739215,1,0.605151,0.605151
26,5,0.150000,2.328645,2.306010,2.003434,2.608585,1,0.605151,0.605151
26,12,0.150000,2.903090,2.509943,2.207367,2.812518,0,0.605151,1.812780
26,23,0.150000,0.730782,0.822109,0.519534,1.124684,1,0.605151,0.605151
26,25,0.150000,2.817764,2.436253,2.133678,2.738828,0,0.605151,1.657624
26,27,0.150000,2.035870,2.065070,1.762495,2.367645,1,0.605151,0.605151
26,30,0.150000,1.832062,1.878836,1.576261,2.181412,1,0.605151,0.605151
26,38,0.150000,1.966189,1.511242,1.208666,1.813817,0,0.605151,2.636774
26,42,0.150000,2.288964,2.242228,1.939652,2.544803,1,0.605151,0.605151
26,46,0.150000,2.133762,2.016270,1.713695,2.318845,1,0.605151,0.605151
26,50,0.150000,1.212188,1.322041,1.019466,1.624617,1,0.605151,0.605151
26,51,0.150000,1.669038,1.679919,1.377344,1.982494,1,0.605151,0.605151
26,4,0.100000,2.455439,2.436640,2.095069,2.778211,1,0.683142,0.683142
26,5,0.100000,2.328645,2.306010,1.964438,2.647581,1,0.683142,0.683142
26,12,0.100000,2.903090,2.509943,2.168371,2.851514,0,0.683142,1.714669
26,23,0.100000,0.730782,0.822109,0.480538,1.163680,1,0.683142,0.683142
26,25,0.100000,2.817764,2.436253,2.094682,2.777824,0,0.683142,1.481936
26,27,0.100000,2.035870,2.065070,1.723499,2.406641,1,0.683142,0.683142
26,30,0.100000,1.832062,1.878836,1.537265,2.220407,1,0.683142,0.683142
26,38,0.100000,1.966189,1.511242,1.169671,1.852813,0,0.683142,2.950660
26,42,0.100000,2.288964,2.242228,1.900656,2.583799,1,0.683142,0.683142
26,46,0.100000,2.133762,2.016270,1.674699,2.357841,1,0.683142,0.683142
26,50,0.100000,1.212188,1.322041,0.980470,1.663612,1,0.683142,0.683142
26,51,0.100000,1.669038,1.679919,1.338348,2.021490,1,0.683142,0.683142
26,4,0.050000,2.455439,2.436640,2.054574,2.818706,1,0.764133,0.764133
26,5,0.050000,2.328645,2.306010,1.923943,2.688076,1,0.764133,0.764133
26,12,0.050000,2.903090,2.509943,2.127876,2.892009,0,0.764133,1.207379
26,23,0.050000,0.730782,0.822109,0.440043,1.204175,1,0.764133,0.764133
26,25,0.050000,2.817764,2.436253,2.054187,2.818319,1,0.764133,0.764133
26,27,0.050000,2.035870,2.065070,1.683004,2.447136,1,0.764133,0.764133
26,30,0.050000,1.832062,1.878836,1.496770,2.260903,1,0.764133,0.764133
26,38,0.050000,1.966189,1.511242,1.129175,1.893308,0,0.764133,3.679361
26,42,0.050000,2.288964,2.242228,1.860161,2.624294,1,0.764133,0.764133
26,46,0.050000,2.133762,2.016270,1.634204,2.398336,1,0.764133,0.764133
26,50,0.050000,1.212188,1.322041,0.939975,1.704108,1,0.764133,0.764133
26,51,0.050000,1.669038,1.679919,1.297853,2.061985,1,0.764133,0.764133
26,4,0.010000,2.455439,2.436640,1.897046,2.976234,1,1.079187,1.079187
26,5,0.010000,2.328645,2.306010,1.766416,2.845603,1,1.079187,1.079187
26,12,0.010000,2.903090,2.509943,1.970349,3.049536,1,1.079187,1.079187
26,23,0.010000,0.730782,0.822109,0.282515,1.361703,1,1.079187,1.079187
26,25,0.010000,2.817764,2.436253,1.896659,2.975847,1,1.079187,1.079187
26,27,0.010000,2.035870,2.065070,1.525476,2.604664,1,1.079187,1.079187
26,30,0.010000,1.832062,1.878836,1.339243,2.418430,1,1.079187,1.079187
26,38,0.010000,1.966189,1.511242,0.971648,2.050835,1,1.079187,1.079187
26,42,0.010000,2.288964,2.242228,1.702634,2.781821,1,1.079187,1.079187
26,46,0.010000,2.133762,2.016270,1.476676,2.555864,1,1.079187,1.079187
26,50,0.010000,1.212188,1.322041,0.782448,1.861635,1,1.079187,1.079187
26,51,0.010000,1.669038,1.679919,1.140325,2.219513,1,1.079187,1.079187
27,0,0.500000,2.061113,2.097155,1.976844,2.217466,1,0.240623,0.240623
27,2,0.500000,0.792392,0.744542,0.624231,0.864854,1,0.240623,0.240623
27,6,0.500000,1.769451,1.674907,1.554596,1.795219,1,0.240623,0.240623
27,7,0.500000,0.915927,0.933568,0.813257,1.053879,1,0.240623,0.240623
27,11,0.500000,0.895423,0.843700,0.723389,0.964011,1,0.240623,0.240623
27,16,0.500000,1.821841,1.530327,1.410016,1.650639,0,0.240623,0.925432
27,18,0.500000,0.932474,1.434063,1.313751,1.554374,0,0.240623,1.765733
27,21,0.500000,0.727541,0.842518,0.722207,0.962829,1,0.240623,0.240623
27,22,0.500000,0.634477,0.769771,0.649460,0.890082,0,0.240623,0.300552
27,26,0.500000,2.195346,1.947160,1.826849,2.067472,0,0.240623,0.752120
27,31,0.500000,1.869935,2.008657,1.888345,2.128968,0,0.240623,0.314263
27,44,0.500000,1.184691,1.096663,0.976352,1.216975,1,0.240623,0.240623
27,0,0.400000,2.061113,2.097155,1.963114,2.231196,1,0.268083,0.268083
27,2,0.400000,0.792392,0.744542,0.610501,0.878584,1,0.268083,0.268083
27,6,0.400000,1.769451,1.674907,1.540866,1.808949,1,0.268083,0.268083
27,7,0.400000,0.915927,0.933568,0.799527,1.067609,1,0.268083,0.268083
27,11,0.400000,0.895423,0.843700,0.709659,0.977741,1,0.268083,0.268083
27,16,0.400000,1.821841,1.530327,1.396286,1.664369,0,0.268083,1.055444
27,18,0.400000,0.932474,1.434063,1.300021,1.568104,0,0.268083,2.105821
27,21,0.400000,0.727541,0.842518,0.708477,0.976559,1,0.268083,0.268083
27,22,0.400000,0.634477,0.769771,0.635729,0.903812,0,0.268083,0.274343
27,26,0.400000,2.195346,1.947160,1.813119,2.081202,0,0.268083,0.838804
27,31,0.400000,1.869935,2.008657,1.874615,2.142698,0,0.268083,0.291482
27,44,0.400000,1.184691,1.096663,0.962622,1.230705,1,0.268083,0.268083
27,0,0.300000,2.061113,2.097155,1.941635,2.252676,1,0.311041,0.311041
27,2,0.300000,0.792392,0.744542,0.589022,0.900063,1,0.311041,0.311041
27,6,0.300000,1.769451,1.674907,1.519387,1.830428,1,0.311041,0.311041
27,7,0.300000,0.915927,0.933568,0.778048,1.089089,1,0.311041,0.311041
27,11,0.300000,0.895423,0.843700,0.688180,0.999221,1,0.311041,0.311041
27,16,0.300000,1.821841,1.530327,1.374807,1.685848,0,0.311041,1.217661
27,18,0.300000,0.932474,1.434063,1.278542,1.589583,0,0.311041,2.618164
27,21,0.300000,0.727541,0.842518,0.686997,0.998039,1,0.311041,0.311041
27,22,0.300000,0.634477,0.769771,0.614250,0.925291,1,0.311041,0.311041
27,26,0.300000,2.195346,1.947160,1.791640,2.102681,0,0.311041,0.928809
27,31,0.300000,1.869935,2.008657,1.853136,2.164177,1,0.311041,0.311041
27,44,0.300000,1.184691,1.096663,0.941143,1.252184,1,0.311041,0.311041
27,0,0.200000,2.061113,2.097155,1.892941,2.301369,1,0.408428,0.408428
27,2,0.200000,0.792392,0.744542,0.540328,0.948756,1,0.408428,0.408428
27,6,0.200000,1.769451,1.674907,1.470693,1.879121,1,0.408428,0.408428
27,7,0.200000,0.915927,0.933568,0.729354,1.137782,1,0.408428,0.408428
27,11,0.200000,0.895423,0.843700,0.639486,1.047914,1,0.408428,0.408428
27,16,0.200000,1.821841,1.530327,1.326113,1.734541,0,0.408428,1.281424
27,18,0.200000,0.932474,1.434063,1.229849,1.638277,0,0.408428,3.382178
27,21,0.200000,0.727541,0.842518,0.638304,1.046732,1,0.408428,0.408428
27,22,0.200000,0.634477,0.769771,0.565557,0.973985,1,0.408428,0.408428
27,26,0.200000,2.195346,1.947160,1.742946,2.151374,0,0.408428,0.848145
27,31,0.200000,1.869935,2.008657,1.804443,2.212871,1,0.408428,0.408428
27,44,0.200000,1.184691,1.096663,0.892449,1.300877,1,0.408428,0.408428
27,0,0.150000,2.061113,2.097155,1.856301,2.338009,1,0.481709,0.481709
27,2,0.150000,0.792392,0.744542,0.503688,0.985397,1,0.481709,0.481709
27,6,0.150000,1.769451,1.674907,1.434053,1.915762,1,0.481709,0.481709
27,7,0.150000,0.915927,0.933568,0.692714,1.174422,1,0.481709,0.481709
27,11,0.150000,0.895423,0.843700,0.602846,1.084554,1,0.481709,0.481709
27,16,0.150000,1.821841,1.530327,1.289473,1.771182,0,0.481709,1.157166
27,18,0.150000,0.932474,1.434063,1.193208,1.674917,0,0.481709,3.958171
27,21,0.150000,0.727541,0.842518,0.601664,1.083372,1,0.481709,0.481709
27,22,0.150000,0.634477,0.769771,0.528916,1.010625,1,0.481709,0.481709
27,26,0.150000,2.195346,1.947160,1.706306,2.188015,0,0.481709,0.579460
27,31,0.150000,1.869935,2.008657,1.767802,2.249511,1,0.481709,0.481709
27,44,0.150000,1.184691,1.096663,0.855809,1.337518,1,0.481709,0.481709
27,0,0.100000,2.061113,2.097155,1.758817,2.435493,1,0.676676,0.676676
27,2,0.100000,0.792392,0.744542,0.406205,1.082880,1,0.676676,0.676676
27,6,0.100000,1.769451,1.674907,1.336569,2.013245,1,0.676676,0.676676
27,7,0.100000,0.915927,0.933568,0.595230,1.271906,1,0.676676,0.676676
27,11,0.100000,0.895423,0.843700,0.505362,1.182038,1,0.676676,0.676676
27,16,0.100000,1.821841,1.530327,1.191989,1.868665,1,0.676676,0.676676
27,18,0.100000,0.932474,1.434063,1.095725,1.772401,0,0.676676,3.941698
27,21,0.100000,0.727541,0.842518,0.504180,1.180856,1,0.676676,0.676676
27,22,0.100000,0.634477,0.769771,0.431433,1.108109,1,0.676676,0.676676
27,26,0.100000,2.195346,1.947160,1.608823,2.285498,1,0.676676,0.676676
27,31,0.100000,1.869935,2.008657,1.670319,2.346995,1,0.676676,0.676676
27,44,0.100000,1.184691,1.096663,0.758325,1.435001,1,0.676676,0.676676
27,0,0.050000,2.061113,2.097155,1.659821,2.534489,1,0.874667,0.874667
27,2,0.050000,0.792392,0.744542,0.307209,1.181876,1,0.874667,0.874667
27,6,0.050000,1.769451,1.674907,1.237574,2.112241,1,0.874667,0.874667
27,7,0.050000,0.915927,0.933568,0.496234,1.370902,1,0.874667,0.874667
27,11,0.050000,0.895423,0.843700,0.406366,1.281034,1,0.874667,0.874667
27,16,0.050000,1.821841,1.530327,1.092994,1.967661,1,0.874667,0.874667
27,18,0.050000,0.932474,1.434063,0.996729,1.871396,0,0.874667,3.444879
27,21,0.050000,0.727541,0.842518,0.405184,1.279852,1,0.874667,0.874667
27,22,0.050000,0.634477,0.769771,0.332437,1.207104,1,0.874667,0.874667
27,26,0.050000,2.195346,1.947160,1.509827,2.384494,1,0.874667,0.874667
27,31,0.050000,1.869935,2.008657,1.571323,2.445990,1,0.874667,0.874667
27,44,0.050000,1.184691,1.096663,0.659330,1.533997,1,0.874667,0.874667
27,0,0.010000,2.061113,2.097155,1.587964,2.606347,1,1.018383,1.018383
27,2,0.010000,0.792392,0.744542,0.235351,1.253734,1,1.018383,1.018383
27,6,0.010000,1.769451,1.674907,1.165716,2.184099,1,1.018383,1.018383
27,7,0.010000,0.915927,0.933568,0.424376,1.442760,1,1.018383,1.018383
27,11,0.010000,0.895423,0.843700,0.334509,1.352892,1,1.018383,1.018383
27,16,0.010000,1.821841,1.530327,1.021136,2.039519,1,1.018383,1.018383
27,18,0.010000,0.932474,1.434063,0.924871,1.943254,1,1.018383,1.018383
27,21,0.010000,0.727541,0.842518,0.333326,1.351710,1,1.018383,1.018383
27,22,0.010000,0.634477,0.769771,0.260579,1.278962,1,1.018383,1.018383
27,26,0.010000,2.195346,1.947160,1.437969,2.456352,1,1.018383,1.018383
27,31,0.010000,1.869935,2.008657,1.499465,2.517848,1,1.018383,1.018383
27,44,0.010000,1.184691,1.096663,0.587472,1.605855,1,1.018383,1.018383
28,1,0.500000,1.028571,0.979098,0.831523,1.126672,1,0.295149,0.295149
28,3,0.500000,0.447158,0.538784,0.391210,0.686359,1,0.295149,0.295149
28,13,0.500000,1.090611,0.857613,0.710038,1.005188,0,0.295149,0.636842
28,15,0.500000,1.258158,1.311220,1.163646,1.458795,1,0.295149,0.295149
28,20,0.500000,0.802774,0.875878,0.728304,1.023453,1,0.295149,0.295149
28,32,0.500000,1.992995,2.034939,1.887365,2.182514,1,0.295149,0.295149
28,40,0.500000,0.558709,0.771880,0.624305,0.919454,0,0.295149,0.557536
28,41,0.500000,2.037068,2.278759,2.131184,2.426333,0,0.295149,0.671614
28,49,0.500000,1.460748,1.310407,1.162833,1.457982,0,0.295149,0.306211
28,52,0.500000,1.466126,1.712470,1.564896,1.860045,0,0.295149,0.690229
28,56,0.500000,1.193125,1.118728,0.971154,1.266303,1,0.295149,0.295149
28,59,0.500000,2.494057,2.393386,2.245812,2.540961,1,0.295149,0.295149
28,1,0.400000,1.028571,0.979098,0.803063,1.155133,1,0.352070,0.352070
28,3,0.400000,0.447158,0.538784,0.362749,0.714819,1,0.352070,0.352070
28,13,0.400000,1.090611,0.857613,0.681578,1.033648,0,0.352070,0.636884
28,15,0.400000,1.258158,1.311220,1.135185,1.487255,1,0.352070,0.352070
28,20,0.400000,0.802774,0.875878,0.699843,1.051913,1,0.352070,0.352070
28,32,0.400000,1.992995,2.034939,1.858904,2.210974,1,0.352070,0.352070
28,40,0.400000,0.558709,0.771880,0.595845,0.947915,0,0.352070,0.537751
28,41,0.400000,2.037068,2.278759,2.102724,2.454793,0,0.352070,0.680349
28,49,0.400000,1.460748,1.310407,1.134372,1.486442,1,0.352070,0.352070
28,52,0.400000,1.466126,1.712470,1.536435,1.888505,0,0.352070,0.703617
28,56,0.400000,1.193125,1.118728,0.942693,1.294763,1,0.352070,0.352070
28,59,0.400000,2.494057,2.393386,2.217351,2.569421,1,0.352070,0.352070
28,1,0.300000,1.028571,0.979098,0.776734,1.181462,1,0.404728,0.404728
28,3,0.300000,0.447158,0.538784,0.336420,0.741148,1,0.404728,0.404728
28,13,0.300000,1.090611,0.857613,0.655249,1.059977,0,0.404728,0.608953
28,15,0.300000,1.258158,1.311220,1.108856,1.513584,1,0.404728,0.404728
28,20,0.300000,0.802774,0.875878,0.673514,1.078242,1,0.404728,0.404728
28,32,0.300000,1.992995,2.034939,1.832575,2.237303,1,0.404728,0.404728
28,40,0.300000,0.558709,0.771880,0.569516,0.974244,0,0.404728,0.476776
28,41,0.300000,2.037068,2.278759,2.076395,2.481122,0,0.404728,0.666907
28,49,0.300000,1.460748,1.310407,1.108043,1.512771,1,0.404728,0.404728
28,52,0.300000,1.466126,1.712470,1.510106,1.914834,0,0.404728,0.697931
28,56,0.300000,1.193125,1.118728,0.916364,1.321092,1,0.404728,0.404728
28,59,0.300000,2.494057,2.393386,2.191022,2.595750,1,0.404728,0.404728
28,1,0.200000,1.028571,0.979098,0.730421,1.227774,1,0.497353,0.497353
28,3,0.200000,0.447158,0.538784,0.290108,0.787461,1,0.497353,0.497353
28,13,0.200000,1.090611,0.857613,0.608936,1.106290,1,0.497353,0.497353
28,15,0.200000,1.258158,1.311220,1.062543,1.559897,1,0.497353,0.497353
28,20,0.200000,0.802774,0.875878,0.627201,1.124555,1,0.497353,0.497353
28,32,0.200000,1.992995,2.034939,1.786263,2.283616,1,0.497353,0.497353
28,40,0.200000,0.558709,0.771880,0.523203,1.020556,1,0.497353,0.497353
28,41,0.200000,2.037068,2.278759,2.030082,2.527435,1,0.497353,0.497353
28,49,0.200000,1.460748,1.310407,1.061731,1.559084,1,0.497353,0.497353
28,52,0.200000,1.466126,1.712470,1.463794,1.961147,1,0.497353,0.497353
28,56,0.200000,1.193125,1.118728,0.870052,1.367405,1,0.497353,0.497353
28,59,0.200000,2.494057,2.393386,2.144710,2.642063,1,0.497353,0.497353
28,1,0.150000,1.028571,0.979098,0.672792,1.285403,1,0.612611,0.612611
28,3,0.150000,0.447158,0.538784,0.232479,0.845090,1,0.612611,0.612611
28,13,0.150000,1.090611,0.857613,0.551307,1.163919,1,0.612611,0.612611
28,15,0.150000,1.258158,1.311220,1.004914,1.617526,1,0.612611,0.612611
28,20,0.150000,0.802774,0.875878,0.569572,1.182184,1,0.612611,0.612611
28,32,0.150000,1.992995,2.034939,1.728634,2.341245,1,0.612611,0.612611
28,40,0.150000,0.558709,0.771880,0.465574,1.078186,1,0.612611,0.612611
28,41,0.150000,2.037068,2.278759,1.972453,2.585064,1,0.612611,0.612611
28,49,0.150000,1.460748,1.310407,1.004102,1.616713,1,0.612611,0.612611
28,52,0.150000,1.466126,1.712470,1.406165,2.018776,1,0.612611,0.612611
28,56,0.150000,1.193125,1.118728,0.812423,1.425034,1,0.612611,0.612611
28,59,0.150000,2.494057,2.393386,2.087081,2.699692,1,0.612611,0.612611
28,1,0.100000,1.028571,0.979098,0.604273,1.353922,1,0.749649,0.749649
28,3,0.100000,0.447158,0.538784,0.163960,0.913609,1,0.749649,0.749649
28,13,0.100000,1.090611,0.857613,0.482788,1.232438,1,0.749649,0.749649
28,15,0.100000,1.258158,1.311220,0.936395,1.686045,1,0.749649,0.749649
28,20,0.100000,0.802774,0.875878,0.501053,1.250703,1,0.749649,0.749649
28,32,0.100000,1.992995,2.034939,1.660115,2.409764,1,0.749649,0.749649
28,40,0.100000,0.558709,0.771880,0.397055,1.146704,1,0.749649,0.749649
28,41,0.100000,2.037068,2.278759,1.903934,2.653583,1,0.749649,0.749649
28,49,0.100000,1.460748,1.310407,0.935583,1.685232,1,0.749649,0.749649
28,52,0.100000,1.466126,1.712470,1.337646,2.087295,1,0.749649,0.749649
28,56,0.100000,1.193125,1.118728,0.743904,1.493553,1,0.749649,0.749649
28,59,0.100000,2.494057,2.393386,2.018562,2.768211,1,0.749649,0.749649
28,1,0.050000,1.028571,0.979098,0.489284,1.468912,1,0.979628,0.979628
28,3,0.050000,0.447158,0.538784,0.048970,1.028598,1,0.979628,0.979628
28,13,0.050000,1.090611,0.857613,0.367799,1.347427,1,0.979628,0.979628
28,15,0.050000,1.258158,1.311220,0.821406,1.801034,1,0.979628,0.979628
28,20,0.050000,0.802774,0.875878,0.386064,1.365692,1,0.979628,0.979628
28,32,0.050000,1.992995,2.034939,1.545125,2.524753,1,0.979628,0.979628
28,40,0.050000,0.558709,0.771880,0.282066,1.261694,1,0.979628,0.979628
28,41,0.050000,2.037068,2.278759,1.788945,2.768572,1,0.979628,0.979628
28,49,0.050000,1.460748,1.310407,0.820593,1.800221,1,0.979628,0.979628
28,52,0.050000,1.466126,1.712470,1.222656,2.202284,1,0.979628,0.979628
28,56,0.050000,1.193125,1.118728,0.628914,1.608542,1,0.979628,0.979628
28,59,0.050000,2.494057,2.393386,1.903572,2.883200,1,0.979628,0.979628
28,1,0.010000,1.028571,0.979098,0.443560,1.514635,1,1.071074,1.071074
28,3,0.010000,0.447158,0.538784,0.003247,1.074321,1,1.071074,1.071074
28,13,0.010000,1.090611,0.857613,0.322076,1.393150,1,1.071074,1.071074
28,15,0.010000,1.258158,1.311220,0.775683,1.846757,1,1.071074,1.071074
28,20,0.010000,0.802774,0.875878,0.340341,1.411415,1,1.071074,1.071074
28,32,0.010000,1.992995,2.034939,1.499402,2.570476,1,1.071074,1.071074
28,40,0.010000,0.558709,0.771880,0.236343,1.307417,1,1.071074,1.071074
28,41,0.010000,2.037068,2.278759,1.743221,2.814296,1,1.071074,1.071074
28,49,0.010000,1.460748,1.310407,0.774870,1.845945,1,1.071074,1.071074
28,52,0.010000,1.466126,1.712470,1.176933,2.248007,1,1.071074,1.071074
28,56,0.010000,1.193125,1.118728,0.583191,1.654266,1,1.071074,1.071074
28,59,0.010000,2.494057,2.393386,1.857849,2.928924,1,1.071074,1.071074
29,17,0.500000,2.221023,2.077830,1.992000,2.163660,0,0.171660,0.401111
29,19,0.500000,2.018617,1.960494,1.874664,2.046324,1,0.171660,0.171660
29,24,0.500000,0.673021,0.741822,0.655992,0.827652,1,0.171660,0.171660
29,28,0.500000,2.465532,2.299298,2.213468,2.385128,0,0.171660,0.493275
29,34,0.500000,1.905256,1.988140,1.902310,2.073971,1,0.171660,0.171660
29,35,0.500000,2.703584,2.788740,2.702909,2.874570,1,0.171660,0.171660
29,37,0.500000,2.177536,2.143961,2.058131,2.229791,1,0.171660,0.171660
29,39,0.500000,1.950170,1.978936,1.893106,2.064766,1,0.171660,0.171660
29,45,0.500000,0.641474,0.798260,0.712430,0.884090,0,0.171660,0.455484
29,47,0.500000,0.952792,0.803301,0.717470,0.889131,0,0.171660,0.426307
29,53,0.500000,0.798651,0.630679,0.544849,0.716509,0,0.171660,0.500226
29,55,0.500000,0.899821,0.695442,0.609612,0.781273,0,0.171660,0.645852
29,17,0.400000,2.221023,2.077830,1.956277,2.199382,0,0.243105,0.351307
29,19,0.400000,2.018617,1.960494,1.838942,2.082047,1,0.243105,0.243105
29,24,0.400000,0.673021,0.741822,0.620270,0.863375,1,0.243105,0.243105
29,28,0.400000,2.465532,2.299298,2.177745,2.420850,0,0.243105,0.466511
29,34,0.400000,1.905256,1.988140,1.866588,2.109693,1,0.243105,0.243105
29,35,0.400000,2.703584,2.788740,2.667187,2.910292,1,0.243105,0.243105
29,37,0.400000,2.177536,2.143961,2.022408,2.265513,1,0.243105,0.243105
29,39,0.400000,1.950170,1.978936,1.857384,2.100489,1,0.243105,0.243105
29,45,0.400000,0.641474,0.798260,0.676708,0.919813,0,0.243105,0.419273
29,47,0.400000,0.952792,0.803301,0.681748,0.924853,0,0.243105,0.382802
29,53,0.400000,0.798651,0.630679,0.509127,0.752232,0,0.243105,0.475200
29,55,0.400000,0.899821,0.695442,0.573890,0.816995,0,0.243105,0.657233
29,17,0.300000,2.221023,2.077830,1.912758,2.242901,1,0.330143,0.330143
29,19,0.300000,2.018617,1.960494,1.795423,2.125566,1,0.330143,0.330143
29,24,0.300000,0.673021,0.741822,0.576751,0.906894,1,0.330143,0.330143
29,28,0.300000,2.465532,2.299298,2.134226,2.464369,0,0.330143,0.337891
29,34,0.300000,1.905256,1.988140,1.823069,2.153212,1,0.330143,0.330143
29,35,0.300000,2.703584,2.788740,2.623668,2.953811,1,0.330143,0.330143
29,37,0.300000,2.177536,2.143961,1.978889,2.309032,1,0.330143,0.330143
29,39,0.300000,1.950170,1.978936,1.813865,2.144008,1,0.330143,0.330143
29,45,0.300000,0.641474,0.798260,0.633189,0.963332,1,0.330143,0.330143
29,47,0.300000,0.952792,0.803301,0.638229,0.968372,1,0.330143,0.330143
29,53,0.300000,0.798651,0.630679,0.465608,0.795751,0,0.330143,0.349477
29,55,0.300000,0.899821,0.695442,0.530371,0.860514,0,0.330143,0.592186
29,17,0.200000,2.221023,2.077830,1.787137,2.368522,1,0.581385,0.581385
29,19,0.200000,2.018617,1.960494,1.669802,2.251187,1,0.581385,0.581385
29,24,0.200000,0.673021,0.741822,0.451130,1.032515,1,0.581385,0.581385
29,28,0.200000,2.465532,2.299298,2.008605,2.589990,1,0.581385,0.581385
29,34,0.200000,1.905256,1.988140,1.697448,2.278833,1,0.581385,0.581385
29,35,0.200000,2.703584,2.788740,2.498047,3.079432,1,0.581385,0.581385
29,37,0.200000,2.177536,2.143961,1.853268,2.434653,1,0.581385,0.581385
29,39,0.200000,1.950170,1.978936,1.688244,2.269629,1,0.581385,0.581385
29,45,0.200000,0.641474,0.798260,0.507568,1.088953,1,0.581385,0.581385
29,47,0.200000,0.952792,0.803301,0.512608,1.093993,1,0.581385,0.581385
29,53,0.200000,0.798651,0.630679,0.339987,0.921372,1,0.581385,0.581385
29,55,0.200000,0.899821,0.695442,0.404750,0.986135,1,0.581385,0.581385
29,17,0.150000,2.221023,2.077830,1.738932,2.416727,1,0.677795,0.677795
29,19,0.150000,2.018617,1.960494,1.621597,2.299391,1,0.677795,0.677795
29,24,0.150000,0.673021,0.741822,0.402925,1.080720,1,0.677795,0.677795
29,28,0.150000,2.465532,2.299298,1.960400,2.638195,1,0.677795,0.677795
29,34,0.150000,1.905256,1.988140,1.649243,2.327038,1,0.677795,0.677795
29,35,0.150000,2.703584,2.788740,2.449842,3.127637,1,0.677795,0.677795
29,37,0.150000,2.177536,2.143961,1.805064,2.482858,1,0.677795,0.677795
29,39,0.150000,1.950170,1.978936,1.640039,2.317834,1,0.677795,0.677795
29,45,0.150000,0.641474,0.798260,0.459363,1.137157,1,0.677795,0.677795
29,47,0.150000,0.952792,0.803301,0.464403,1.142198,1,0.677795,0.677795
29,53,0.150000,0.798651,0.630679,0.291782,0.969577,1,0.677795,0.677795
29,55,0.150000,0.899821,0.695442,0.356545,1.034340,1,0.677795,0.677795
29,17,0.100000,2.221023,2.077830,1.631604,2.524055,1,0.892451,0.892451
29,19,0.100000,2.018617,1.960494,1.514269,2.406719,1,0.892451,0.892451
29,24,0.100000,0.673021,0.741822,0.295597,1.188048,1,0.892451,0.892451
29,28,0.100000,2.465532,2.299298,1.853072,2.745523,1,0.892451,0.892451
29,34,0.100000,1.905256,1.988140,1.541915,2.434366,1,0.892451,0.892451
29,35,0.100000,2.703584,2.788740,2.342514,3.234965,1,0.892451,0.892451
29,37,0.100000,2.177536,2.143961,1.697736,2.590186,1,0.892451,0.892451
29,39,0.100000,1.950170,1.978936,1.532711,2.425162,1,0.892451,0.892451
29,45,0.100000,0.641474,0.798260,0.352035,1.244486,1,0.892451,0.892451
29,47,0.100000,0.952792,0.803301,0.357075,1.249526,1,0.892451,0.892451
29,53,0.100000,0.798651,0.630679,0.184454,1.076905,1,0.892451,0.892451
29,55,0.100000,0.899821,0.695442,0.249217,1.141668,1,0.892451,0.892451
29,17,0.050000,2.221023,2.077830,1.584858,2.570802,1,0.985944,0.985944
29,19,0.050000,2.018617,1.960494,1.467522,2.453466,1,0.985944,0.985944
29,24,0.050000,0.673021,0.741822,0.248850,1.234794,1,0.985944,0.985944
29,28,0.050000,2.465532,2.299298,1.806326,2.792270,1,0.985944,0.985944
29,34,0.050000,1.905256,1.988140,1.495168,2.481112,1,0.985944,0.985944
29,35,0.050000,2.703584,2.788740,2.295768,3.281712,1,0.985944,0.985944
29,37,0.050000,2.177536,2.143961,1.650989,2.636933,1,0.985944,0.985944
29,39,0.050000,1.950170,1.978936,1.485964,2.471908,1,0.985944,0.985944
29,45,0.050000,0.641474,0.798260,0.305288,1.291232,1,0.985944,0.985944
29,47,0.050000,0.952792,0.803301,0.310329,1.296273,1,0.985944,0.985944
29,53,0.050000,0.798651,0.630679,0.137707,1.123651,1,0.985944,0.985944
29,55,0.050000,0.899821,0.695442,0.202470,1.188415,1,0.985944,0.985944
29,17,0.010000,2.221023,2.077830,1.548023,2.607637,1,1.059614,1.059614
29,19,0.010000,2.018617,1.960494,1.430687,2.490301,1,1.059614,1.059614
29,24,0.010000,0.673021,0.741822,0.212015,1.271629,1,1.059614,1.059614
29,28,0.010000,2.465532,2.299298,1.769491,2.829105,1,1.059614,1.059614
29,34,0.010000,1.905256,1.988140,1.458333,2.517947,1,1.059614,1.059614
29,35,0.010000,2.703584,2.788740,2.258933,3.318547,1,1.059614,1.059614
29,37,0.010000,2.177536,2.143961,1.614154,2.673768,1,1.059614,1.059614
29,39,0.010000,1.950170,1.978936,1.449129,2.508743,1,1.059614,1.059614
29,45,0.010000,0.641474,0.798260,0.268453,1.328067,1,1.059614,1.059614
29,47,0.010000,0.952792,0.803301,0.273493,1.333108,1,1.059614,1.059614
29,53,0.010000,0.798651,0.630679,0.100872,1.160486,1,1.059614,1.059614
29,55,0.010000,0.899821,0.695442,0.165635,1.225250,1,1.059614,1.059614
30,4,0.500000,2.455439,2.708510,2.599869,2.817151,0,0.217282,0.795003
30,11,0.500000,0.895423,0.750198,0.641557,0.858839,0,0.217282,0.363616
30,13,0.500000,1.090611,0.825843,0.717202,0.934484,0,0.217282,0.841788
30,19,0.500000,2.018617,1.999938,1.891297,2.108579,1,0.217282,0.217282
30,27,0.500000,2.035870,2.045028,1.936387,2.153669,1,0.217282,0.217282
30,39,0.500000,1.950170,1.944412,1.835772,2.053053,1,0.217282,0.217282
30,43,0.500000,0.914343,1.006192,0.897551,1.114833,1,0.217282,0.217282
30,46,0.500000,2.133762,1.939736,1.831095,2.048377,0,0.217282,0.558823
30,51,0.500000,1.669038,1.727793,1.619153,1.836434,1,0.217282,0.217282
30,55,0.500000,0.899821,0.707704,0.599063,0.816345,0,0.217282,0.551185
30,57,0.500000,1.975432,1.883099,1.774458,1.991740,1,0.217282,0.217282
30,58,0.500000,2.211227,2.775903,2.667262,2.884544,0,0.217282,2.041420
30,4,0.400000,2.455439,2.708510,2.563762,2.853258,0,0.289495,0.831113
30,11,0.400000,0.895423,0.750198,0.605450,0.894946,0,0.289495,0.291879
30,13,0.400000,1.090611,0.825843,0.681096,0.970591,0,0.289495,0.889594
30,19,0.400000,2.018617,1.999938,1.855191,2.144686,1,0.289495,0.289495
30,27,0.400000,2.035870,2.045028,1.900280,2.189775,1,0.289495,0.289495
30,39,0.400000,1.950170,1.944412,1.799665,2.089160,1,0.289495,0.289495
30,43,0.400000,0.914343,1.006192,0.861444,1.150940,1,0.289495,0.289495
30,46,0.400000,2.133762,1.939736,1.794989,2.084484,0,0.289495,0.535887
30,51,0.400000,1.669038,1.727793,1.583046,1.872541,1,0.289495,0.289495
30,55,0.400000,0.899821,0.707704,0.562956,0.852452,0,0.289495,0.526340
30,57,0.400000,1.975432,1.883099,1.738351,2.027847,1,0.289495,0.289495
30,58,0.400000,2.211227,2.775903,2.631155,2.920650,0,0.289495,2.389134
30,4,0.300000,2.455439,2.708510,2.533001,2.884019,0,0.351018,0.868100
30,11,0.300000,0.895423,0.750198,0.574689,0.925707,1,0.351018,0.351018
30,13,0.300000,1.090611,0.825843,0.650335,1.001352,0,0.351018,0.946075
30,19,0.300000,2.018617,1.999938,1.824429,2.175447,1,0.351018,0.351018
30,27,0.300000,2.035870,2.045028,1.869519,2.220537,1,0.351018,0.351018
30,39,0.300000,1.950170,1.944412,1.768904,2.119921,1,0.351018,0.351018
30,43,0.300000,0.914343,1.006192,0.830683,1.181701,1,0.351018,0.351018
30,46,0.300000,2.133762,1.939736,1.764227,2.115245,0,0.351018,0.474467
30,51,0.300000,1.669038,1.727793,1.552285,1.903302,1,0.351018,0.351018
30,55,0.300000,0.899821,0.707704,0.532195,0.883213,0,0.351018,0.461736
30,57,0.300000,1.975432,1.883099,1.707590,2.058608,1,0.351018,0.351018
30,58,0.300000,2.211227,2.775903,2.600394,2.951412,0,0.351018,2.945462
30,4,0.200000,2.455439,2.708510,2.504801,2.912219,0,0.407418,0.901039
30,11,0.200000,0.895423,0.750198,0.546489,0.953907,1,0.407418,0.407418
30,13,0.200000,1.090611,0.825843,0.622134,1.029552,0,0.407418,1.018001
30,19,0.200000,2.018617,1.999938,1.796229,2.203647,1,0.407418,0.407418
30,27,0.200000,2.035870,2.045028,1.841319,2.248737,1,0.407418,0.407418
30,39,0.200000,1.950170,1.944412,1.740703,2.148121,1,0.407418,0.407418
30,43,0.200000,0.914343,1.006192,0.802483,1.209901,1,0.407418,0.407418
30,46,0.200000,2.133762,1.939736,1.736027,2.143445,1,0.407418,0.407418
30,51,0.200000,1.669038,1.727793,1.524084,1.931503,1,0.407418,0.407418
30,55,0.200000,0.899821,0.707704,0.503995,0.911413,1,0.407418,0.407418
30,57,0.200000,1.975432,1.883099,1.679390,2.086808,1,0.407418,0.407418
30,58,0.200000,2.211227,2.775903,2.572194,2.979612,0,0.407418,4.017081
30,4,0.150000,2.455439,2.708510,2.445789,2.971231,1,0.525442,0.525442
30,11,0.150000,0.895423,0.750198,0.487477,1.012919,1,0.525442,0.525442
30,13,0.150000,1.090611,0.825843,0.563122,1.088564,0,0.525442,0.552729
30,19,0.150000,2.018617,1.999938,1.737217,2.262659,1,0.525442,0.525442
30,27,0.150000,2.035870,2.045028,1.782307,2.307749,1,0.525442,0.525442
30,39,0.150000,1.950170,1.944412,1.681691,2.207133,1,0.525442,0.525442
30,43,0.150000,0.914343,1.006192,0.743471,1.268913,1,0.525442,0.525442
30,46,0.150000,2.133762,1.939736,1.677015,2.202457,1,0.525442,0.525442
30,51,0.150000,1.669038,1.727793,1.465073,1.990514,1,0.525442,0.525442
30,55,0.150000,0.899821,0.707704,0.444983,0.970425,1,0.525442,0.525442
30,57,0.150000,1.975432,1.883099,1.620378,2.145820,1,0.525442,0.525442
30,58,0.150000,2.211227,2.775903,2.513182,3.038624,0,0.525442,4.551501
30,4,0.100000,2.455439,2.708510,2.343042,3.073977,1,0.730935,0.730935
30,11,0.100000,0.895423,0.750198,0.384731,1.115666,1,0.730935,0.730935
30,13,0.100000,1.090611,0.825843,0.460376,1.191311,1,0.730935,0.730935
30,19,0.100000,2.018617,1.999938,1.634471,2.365406,1,0.730935,0.730935
30,27,0.100000,2.035870,2.045028,1.679560,2.410495,1,0.730935,0.730935
30,39,0.100000,1.950170,1.944412,1.578945,2.309880,1,0.730935,0.730935
30,43,0.100000,0.914343,1.006192,0.640724,1.371659,1,0.730935,0.730935
30,46,0.100000,2.133762,1.939736,1.574269,2.305204,1,0.730935,0.730935
30,51,0.100000,1.669038,1.727793,1.362326,2.093261,1,0.730935,0.730935
30,55,0.100000,0.899821,0.707704,0.342236,1.073171,1,0.730935,0.730935
30,57,0.100000,1.975432,1.883099,1.517632,2.248567,1,0.730935,0.730935
30,58,0.100000,2.211227,2.775903,2.410435,3.141370,0,0.730935,4.715093
30,4,0.050000,2.455439,2.708510,2.198055,3.218965,1,1.020911,1.020911
30,11,0.050000,0.895423,0.750198,0.239743,1.260654,1,1.020911,1.020911
30,13,0.050000,1.090611,0.825843,0.315388,1.336299,1,1.020911,1.020911
30,19,0.050000,2.018617,1.999938,1.489483,2.510394,1,1.020911,1.020911
30,27,0.050000,2.035870,2.045028,1.534572,2.555483,1,1.020911,1.020911
30,39,0.050000,1.950170,1.944412,1.433957,2.454868,1,1.020911,1.020911
30,43,0.050000,0.914343,1.006192,0.495737,1.516647,1,1.020911,1.020911
30,46,0.050000,2.133762,1.939736,1.429281,2.450192,1,1.020911,1.020911
30,51,0.050000,1.669038,1.727793,1.217338,2.238249,1,1.020911,1.020911
30,55,0.050000,0.899821,0.707704,0.197249,1.218159,1,1.020911,1.020911
30,57,0.050000,1.975432,1.883099,1.372644,2.393555,1,1.020911,1.020911
30,58,0.050000,2.211227,2.775903,2.265447,3.286358,0,1.020911,3.189713
30,4,0.010000,2.455439,2.708510,2.078898,3.338122,1,1.259224,1.259224
30,11,0.010000,0.895423,0.750198,0.120586,1.379810,1,1.259224,1.259224
30,13,0.010000,1.090611,0.825843,0.196231,1.455455,1,1.259224,1.259224
30,19,0.010000,2.018617,1.999938,1.370326,2.629550,1,1.259224,1.259224
30,27,0.010000,2.035870,2.045028,1.415416,2.674640,1,1.259224,1.259224
30,39,0.010000,1.950170,1.944412,1.314800,2.574024,1,1.259224,1.259224
30,43,0.010000,0.914343,1.006192,0.376580,1.635804,1,1.259224,1.259224
30,46,0.010000,2.133762,1.939736,1.310124,2.569348,1,1.259224,1.259224
30,51,0.010000,1.669038,1.727793,1.098182,2.357405,1,1.259224,1.259224
30,55,0.010000,0.899821,0.707704,0.078092,1.337316,1,1.259224,1.259224
30,57,0.010000,1.975432,1.883099,1.253487,2.512711,1,1.259224,1.259224
30,58,0.010000,2.211227,2.775903,2.146291,3.405515,1,1.259224,1.259224
31,3,0.500000,0.447158,0.520752,0.393652,0.647852,1,0.254199,0.254199
31,6,0.500000,1.769451,1.674891,1.547791,1.801990,1,0.254199,0.254199
31,12,0.500000,2.903090,2.394503,2.267403,2.521603,0,0.254199,1.780148
31,14,0.500000,1.844601,1.879080,1.751980,2.006180,1,0.254199,0.254199
31,15,0.500000,1.258158,1.288400,1.161300,1.415499,1,0.254199,0.254199
31,18,0.500000,0.932474,1.388894,1.261794,1.515993,0,0.254199,1.571480
31,29,0.500000,1.711132,1.799344,1.672244,1.926444,1,0.254199,0.254199
31,35,0.500000,2.703584,2.506577,2.379477,2.633676,0,0.254199,0.533829
31,37,0.500000,2.177536,2.232496,2.105397,2.359596,1,0.254199,0.254199
31,38,0.500000,1.966189,1.545198,1.418099,1.672298,0,0.254199,1.429763
31,41,0.500000,2.037068,2.301890,2.174791,2.428990,0,0.254199,0.805091
31,54,0.500000,0.404834,0.671047,0.543948,0.798147,0,0.254199,0.810655
31,3,0.400000,0.447158,0.520752,0.377543,0.663961,1,0.286418,0.286418
31,6,0.400000,1.769451,1.674891,1.531682,1.818100,1,0.286418,0.286418
31,12,0.400000,2.903090,2.394503,2.251294,2.537712,0,0.286418,2.113307
31,14,0.400000,1.844601,1.879080,1.735871,2.022289,1,0.286418,0.286418
31,15,0.400000,1.258158,1.288400,1.145191,1.431609,1,0.286418,0.286418
31,18,0.400000,0.932474,1.388894,1.245684,1.532103,0,0.286418,1.852472
31,29,0.400000,1.711132,1.799344,1.656135,1.942553,1,0.286418,0.286418
31,35,0.400000,2.703584,2.506577,2.363367,2.649786,0,0.286418,0.555408
31,37,0.400000,2.177536,2.232496,2.089287,2.375705,1,0.286418,0.286418
31,38,0.400000,1.966189,1.545198,1.401989,1.688407,0,0.286418,1.675325
31,41,0.400000,2.037068,2.301890,2.158681,2.445099,0,0.286418,0.894486
31,54,0.400000,0.404834,0.671047,0.527838,0.814256,0,0.286418,0.901440
31,3,0.300000,0.447158,0.520752,0.363592,0.677912,1,0.314320,0.314320
31,6,0.300000,1.769451,1.674891,1.517731,1.832051,1,0.314320,0.314320
31,12,0.300000,2.903090,2.394503,2.237343,2.551663,0,0.314320,2.657166
31,14,0.300000,1.844601,1.879080,1.721920,2.036240,1,0.314320,0.314320
31,15,0.300000,1.258158,1.288400,1.131240,1.445560,1,0.314320,0.314320
31,18,0.300000,0.932474,1.388894,1.231734,1.546054,0,0.314320,2.309386
31,29,0.300000,1.711132,1.799344,1.642184,1.956504,1,0.314320,0.314320
31,35,0.300000,2.703584,2.506577,2.349417,2.663737,0,0.314320,0.579968
31,37,0.300000,2.177536,2.232496,2.075336,2.389656,1,0.314320,0.314320
31,38,0.300000,1.966189,1.545198,1.388038,1.702358,0,0.314320,2.073190
31,41,0.300000,2.037068,2.301890,2.144730,2.459050,0,0.314320,1.032071
31,54,0.300000,0.404834,0.671047,0.513887,0.828207,0,0.314320,1.041343
31,3,0.200000,0.447158,0.520752,0.342794,0.698711,1,0.355917,0.355917
31,6,0.200000,1.769451,1.674891,1.496932,1.852849,1,0.355917,0.355917
31,12,0.200000,2.903090,2.394503,2.216545,2.572462,0,0.355917,3.662201
31,14,0.200000,1.844601,1.879080,1.701121,2.057038,1,0.355917,0.355917
31,15,0.200000,1.258158,1.288400,1.110441,1.466358,1,0.355917,0.355917
31,18,0.200000,0.932474,1.388894,1.210935,1.566852,0,0.355917,3.140531
31,29,0.200000,1.711132,1.799344,1.621386,1.977303,1,0.355917,0.355917
31,35,0.200000,2.703584,2.506577,2.328618,2.684535,0,0.355917,0.546404
31,37,0.200000,2.177536,2.232496,2.054538,2.410455,1,0.355917,0.355917
31,38,0.200000,1.966189,1.545198,1.367240,1.723157,0,0.355917,2.786238
31,41,0.200000,2.037068,2.301890,2.123932,2.479849,0,0.355917,1.224559
31,54,0.200000,0.404834,0.671047,0.493089,0.849006,0,0.355917,1.238468
31,3,0.150000,0.447158,0.520752,0.318506,0.722998,1,0.404492,0.404492
31,6,0.150000,1.769451,1.674891,1.472645,1.877137,1,0.404492,0.404492
31,12,0.150000,2.903090,2.394503,2.192257,2.596749,0,0.404492,4.489039
31,14,0.150000,1.844601,1.879080,1.676834,2.081326,1,0.404492,0.404492
31,15,0.150000,1.258158,1.288400,1.086154,1.490646,1,0.404492,0.404492
31,18,0.150000,0.932474,1.388894,1.186648,1.591139,0,0.404492,3.793479
31,29,0.150000,1.711132,1.799344,1.597098,2.001590,1,0.404492,0.404492
31,35,0.150000,2.703584,2.506577,2.304331,2.708822,1,0.404492,0.404492
31,37,0.150000,2.177536,2.232496,2.030250,2.434742,1,0.404492,0.404492
31,38,0.150000,1.966189,1.545198,1.342952,1.747444,0,0.404492,3.321087
31,41,0.150000,2.037068,2.301890,2.099645,2.504136,0,0.404492,1.238849
31,54,0.150000,0.404834,0.671047,0.468801,0.873293,0,0.404492,1.257394
31,3,0.100000,0.447158,0.520752,0.248513,0.792991,1,0.544478,0.544478
31,6,0.100000,1.769451,1.674891,1.402652,1.947130,1,0.544478,0.544478
31,12,0.100000,2.903090,2.394503,2.122264,2.666742,0,0.544478,5.271439
31,14,0.100000,1.844601,1.879080,1.606841,2.151319,1,0.544478,0.544478
31,15,0.100000,1.258158,1.288400,1.016161,1.560638,1,0.544478,0.544478
31,18,0.100000,0.932474,1.388894,1.116655,1.661132,0,0.544478,4.228099
31,29,0.100000,1.711132,1.799344,1.527105,2.071583,1,0.544478,0.544478
31,35,0.100000,2.703584,2.506577,2.234338,2.778815,1,0.544478,0.544478
31,37,0.100000,2.177536,2.232496,1.960257,2.504735,1,0.544478,0.544478
31,38,0.100000,1.966189,1.545198,1.272959,1.817437,0,0.544478,3.519511
31,41,0.100000,2.037068,2.301890,2.029652,2.574129,1,0.544478,0.544478
31,54,0.100000,0.404834,0.671047,0.398808,0.943286,1,0.544478,0.544478
31,3,0.050000,0.447158,0.520752,0.198762,0.842743,1,0.643981,0.643981
31,6,0.050000,1.769451,1.674891,1.352900,1.996881,1,0.643981,0.643981
31,12,0.050000,2.903090,2.394503,2.072513,2.716494,0,0.643981,8.107837
31,14,0.050000,1.844601,1.879080,1.557089,2.201070,1,0.643981,0.643981
31,15,0.050000,1.258158,1.288400,0.966409,1.610390,1,0.643981,0.643981
31,18,0.050000,0.932474,1.388894,1.066903,1.710884,0,0.643981,6.021156
31,29,0.050000,1.711132,1.799344,1.477354,2.121335,1,0.643981,0.643981
31,35,0.050000,2.703584,2.506577,2.184586,2.828567,1,0.643981,0.643981
31,37,0.050000,2.177536,2.232496,1.910506,2.554487,1,0.643981,0.643981
31,38,0.050000,1.966189,1.545198,1.223208,1.867189,0,0.643981,4.603981
31,41,0.050000,2.037068,2.301890,1.979900,2.623881,1,0.643981,0.643981
31,54,0.050000,0.404834,0.671047,0.349057,0.993038,1,0.643981,0.643981
31,3,0.010000,0.447158,0.520752,0.108629,0.932875,1,0.824246,0.824246
31,6,0.010000,1.769451,1.674891,1.262768,2.087014,1,0.824246,0.824246
31,12,0.010000,2.903090,2.394503,1.982380,2.806626,0,0.824246,20.116995
31,14,0.010000,1.844601,1.879080,1.466957,2.291203,1,0.824246,0.824246
31,15,0.010000,1.258158,1.288400,0.876277,1.700523,1,0.824246,0.824246
31,18,0.010000,0.932474,1.388894,0.976770,1.801017,0,0.824246,9.683588
31,29,0.010000,1.711132,1.799344,1.387221,2.211467,1,0.824246,0.824246
31,35,0.010000,2.703584,2.506577,2.094453,2.918700,1,0.824246,0.824246
31,37,0.010000,2.177536,2.232496,1.820373,2.644619,1,0.824246,0.824246
31,38,0.010000,1.966189,1.545198,1.133075,1.957321,0,0.824246,2.597716
31,41,0.010000,2.037068,2.301890,1.889767,2.714014,1,0.824246,0.824246
31,54,0.010000,0.404834,0.671047,0.258924,1.083170,1,0.824246,0.824246
32,0,0.500000,2.061113,2.114251,1.990249,2.238253,1,0.248004,0.248004
32,1,0.500000,1.028571,1.039513,0.915511,1.163515,1,0.248004,0.248004
32,7,0.500000,0.915927,0.901808,0.777806,1.025810,1,0.248004,0.248004
32,8,0.500000,2.261120,2.345772,2.221770,2.469774,1,0.248004,0.248004
32,9,0.500000,0.450249,0.511003,0.387001,0.635005,1,0.248004,0.248004
32,10,0.500000,1.814447,1.987334,1.863332,2.111335,0,0.248004,0.443541
32,16,0.500000,1.821841,1.453537,1.329535,1.577539,0,0.248004,1.225211
32,21,0.500000,0.727541,0.821308,0.697306,0.945310,1,0.248004,0.248004
32,25,0.500000,2.817764,2.465126,2.341124,2.589128,0,0.248004,1.162548
32,26,0.500000,2.195346,1.962646,1.838644,2.086648,0,0.248004,0.682796
32,33,0.500000,2.339888,2.414797,2.290795,2.538799,1,0.248004,0.248004
32,44,0.500000,1.184691,1.078728,0.954726,1.202730,1,0.248004,0.248004
32,0,0.400000,2.061113,2.114251,1.973006,2.255496,1,0.282490,0.282490
32,1,0.400000,1.028571,1.039513,0.898268,1.180758,1,0.282490,0.282490
32,7,0.400000,0.915927,0.901808,0.760563,1.043053,1,0.282490,0.282490
32,8,0.400000,2.261120,2.345772,2.204527,2.487017,1,0.282490,0.282490
32,9,0.400000,0.450249,0.511003,0.369758,0.652248,1,0.282490,0.282490
32,10,0.400000,1.814447,1.987334,1.846089,2.128578,0,0.282490,0.440696
32,16,0.400000,1.821841,1.453537,1.312292,1.594782,0,0.282490,1.417784
32,21,0.400000,0.727541,0.821308,0.680063,0.962553,1,0.282490,0.282490
32,25,0.400000,2.817764,2.465126,2.323881,2.606370,0,0.282490,1.339456
32,26,0.400000,2.195346,1.962646,1.821401,2.103891,0,0.282490,0.739766
32,33,0.400000,2.339888,2.414797,2.273552,2.556042,1,0.282490,0.282490
32,44,0.400000,1.184691,1.078728,0.937483,1.219973,1,0.282490,0.282490
32,0,0.300000,2.061113,2.114251,1.922951,2.305550,1,0.382599,0.382599
32,1,0.300000,1.028571,1.039513,0.848214,1.230813,1,0.382599,0.382599
32,7,0.300000,0.915927,0.901808,0.710508,1.093107,1,0.382599,0.382599
32,8,0.300000,2.261120,2.345772,2.154473,2.537072,1,0.382599,0.382599
32,9,0.300000,0.450249,0.511003,0.319704,0.702303,1,0.382599,0.382599
32,10,0.300000,1.814447,1.987334,1.796034,2.178633,1,0.382599,0.382599
32,16,0.300000,1.821841,1.453537,1.262238,1.644837,0,0.382599,1.562627
32,21,0.300000,0.727541,0.821308,0.630008,1.012607,1,0.382599,0.382599
32,25,0.300000,2.817764,2.465126,2.273826,2.656425,0,0.382599,1.458189
32,26,0.300000,2.195346,1.962646,1.771346,2.153946,0,0.382599,0.658602
32,33,0.300000,2.339888,2.414797,2.223497,2.606096,1,0.382599,0.382599
32,44,0.300000,1.184691,1.078728,0.887428,1.270028,1,0.382599,0.382599
32,0,0.200000,2.061113,2.114251,1.854812,2.373690,1,0.518878,0.518878
32,1,0.200000,1.028571,1.039513,0.780074,1.298952,1,0.518878,0.518878
32,7,0.200000,0.915927,0.901808,0.642369,1.161247,1,0.518878,0.518878
32,8,0.200000,2.261120,2.345772,2.086333,2.605211,1,0.518878,0.518878
32,9,0.200000,0.450249,0.511003,0.251565,0.770442,1,0.518878,0.518878
32,10,0.200000,1.814447,1.987334,1.727895,2.246772,1,0.518878,0.518878
32,16,0.200000,1.821841,1.453537,1.194098,1.712976,0,0.518878,1.607526
32,21,0.200000,0.727541,0.821308,0.561869,1.080747,1,0.518878,0.518878
32,25,0.200000,2.817764,2.465126,2.205687,2.724564,0,0.518878,1.450870
32,26,0.200000,2.195346,1.962646,1.703207,2.222085,1,0.518878,0.518878
32,33,0.200000,2.339888,2.414797,2.155358,2.674236,1,0.518878,0.518878
32,44,0.200000,1.184691,1.078728,0.819289,1.338167,1,0.518878,0.518878
32,0,0.150000,2.061113,2.114251,1.816076,2.412426,1,0.596350,0.596350
32,1,0.150000,1.028571,1.039513,0.741339,1.337688,1,0.596350,0.596350
32,7,0.150000,0.915927,0.901808,0.603633,1.199982,1,0.596350,0.596350
32,8,0.150000,2.261120,2.345772,2.047597,2.643947,1,0.596350,0.596350
32,9,0.150000,0.450249,0.511003,0.212829,0.809178,1,0.596350,0.596350
32,10,0.150000,1.814447,1.987334,1.689159,2.285508,1,0.596350,0.596350
32,16,0.150000,1.821841,1.453537,1.155362,1.751712,0,0.596350,1.531401
32,21,0.150000,0.727541,0.821308,0.523133,1.119483,1,0.596350,0.596350
32,25,0.150000,2.817764,2.465126,2.166951,2.763300,0,0.596350,1.322526
32,26,0.150000,2.195346,1.962646,1.664471,2.260821,1,0.596350,0.596350
32,33,0.150000,2.339888,2.414797,2.116622,2.712972,1,0.596350,0.596350
32,44,0.150000,1.184691,1.078728,0.780553,1.376903,1,0.596350,0.596350
32,0,0.100000,2.061113,2.114251,1.745752,2.482750,1,0.736999,0.736999
32,1,0.100000,1.028571,1.039513,0.671014,1.408013,1,0.736999,0.736999
32,7,0.100000,0.915927,0.901808,0.533308,1.270307,1,0.736999,0.736999
32,8,0.100000,2.261120,2.345772,1.977273,2.714272,1,0.736999,0.736999
32,9,0.100000,0.450249,0.511003,0.142504,0.879503,1,0.736999,0.736999
32,10,0.100000,1.814447,1.987334,1.618834,2.355833,1,0.736999,0.736999
32,16,0.100000,1.821841,1.453537,1.085038,1.822037,1,0.736999,0.736999
32,21,0.100000,0.727541,0.821308,0.452808,1.189807,1,0.736999,0.736999
32,25,0.100000,2.817764,2.465126,2.096626,2.833625,1,0.736999,0.736999
32,26,0.100000,2.195346,1.962646,1.594147,2.331145,1,0.736999,0.736999
32,33,0.100000,2.339888,2.414797,2.046297,2.783296,1,0.736999,0.736999
32,44,0.100000,1.184691,1.078728,0.710229,1.447227,1,0.736999,0.736999
32,0,0.050000,2.061113,2.114251,1.625464,2.603038,1,0.977574,0.977574
32,1,0.050000,1.028571,1.039513,0.550726,1.528301,1,0.977574,0.977574
32,7,0.050000,0.915927,0.901808,0.413020,1.390595,1,0.977574,0.977574
32,8,0.050000,2.261120,2.345772,1.856985,2.834559,1,0.977574,0.977574
32,9,0.050000,0.450249,0.511003,0.022216,0.999791,1,0.977574,0.977574
32,10,0.050000,1.814447,1.987334,1.498546,2.476121,1,0.977574,0.977574
32,16,0.050000,1.821841,1.453537,0.964750,1.942324,1,0.977574,0.977574
32,21,0.050000,0.727541,0.821308,0.332521,1.310095,1,0.977574,0.977574
32,25,0.050000,2.817764,2.465126,1.976338,2.953913,1,0.977574,0.977574
32,26,0.050000,2.195346,1.962646,1.473859,2.451433,1,0.977574,0.977574
32,33,0.050000,2.339888,2.414797,1.926010,2.903584,1,0.977574,0.977574
32,44,0.050000,1.184691,1.078728,0.589941,1.567515,1,0.977574,0.977574
32,0,0.010000,2.061113,2.114251,1.551922,2.676580,1,1.124658,1.124658
32,1,0.010000,1.028571,1.039513,0.477185,1.601842,1,1.124658,1.124658
32,7,0.010000,0.915927,0.901808,0.339479,1.464136,1,1.124658,1.124658
32,8,0.010000,2.261120,2.345772,1.783443,2.908101,1,1.124658,1.124658
32,9,0.010000,0.450249,0.511003,-0.051325,1.073332,1,1.124658,1.124658
32,10,0.010000,1.814447,1.987334,1.425005,2.549662,1,1.124658,1.124658
32,16,0.010000,1.821841,1.453537,0.891208,2.015866,1,1.124658,1.124658
32,21,0.010000,0.727541,0.821308,0.258979,1.383637,1,1.124658,1.124658
32,25,0.010000,2.817764,2.465126,1.902797,3.027454,1,1.124658,1.124658
32,26,0.010000,2.195346,1.962646,1.400317,2.524975,1,1.124658,1.124658
32,33,0.010000,2.339888,2.414797,1.852468,2.977126,1,1.124658,1.124658
32,44,0.010000,1.184691,1.078728,0.516399,1.641057,1,1.124658,1.124658
33,2,0.500000,0.792392,0.750120,0.635228,0.865011,1,0.229784,0.229784
33,17,0.500000,2.221023,2.109882,1.994990,2.224774,1,0.229784,0.229784
33,20,0.500000,0.802774,0.942877,0.827985,1.057769,0,0.229784,0.330629
33,22,0.500000,0.634477,0.760259,0.645367,0.875150,0,0.229784,0.273342
33,24,0.500000,0.673021,0.788031,0.673139,0.902923,0,0.229784,0.230257
33,31,0.500000,1.869935,2.033057,1.918165,2.147949,0,0.229784,0.422702
33,32,0.500000,1.992995,2.018799,1.903907,2.133691,1,0.229784,0.229784
33,42,0.500000,2.288964,2.256013,2.141121,2.370905,1,0.229784,0.229784
33,47,0.500000,0.952792,0.829964,0.715072,0.944856,0,0.229784,0.261531
33,49,0.500000,1.460748,1.330090,1.215198,1.444982,0,0.229784,0.292847
33,50,0.500000,1.212188,1.314326,1.199434,1.429218,1,0.229784,0.229784
33,53,0.500000,0.798651,0.678569,0.563677,0.793460,0,0.229784,0.250545
33,2,0.400000,0.792392,0.750120,0.619762,0.880477,1,0.260715,0.260715
33,17,0.400000,2.221023,2.109882,1.979525,2.240240,1,0.260715,0.260715
33,20,0.400000,0.802774,0.942877,0.812519,1.073234,0,0.260715,0.309443
33,22,0.400000,0.634477,0.760259,0.629901,0.890616,1,0.260715,0.260715
33,24,0.400000,0.673021,0.788031,0.657674,0.918389,1,0.260715,0.260715
33,31,0.400000,1.869935,2.033057,1.902699,2.163414,0,0.260715,0.424534
33,32,0.400000,1.992995,2.018799,1.888442,2.149157,1,0.260715,0.260715
33,42,0.400000,2.288964,2.256013,2.125656,2.386371,1,0.260715,0.260715
33,47,0.400000,0.952792,0.829964,0.699606,0.960321,1,0.260715,0.260715
33,49,0.400000,1.460748,1.330090,1.199732,1.460447,0,0.260715,0.262216
33,50,0.400000,1.212188,1.314326,1.183969,1.444684,1,0.260715,0.260715
33,53,0.400000,0.798651,0.678569,0.548211,0.808926,1,0.260715,0.260715
33,2,0.300000,0.792392,0.750120,0.590221,0.910018,1,0.319798,0.319798
33,17,0.300000,2.221023,2.109882,1.949983,2.269781,1,0.319798,0.319798
33,20,0.300000,0.802774,0.942877,0.782978,1.102776,1,0.319798,0.319798
33,22,0.300000,0.634477,0.760259,0.600360,0.920157,1,0.319798,0.319798
33,24,0.300000,0.673021,0.788031,0.628132,0.947930,1,0.319798,0.319798
33,31,0.300000,1.869935,2.033057,1.873158,2.192956,0,0.319798,0.341281
33,32,0.300000,1.992995,2.018799,1.858900,2.178698,1,0.319798,0.319798
33,42,0.300000,2.288964,2.256013,2.096114,2.415912,1,0.319798,0.319798
33,47,0.300000,0.952792,0.829964,0.670065,0.989863,1,0.319798,0.319798
33,49,0.300000,1.460748,1.330090,1.170191,1.489989,1,0.319798,0.319798
33,50,0.300000,1.212188,1.314326,1.154427,1.474225,1,0.319798,0.319798
33,53,0.300000,0.798651,0.678569,0.518670,0.838467,1,0.319798,0.319798
33,2,0.200000,0.792392,0.750120,0.497520,1.002719,1,0.505200,0.505200
33,17,0.200000,2.221023,2.109882,1.857282,2.362482,1,0.505200,0.505200
33,20,0.200000,0.802774,0.942877,0.690277,1.195477,1,0.505200,0.505200
33,22,0.200000,0.634477,0.760259,0.507659,1.012859,1,0.505200,0.505200
33,24,0.200000,0.673021,0.788031,0.535431,1.040631,1,0.505200,0.505200
33,31,0.200000,1.869935,2.033057,1.780457,2.285657,1,0.505200,0.505200
33,32,0.200000,1.992995,2.018799,1.766199,2.271399,1,0.505200,0.505200
33,42,0.200000,2.288964,2.256013,2.003413,2.508613,1,0.505200,0.505200
33,47,0.200000,0.952792,0.829964,0.577364,1.082564,1,0.505200,0.505200
33,49,0.200000,1.460748,1.330090,1.077490,1.582690,1,0.505200,0.505200
33,50,0.200000,1.212188,1.314326,1.061726,1.566926,1,0.505200,0.505200
33,53,0.200000,0.798651,0.678569,0.425969,0.931168,1,0.505200,0.505200
33,2,0.150000,0.792392,0.750120,0.430660,1.069579,1,0.638918,0.638918
33,17,0.150000,2.221023,2.109882,1.790423,2.429341,1,0.638918,0.638918
33,20,0.150000,0.802774,0.942877,0.623418,1.262336,1,0.638918,0.638918
33,22,0.150000,0.634477,0.760259,0.440799,1.079718,1,0.638918,0.638918
33,24,0.150000,0.673021,0.788031,0.468572,1.107490,1,0.638918,0.638918
33,31,0.150000,1.869935,2.033057,1.713598,2.352516,1,0.638918,0.638918
33,32,0.150000,1.992995,2.018799,1.699340,2.338258,1,0.638918,0.638918
33,42,0.150000,2.288964,2.256013,1.936554,2.575472,1,0.638918,0.638918
33,47,0.150000,0.952792,0.829964,0.510505,1.149423,1,0.638918,0.638918
33,49,0.150000,1.460748,1.330090,1.010631,1.649549,1,0.638918,0.638918
33,50,0.150000,1.212188,1.314326,0.994867,1.633785,1,0.638918,0.638918
33,53,0.150000,0.798651,0.678569,0.359109,0.998028,1,0.638918,0.638918
33,2,0.100000,0.792392,0.750120,0.337042,1.163197,1,0.826155,0.826155
33,17,0.100000,2.221023,2.109882,1.696805,2.522960,1,0.826155,0.826155
33,20,0.100000,0.802774,0.942877,0.529799,1.355954,1,0.826155,0.826155
33,22,0.100000,0.634477,0.760259,0.347181,1.173336,1,0.826155,0.826155
33,24,0.100000,0.673021,0.788031,0.374954,1.201109,1,0.826155,0.826155
33,31,0.100000,1.869935,2.033057,1.619979,2.446134,1,0.826155,0.826155
33,32,0.100000,1.992995,2.018799,1.605722,2.431877,1,0.826155,0.826155
33,42,0.100000,2.288964,2.256013,1.842936,2.669091,1,0.826155,0.826155
33,47,0.100000,0.952792,0.829964,0.416886,1.243041,1,0.826155,0.826155
33,49,0.100000,1.460748,1.330090,0.917012,1.743167,1,0.826155,0.826155
33,50,0.100000,1.212188,1.314326,0.901249,1.727404,1,0.826155,0.826155
33,53,0.100000,0.798651,0.678569,0.265491,1.091646,1,0.826155,0.826155
33,2,0.050000,0.792392,0.750120,0.246163,1.254076,1,1.007913,1.007913
33,17,0.050000,2.221023,2.109882,1.605925,2.613839,1,1.007913,1.007913
33,20,0.050000,0.802774,0.942877,0.438920,1.446834,1,1.007913,1.007913
33,22,0.050000,0.634477,0.760259,0.256302,1.264215,1,1.007913,1.007913
33,24,0.050000,0.673021,0.788031,0.284074,1.291988,1,1.007913,1.007913
33,31,0.050000,1.869935,2.033057,1.529100,2.537013,1,1.007913,1.007913
33,32,0.050000,1.992995,2.018799,1.514842,2.522756,1,1.007913,1.007913
33,42,0.050000,2.288964,2.256013,1.752056,2.759970,1,1.007913,1.007913
33,47,0.050000,0.952792,0.829964,0.326007,1.333920,1,1.007913,1.007913
33,49,0.050000,1.460748,1.330090,0.826133,1.834046,1,1.007913,1.007913
33,50,0.050000,1.212188,1.314326,0.810369,1.818283,1,1.007913,1.007913
33,53,0.050000,0.798651,0.678569,0.174612,1.182525,1,1.007913,1.007913
33,2,0.010000,0.792392,0.750120,0.059943,1.440296,1,1.380352,1.380352
33,17,0.010000,2.221023,2.109882,1.419706,2.800058,1,1.380352,1.380352
33,20,0.010000,0.802774,0.942877,0.252701,1.633053,1,1.380352,1.380352
33,22,0.010000,0.634477,0.760259,0.070082,1.450435,1,1.380352,1.380352
33,24,0.010000,0.673021,0.788031,0.097855,1.478207,1,1.380352,1.380352
33,31,0.010000,1.869935,2.033057,1.342881,2.723233,1,1.380352,1.380352
33,32,0.010000,1.992995,2.018799,1.328623,2.708975,1,1.380352,1.380352
33,42,0.010000,2.288964,2.256013,1.565837,2.946189,1,1.380352,1.380352
33,47,0.010000,0.952792,0.829964,0.139788,1.520140,1,1.380352,1.380352
33,49,0.010000,1.460748,1.330090,0.639914,2.020266,1,1.380352,1.380352
33,50,0.010000,1.212188,1.314326,0.624150,2.004502,1,1.380352,1.380352
33,53,0.010000,0.798651,0.678569,-0.011608,1.368745,1,1.380352,1.380352
34,5,0.500000,2.328645,2.272186,2.159517,2.384854,1,0.225337,0.225337
34,23,0.500000,0.730782,0.800269,0.687600,0.912937,1,0.225337,0.225337
34,28,0.500000,2.465532,2.289178,2.176510,2.401847,0,0.225337,0.480075
34,30,0.500000,1.832062,1.878947,1.766279,1.991616,1,0.225337,0.225337
34,34,0.500000,1.905256,1.989485,1.876816,2.102154,1,0.225337,0.225337
34,36,0.500000,1.888179,1.688290,1.575621,1.800959,0,0.225337,0.574220
34,40,0.500000,0.558709,0.910554,0.797885,1.023222,0,0.225337,1.182043
34,45,0.500000,0.641474,0.912041,0.799373,1.024710,0,0.225337,0.856932
34,48,0.500000,2.398044,2.275885,2.163217,2.388554,0,0.225337,0.263298
34,52,0.500000,1.466126,1.689875,1.577206,1.802543,0,0.225337,0.669658
34,56,0.500000,1.193125,1.140708,1.028039,1.253377,1,0.225337,0.225337
34,59,0.500000,2.494057,2.416186,2.303517,2.528855,1,0.225337,0.225337
34,5,0.400000,2.328645,2.272186,2.138892,2.405479,1,0.266587,0.266587
34,23,0.400000,0.730782,0.800269,0.666975,0.933562,1,0.266587,0.266587
34,28,0.400000,2.465532,2.289178,2.155885,2.422472,0,0.266587,0.481885
34,30,0.400000,1.832062,1.878947,1.745654,2.012241,1,0.266587,0.266587
34,34,0.400000,1.905256,1.989485,1.856191,2.122779,1,0.266587,0.266587
34,36,0.400000,1.888179,1.688290,1.554996,1.821584,0,0.266587,0.599566
34,40,0.400000,0.558709,0.910554,0.777260,1.043847,0,0.266587,1.359344
34,45,0.400000,0.641474,0.912041,0.778748,1.045335,0,0.266587,0.952955
34,48,0.400000,2.398044,2.275885,2.142592,2.409179,1,0.266587,0.266587
34,52,0.400000,1.466126,1.689875,1.556581,1.823168,0,0.266587,0.718863
34,56,0.400000,1.193125,1.140708,1.007414,1.274002,1,0.266587,0.266587
34,59,0.400000,2.494057,2.416186,2.282892,2.549480,1,0.266587,0.266587
34,5,0.300000,2.328645,2.272186,2.100281,2.444090,1,0.343809,0.343809
34,23,0.300000,0.730782,0.800269,0.628364,0.972173,1,0.343809,0.343809
34,28,0.300000,2.465532,2.289178,2.117274,2.461083,0,0.343809,0.373468
34,30,0.300000,1.832062,1.878947,1.707043,2.050852,1,0.343809,0.343809
34,34,0.300000,1.905256,1.989485,1.817581,2.161389,1,0.343809,0.343809
34,36,0.300000,1.888179,1.688290,1.516386,1.860194,0,0.343809,0.530376
34,40,0.300000,0.558709,0.910554,0.738649,1.082458,0,0.343809,1.543414
34,45,0.300000,0.641474,0.912041,0.740137,1.083946,0,0.343809,1.001562
34,48,0.300000,2.398044,2.275885,2.103981,2.447790,1,0.343809,0.343809
34,52,0.300000,1.466126,1.689875,1.517970,1.861779,0,0.343809,0.689439
34,56,0.300000,1.193125,1.140708,0.968804,1.312612,1,0.343809,0.343809
34,59,0.300000,2.494057,2.416186,2.244282,2.588090,1,0.343809,0.343809
34,5,0.200000,2.328645,2.272186,2.051739,2.492632,1,0.440893,0.440893
34,23,0.200000,0.730782,0.800269,0.579822,1.020715,1,0.440893,0.440893
34,28,0.200000,2.465532,2.289178,2.068732,2.509625,1,0.440893,0.440893
34,30,0.200000,1.832062,1.878947,1.658501,2.099394,1,0.440893,0.440893
34,34,0.200000,1.905256,1.989485,1.769038,2.209932,1,0.440893,0.440893
34,36,0.200000,1.888179,1.688290,1.467843,1.908737,1,0.440893,0.440893
34,40,0.200000,0.558709,0.910554,0.690107,1.131000,0,0.440893,1.754878
34,45,0.200000,0.641474,0.912041,0.691595,1.132488,0,0.440893,0.942100
34,48,0.200000,2.398044,2.275885,2.055439,2.496332,1,0.440893,0.440893
34,52,0.200000,1.466126,1.689875,1.469428,1.910321,0,0.440893,0.473914
34,56,0.200000,1.193125,1.140708,0.920261,1.361155,1,0.440893,0.440893
34,59,0.200000,2.494057,2.416186,2.195739,2.636633,1,0.440893,0.440893
34,5,0.150000,2.328645,2.272186,1.984326,2.560045,1,0.575720,0.575720
34,23,0.150000,0.730782,0.800269,0.512409,1.088128,1,0.575720,0.575720
34,28,0.150000,2.465532,2.289178,2.001319,2.577038,1,0.575720,0.575720
34,30,0.150000,1.832062,1.878947,1.591088,2.166807,1,0.575720,0.575720
34,34,0.150000,1.905256,1.989485,1.701625,2.277345,1,0.575720,0.575720
34,36,0.150000,1.888179,1.688290,1.400430,1.976150,1,0.575720,0.575720
34,40,0.150000,0.558709,0.910554,0.622694,1.198414,0,0.575720,1.428857
34,45,0.150000,0.641474,0.912041,0.624182,1.199901,1,0.575720,0.575720
34,48,0.150000,2.398044,2.275885,1.988026,2.563745,1,0.575720,0.575720
34,52,0.150000,1.466126,1.689875,1.402015,1.977734,1,0.575720,0.575720
34,56,0.150000,1.193125,1.140708,0.852848,1.428568,1,0.575720,0.575720
34,59,0.150000,2.494057,2.416186,2.128326,2.704046,1,0.575720,0.575720
34,5,0.100000,2.328645,2.272186,1.924426,2.619945,1,0.695518,0.695518
34,23,0.100000,0.730782,0.800269,0.452509,1.148028,1,0.695518,0.695518
34,28,0.100000,2.465532,2.289178,1.941419,2.636938,1,0.695518,0.695518
34,30,0.100000,1.832062,1.878947,1.531188,2.226707,1,0.695518,0.695518
34,34,0.100000,1.905256,1.989485,1.641726,2.337244,1,0.695518,0.695518
34,36,0.100000,1.888179,1.688290,1.340531,2.036049,1,0.695518,0.695518
34,40,0.100000,0.558709,0.910554,0.562795,1.258313,0,0.695518,0.777237
34,45,0.100000,0.641474,0.912041,0.564282,1.259801,1,0.695518,0.695518
34,48,0.100000,2.398044,2.275885,1.928126,2.623645,1,0.695518,0.695518
34,52,0.100000,1.466126,1.689875,1.342115,2.037634,1,0.695518,0.695518
34,56,0.100000,1.193125,1.140708,0.792949,1.488467,1,0.695518,0.695518
34,59,0.100000,2.494057,2.416186,2.068427,2.763945,1,0.695518,0.695518
34,5,0.050000,2.328645,2.272186,1.826634,2.717738,1,0.891104,0.891104
34,23,0.050000,0.730782,0.800269,0.354717,1.245820,1,0.891104,0.891104
34,28,0.050000,2.465532,2.289178,1.843626,2.734730,1,0.891104,0.891104
34,30,0.050000,1.832062,1.878947,1.433395,2.324499,1,0.891104,0.891104
34,34,0.050000,1.905256,1.989485,1.543933,2.435037,1,0.891104,0.891104
34,36,0.050000,1.888179,1.688290,1.242738,2.133842,1,0.891104,0.891104
34,40,0.050000,0.558709,0.910554,0.465002,1.356106,1,0.891104,0.891104
34,45,0.050000,0.641474,0.912041,0.466489,1.357593,1,0.891104,0.891104
34,48,0.050000,2.398044,2.275885,1.830333,2.721437,1,0.891104,0.891104
34,52,0.050000,1.466126,1.689875,1.244323,2.135427,1,0.891104,0.891104
34,56,0.050000,1.193125,1.140708,0.695156,1.586260,1,0.891104,0.891104
34,59,0.050000,2.494057,2.416186,1.970634,2.861738,1,0.891104,0.891104
34,5,0.010000,2.328645,2.272186,1.766494,2.777878,1,1.011384,1.011384
34,23,0.010000,0.730782,0.800269,0.294576,1.305961,1,1.011384,1.011384
34,28,0.010000,2.465532,2.289178,1.783486,2.794870,1,1.011384,1.011384
34,30,0.010000,1.832062,1.878947,1.373255,2.384639,1,1.011384,1.011384
34,34,0.010000,1.905256,1.989485,1.483793,2.495177,1,1.011384,1.011384
34,36,0.010000,1.888179,1.688290,1.182598,2.193982,1,1.011384,1.011384
34,40,0.010000,0.558709,0.910554,0.404862,1.416246,1,1.011384,1.011384
34,45,0.010000,0.641474,0.912041,0.406349,1.417733,1,1.011384,1.011384
34,48,0.010000,2.398044,2.275885,1.770193,2.781577,1,1.011384,1.011384
34,52,0.010000,1.466126,1.689875,1.184183,2.195567,1,1.011384,1.011384
34,56,0.010000,1.193125,1.140708,0.635016,1.646400,1,1.011384,1.011384
34,59,0.010000,2.494057,2.416186,1.910494,2.921878,1,1.011384,1.011384
35,2,0.500000,0.792392,0.732229,0.600661,0.863796,1,0.263136,0.263136
35,6,0.500000,1.769451,1.644501,1.512933,1.776069,1,0.263136,0.263136
35,9,0.500000,0.450249,0.454316,0.322748,0.585884,1,0.263136,0.263136
35,10,0.500000,1.814447,1.945346,1.813778,2.076913,1,0.263136,0.263136
35,17,0.500000,2.221023,2.110371,1.978803,2.241939,1,0.263136,0.263136
35,35,0.500000,2.703584,2.772520,2.640952,2.904087,1,0.263136,0.263136
35,37,0.500000,2.177536,2.178621,2.047054,2.310189,1,0.263136,0.263136
35,39,0.500000,1.950170,1.952351,1.820783,2.083919,1,0.263136,0.263136
35,46,0.500000,2.133762,2.013934,1.882366,2.145502,1,0.263136,0.263136
35,47,0.500000,0.952792,0.810251,0.678684,0.941819,0,0.263136,0.307029
35,52,0.500000,1.466126,1.609549,1.477981,1.741117,0,0.263136,0.310556
35,57,0.500000,1.975432,1.863213,1.731645,1.994781,1,0.263136,0.263136
35,2,0.400000,0.792392,0.732229,0.570657,0.893801,1,0.323144,0.323144
35,6,0.400000,1.769451,1.644501,1.482929,1.806073,1,0.323144,0.323144
35,9,0.400000,0.450249,0.454316,0.292744,0.615888,1,0.323144,0.323144
35,10,0.400000,1.814447,1.945346,1.783774,2.106917,1,0.323144,0.323144
35,17,0.400000,2.221023,2.110371,1.948799,2.271943,1,0.323144,0.323144
35,35,0.400000,2.703584,2.772520,2.610948,2.934092,1,0.323144,0.323144
35,37,0.400000,2.177536,2.178621,2.017049,2.340193,1,0.323144,0.323144
35,39,0.400000,1.950170,1.952351,1.790779,2.113923,1,0.323144,0.323144
35,46,0.400000,2.133762,2.013934,1.852362,2.175506,1,0.323144,0.323144
35,47,0.400000,0.952792,0.810251,0.648679,0.971823,1,0.323144,0.323144
35,52,0.400000,1.466126,1.609549,1.447977,1.771121,1,0.323144,0.323144
35,57,0.400000,1.975432,1.863213,1.701641,2.024785,1,0.323144,0.323144
35,2,0.300000,0.792392,0.732229,0.510668,0.953789,1,0.443121,0.443121
35,6,0.300000,1.769451,1.644501,1.422940,1.866062,1,0.443121,0.443121
35,9,0.300000,0.450249,0.454316,0.232756,0.675877,1,0.443121,0.443121
35,10,0.300000,1.814447,1.945346,1.723785,2.166906,1,0.443121,0.443121
35,17,0.300000,2.221023,2.110371,1.888810,2.331932,1,0.443121,0.443121
35,35,0.300000,2.703584,2.772520,2.550959,2.994080,1,0.443121,0.443121
35,37,0.300000,2.177536,2.178621,1.957061,2.400182,1,0.443121,0.443121
35,39,0.300000,1.950170,1.952351,1.730790,2.173911,1,0.443121,0.443121
35,46,0.300000,2.133762,2.013934,1.792373,2.235495,1,0.443121,0.443121
35,47,0.300000,0.952792,0.810251,0.588691,1.031812,1,0.443121,0.443121
35,52,0.300000,1.466126,1.609549,1.387988,1.831110,1,0.443121,0.443121
35,57,0.300000,1.975432,1.863213,1.641652,2.084774,1,0.443121,0.443121
35,2,0.200000,0.792392,0.732229,0.416761,1.047697,1,0.630936,0.630936
35,6,0.200000,1.769451,1.644501,1.329033,1.959969,1,0.630936,0.630936
35,9,0.200000,0.450249,0.454316,0.138848,0.769784,1,0.630936,0.630936
35,10,0.200000,1.814447,1.945346,1.629878,2.260813,1,0.630936,0.630936
35,17,0.200000,2.221023,2.110371,1.794903,2.425839,1,0.630936,0.630936
35,35,0.200000,2.703584,2.772520,2.457052,3.087987,1,0.630936,0.630936
35,37,0.200000,2.177536,2.178621,1.863153,2.494089,1,0.630936,0.630936
35,39,0.200000,1.950170,1.952351,1.636883,2.267819,1,0.630936,0.630936
35,46,0.200000,2.133762,2.013934,1.698466,2.329402,1,0.630936,0.630936
35,47,0.200000,0.952792,0.810251,0.494783,1.125719,1,0.630936,0.630936
35,52,0.200000,1.466126,1.609549,1.294081,1.925017,1,0.630936,0.630936
35,57,0.200000,1.975432,1.863213,1.547745,2.178681,1,0.630936,0.630936
35,2,0.150000,0.792392,0.732229,0.382743,1.081714,1,0.698971,0.698971
35,6,0.150000,1.769451,1.644501,1.295016,1.993986,1,0.698971,0.698971
35,9,0.150000,0.450249,0.454316,0.104831,0.803802,1,0.698971,0.698971
35,10,0.150000,1.814447,1.945346,1.595860,2.294831,1,0.698971,0.698971
35,17,0.150000,2.221023,2.110371,1.760886,2.459856,1,0.698971,0.698971
35,35,0.150000,2.703584,2.772520,2.423034,3.122005,1,0.698971,0.698971
35,37,0.150000,2.177536,2.178621,1.829136,2.528107,1,0.698971,0.698971
35,39,0.150000,1.950170,1.952351,1.602865,2.301836,1,0.698971,0.698971
35,46,0.150000,2.133762,2.013934,1.664449,2.363419,1,0.698971,0.698971
35,47,0.150000,0.952792,0.810251,0.460766,1.159737,1,0.698971,0.698971
35,52,0.150000,1.466126,1.609549,1.260063,1.959034,1,0.698971,0.698971
35,57,0.150000,1.975432,1.863213,1.513728,2.212698,1,0.698971,0.698971
35,2,0.100000,0.792392,0.732229,0.318004,1.146453,1,0.828449,0.828449
35,6,0.100000,1.769451,1.644501,1.230276,2.058725,1,0.828449,0.828449
35,9,0.100000,0.450249,0.454316,0.040092,0.868541,1,0.828449,0.828449
35,10,0.100000,1.814447,1.945346,1.531121,2.359570,1,0.828449,0.828449
35,17,0.100000,2.221023,2.110371,1.696146,2.524596,1,0.828449,0.828449
35,35,0.100000,2.703584,2.772520,2.358295,3.186744,1,0.828449,0.828449
35,37,0.100000,2.177536,2.178621,1.764397,2.592846,1,0.828449,0.828449
35,39,0.100000,1.950170,1.952351,1.538126,2.366575,1,0.828449,0.828449
35,46,0.100000,2.133762,2.013934,1.599709,2.428159,1,0.828449,0.828449
35,47,0.100000,0.952792,0.810251,0.396027,1.224476,1,0.828449,0.828449
35,52,0.100000,1.466126,1.609549,1.195324,2.023773,1,0.828449,0.828449
35,57,0.100000,1.975432,1.863213,1.448988,2.277438,1,0.828449,0.828449
35,2,0.050000,0.792392,0.732229,0.282849,1.181608,1,0.898759,0.898759
35,6,0.050000,1.769451,1.644501,1.195121,2.093880,1,0.898759,0.898759
35,9,0.050000,0.450249,0.454316,0.004937,0.903696,1,0.898759,0.898759
35,10,0.050000,1.814447,1.945346,1.495966,2.394725,1,0.898759,0.898759
35,17,0.050000,2.221023,2.110371,1.660991,2.559750,1,0.898759,0.898759
35,35,0.050000,2.703584,2.772520,2.323140,3.221899,1,0.898759,0.898759
35,37,0.050000,2.177536,2.178621,1.729242,2.628001,1,0.898759,0.898759
35,39,0.050000,1.950170,1.952351,1.502971,2.401730,1,0.898759,0.898759
35,46,0.050000,2.133762,2.013934,1.564554,2.463313,1,0.898759,0.898759
35,47,0.050000,0.952792,0.810251,0.360872,1.259631,1,0.898759,0.898759
35,52,0.050000,1.466126,1.609549,1.160169,2.058928,1,0.898759,0.898759
35,57,0.050000,1.975432,1.863213,1.413834,2.312592,1,0.898759,0.898759
35,2,0.010000,0.792392,0.732229,0.114888,1.349570,1,1.234682,1.234682
35,6,0.010000,1.769451,1.644501,1.027160,2.261842,1,1.234682,1.234682
35,9,0.010000,0.450249,0.454316,-0.163025,1.071657,1,1.234682,1.234682
35,10,0.010000,1.814447,1.945346,1.328004,2.562687,1,1.234682,1.234682
35,17,0.010000,2.221023,2.110371,1.493030,2.727712,1,1.234682,1.234682
35,35,0.010000,2.703584,2.772520,2.155178,3.389861,1,1.234682,1.234682
35,37,0.010000,2.177536,2.178621,1.561280,2.795962,1,1.234682,1.234682
35,39,0.010000,1.950170,1.952351,1.335010,2.569692,1,1.234682,1.234682
35,46,0.010000,2.133762,2.013934,1.396593,2.631275,1,1.234682,1.234682
35,47,0.010000,0.952792,0.810251,0.192910,1.427593,1,1.234682,1.234682
35,52,0.010000,1.466126,1.609549,0.992208,2.226890,1,1.234682,1.234682
35,57,0.010000,1.975432,1.863213,1.245872,2.480554,1,1.234682,1.234682
36,0,0.500000,2.061113,2.067242,1.964283,2.170200,1,0.205916,0.205916
36,1,0.500000,1.028571,1.018617,0.915659,1.121575,1,0.205916,0.205916
36,8,0.500000,2.261120,2.372462,2.269504,2.475420,0,0.205916,0.239452
36,11,0.500000,0.895423,0.797775,0.694817,0.900733,1,0.205916,0.205916
36,13,0.500000,1.090611,0.829346,0.726388,0.932305,0,0.205916,0.839141
36,19,0.500000,2.018617,2.000754,1.897796,2.103713,1,0.205916,0.205916
36,20,0.500000,0.802774,0.900839,0.797881,1.003797,1,0.205916,0.205916
36,26,0.500000,2.195346,1.954909,1.851951,2.057867,0,0.205916,0.755832
36,40,0.500000,0.558709,0.707753,0.604795,0.810711,0,0.205916,0.390260
36,54,0.500000,0.404834,0.664272,0.561313,0.767230,0,0.205916,0.831835
36,55,0.500000,0.899821,0.738443,0.635485,0.841401,0,0.205916,0.439594
36,58,0.500000,2.211227,2.712222,2.609264,2.815180,0,0.205916,1.798062
36,0,0.400000,2.061113,2.067242,1.940594,2.193890,1,0.253296,0.253296
36,1,0.400000,1.028571,1.018617,0.891969,1.145265,1,0.253296,0.253296
36,8,0.400000,2.261120,2.372462,2.245814,2.499110,1,0.253296,0.253296
36,11,0.400000,0.895423,0.797775,0.671127,0.924423,1,0.253296,0.253296
36,13,0.400000,1.090611,0.829346,0.702698,0.955994,0,0.253296,0.926377
36,19,0.400000,2.018617,2.000754,1.874106,2.127402,1,0.253296,0.253296
36,20,0.400000,0.802774,0.900839,0.774191,1.027487,1,0.253296,0.253296
36,26,0.400000,2.195346,1.954909,1.828261,2.081557,0,0.253296,0.822241
36,40,0.400000,0.558709,0.707753,0.581105,0.834401,0,0.253296,0.365277
36,54,0.400000,0.404834,0.664272,0.537624,0.790920,0,0.253296,0.917246
36,55,0.400000,0.899821,0.738443,0.611795,0.865091,0,0.253296,0.426944
36,58,0.400000,2.211227,2.712222,2.585574,2.838870,0,0.253296,2.125028
36,0,0.300000,2.061113,2.067242,1.899758,2.234726,1,0.334968,0.334968
36,1,0.300000,1.028571,1.018617,0.851133,1.186101,1,0.334968,0.334968
36,8,0.300000,2.261120,2.372462,2.204978,2.539946,1,0.334968,0.334968
36,11,0.300000,0.895423,0.797775,0.630291,0.965259,1,0.334968,0.334968
36,13,0.300000,1.090611,0.829346,0.661862,0.996831,0,0.334968,0.960169
36,19,0.300000,2.018617,2.000754,1.833270,2.168239,1,0.334968,0.334968
36,20,0.300000,0.802774,0.900839,0.733355,1.068323,1,0.334968,0.334968
36,26,0.300000,2.195346,1.954909,1.787425,2.122393,0,0.334968,0.821321
36,40,0.300000,0.558709,0.707753,0.540269,0.875237,1,0.334968,0.334968
36,54,0.300000,0.404834,0.664272,0.496787,0.831756,0,0.334968,0.947994
36,55,0.300000,0.899821,0.738443,0.570959,0.905927,1,0.334968,0.334968
36,58,0.300000,2.211227,2.712222,2.544738,2.879706,0,0.334968,2.558371
36,0,0.200000,2.061113,2.067242,1.864715,2.269768,1,0.405052,0.405052
36,1,0.200000,1.028571,1.018617,0.816091,1.221143,1,0.405052,0.405052
36,8,0.200000,2.261120,2.372462,2.169936,2.574989,1,0.405052,0.405052
36,11,0.200000,0.895423,0.797775,0.595249,1.000301,1,0.405052,0.405052
36,13,0.200000,1.090611,0.829346,0.626820,1.031873,0,0.405052,0.992433
36,19,0.200000,2.018617,2.000754,1.798228,2.203281,1,0.405052,0.405052
36,20,0.200000,0.802774,0.900839,0.698313,1.103365,1,0.405052,0.405052
36,26,0.200000,2.195346,1.954909,1.752383,2.157435,0,0.405052,0.784161
36,40,0.200000,0.558709,0.707753,0.505227,0.910279,1,0.405052,0.405052
36,54,0.200000,0.404834,0.664272,0.461745,0.866798,0,0.405052,0.974170
36,55,0.200000,0.899821,0.738443,0.535917,0.940969,1,0.405052,0.405052
36,58,0.200000,2.211227,2.712222,2.509696,2.914748,0,0.405052,3.389735
36,0,0.150000,2.061113,2.067242,1.837137,2.297346,1,0.460209,0.460209
36,1,0.150000,1.028571,1.018617,0.788513,1.248722,1,0.460209,0.460209
36,8,0.150000,2.261120,2.372462,2.142358,2.602567,1,0.460209,0.460209
36,11,0.150000,0.895423,0.797775,0.567671,1.027880,1,0.460209,0.460209
36,13,0.150000,1.090611,0.829346,0.599242,1.059451,0,0.460209,0.875672
36,19,0.150000,2.018617,2.000754,1.770650,2.230859,1,0.460209,0.460209
36,20,0.150000,0.802774,0.900839,0.670734,1.130943,1,0.460209,0.460209
36,26,0.150000,2.195346,1.954909,1.724804,2.185014,0,0.460209,0.597976
36,40,0.150000,0.558709,0.707753,0.477648,0.937857,1,0.460209,0.460209
36,54,0.150000,0.404834,0.664272,0.434167,0.894376,0,0.460209,0.851321
36,55,0.150000,0.899821,0.738443,0.508338,0.968547,1,0.460209,0.460209
36,58,0.150000,2.211227,2.712222,2.482117,2.942326,0,0.460209,4.072075
36,0,0.100000,2.061113,2.067242,1.774242,2.360242,1,0.586000,0.586000
36,1,0.100000,1.028571,1.018617,0.725617,1.311617,1,0.586000,0.586000
36,8,0.100000,2.261120,2.372462,2.079462,2.665462,1,0.586000,0.586000
36,11,0.100000,0.895423,0.797775,0.504775,1.090775,1,0.586000,0.586000
36,13,0.100000,1.090611,0.829346,0.536346,1.122347,1,0.586000,0.586000
36,19,0.100000,2.018617,2.000754,1.707754,2.293754,1,0.586000,0.586000
36,20,0.100000,0.802774,0.900839,0.607839,1.193839,1,0.586000,0.586000
36,26,0.100000,2.195346,1.954909,1.661909,2.247909,1,0.586000,0.586000
36,40,0.100000,0.558709,0.707753,0.414753,1.000753,1,0.586000,0.586000
36,54,0.100000,0.404834,0.664272,0.371272,0.957272,1,0.586000,0.586000
36,55,0.100000,0.899821,0.738443,0.445443,1.031443,1,0.586000,0.586000
36,58,0.100000,2.211227,2.712222,2.419222,3.005222,0,0.586000,4.745887
36,0,0.050000,2.061113,2.067242,1.689310,2.445173,1,0.755864,0.755864
36,1,0.050000,1.028571,1.018617,0.640685,1.396549,1,0.755864,0.755864
36,8,0.050000,2.261120,2.372462,1.994531,2.750394,1,0.755864,0.755864
36,11,0.050000,0.895423,0.797775,0.419843,1.175707,1,0.755864,0.755864
36,13,0.050000,1.090611,0.829346,0.451415,1.207278,1,0.755864,0.755864
36,19,0.050000,2.018617,2.000754,1.622823,2.378686,1,0.755864,0.755864
36,20,0.050000,0.802774,0.900839,0.522907,1.278771,1,0.755864,0.755864
36,26,0.050000,2.195346,1.954909,1.576977,2.332841,1,0.755864,0.755864
36,40,0.050000,0.558709,0.707753,0.329821,1.085685,1,0.755864,0.755864
36,54,0.050000,0.404834,0.664272,0.286340,1.042203,1,0.755864,0.755864
36,55,0.050000,0.899821,0.738443,0.360511,1.116375,1,0.755864,0.755864
36,58,0.050000,2.211227,2.712222,2.334290,3.090154,0,0.755864,5.678373
36,0,0.010000,2.061113,2.067242,1.598387,2.536097,1,0.937710,0.937710
36,1,0.010000,1.028571,1.018617,0.549762,1.487472,1,0.937710,0.937710
36,8,0.010000,2.261120,2.372462,1.903607,2.841317,1,0.937710,0.937710
36,11,0.010000,0.895423,0.797775,0.328920,1.266630,1,0.937710,0.937710
36,13,0.010000,1.090611,0.829346,0.360491,1.298201,1,0.937710,0.937710
36,19,0.010000,2.018617,2.000754,1.531899,2.469609,1,0.937710,0.937710
36,20,0.010000,0.802774,0.900839,0.431984,1.369694,1,0.937710,0.937710
36,26,0.010000,2.195346,1.954909,1.486054,2.423764,1,0.937710,0.937710
36,40,0.010000,0.558709,0.707753,0.238898,1.176608,1,0.937710,0.937710
36,54,0.010000,0.404834,0.664272,0.195417,1.133127,1,0.937710,0.937710
36,55,0.010000,0.899821,0.738443,0.269588,1.207298,1,0.937710,0.937710
36,58,0.010000,2.211227,2.712222,2.243367,3.181077,0,0.937710,7.365602
37,12,0.500000,2.903090,2.500753,2.397834,2.603672,0,0.205838,1.403510
37,16,0.500000,1.821841,1.457554,1.354635,1.560473,0,0.205838,1.251310
37,18,0.500000,0.932474,1.338437,1.235517,1.441356,0,0.205838,1.418013
37,22,0.500000,0.634477,0.761124,0.658204,0.864043,0,0.205838,0.300747
37,23,0.500000,0.730782,0.843751,0.740832,0.946670,0,0.205838,0.246037
37,25,0.500000,2.817764,2.429259,2.326340,2.532178,0,0.205838,1.348180
37,27,0.500000,2.035870,2.046300,1.943381,2.149219,1,0.205838,0.205838
37,28,0.500000,2.465532,2.305900,2.202980,2.408819,0,0.205838,0.432689
37,30,0.500000,1.832062,1.870282,1.767363,1.973201,1,0.205838,0.205838
37,33,0.500000,2.339888,2.375305,2.272386,2.478224,1,0.205838,0.205838
37,44,0.500000,1.184691,1.144272,1.041352,1.247191,1,0.205838,0.205838
37,49,0.500000,1.460748,1.314899,1.211980,1.417818,0,0.205838,0.377555
37,12,0.400000,2.903090,2.500753,2.357884,2.643622,0,0.285739,1.583077
37,16,0.400000,1.821841,1.457554,1.314684,1.600423,0,0.285739,1.392827
37,18,0.400000,0.932474,1.338437,1.195567,1.481306,0,0.285739,1.601206
37,22,0.400000,0.634477,0.761124,0.618254,0.903993,1,0.285739,0.285739
37,23,0.400000,0.730782,0.843751,0.700882,0.986621,1,0.285739,0.285739
37,25,0.400000,2.817764,2.429259,2.286390,2.572128,0,0.285739,1.513915
37,27,0.400000,2.035870,2.046300,1.903431,2.189169,1,0.285739,0.285739
37,28,0.400000,2.465532,2.305900,2.163030,2.448769,0,0.285739,0.369552
37,30,0.400000,1.832062,1.870282,1.727412,2.013151,1,0.285739,0.285739
37,33,0.400000,2.339888,2.375305,2.232436,2.518175,1,0.285739,0.285739
37,44,0.400000,1.184691,1.144272,1.001402,1.287141,1,0.285739,0.285739
37,49,0.400000,1.460748,1.314899,1.172030,1.457769,0,0.285739,0.300634
37,12,0.300000,2.903090,2.500753,2.345383,2.656123,0,0.310740,1.957186
37,16,0.300000,1.821841,1.457554,1.302184,1.612924,0,0.310740,1.703519
37,18,0.300000,0.932474,1.338437,1.183066,1.493807,0,0.310740,1.981358
37,22,0.300000,0.634477,0.761124,0.605753,0.916494,1,0.310740,0.310740
37,23,0.300000,0.730782,0.843751,0.688381,0.999121,1,0.310740,0.310740
37,25,0.300000,2.817764,2.429259,2.273889,2.584629,0,0.310740,1.864969
37,27,0.300000,2.035870,2.046300,1.890930,2.201670,1,0.310740,0.310740
37,28,0.300000,2.465532,2.305900,2.150529,2.461270,0,0.310740,0.339152
37,30,0.300000,1.832062,1.870282,1.714912,2.025652,1,0.310740,0.310740
37,33,0.300000,2.339888,2.375305,2.219935,2.530675,1,0.310740,0.310740
37,44,0.300000,1.184691,1.144272,0.988901,1.299642,1,0.310740,0.310740
37,49,0.300000,1.460748,1.314899,1.159529,1.470269,1,0.310740,0.310740
37,12,0.200000,2.903090,2.500753,2.309622,2.691884,0,0.382263,2.494320
37,16,0.200000,1.821841,1.457554,1.266423,1.648685,0,0.382263,2.113820
37,18,0.200000,0.932474,1.338437,1.147305,1.529568,0,0.382263,2.530578
37,22,0.200000,0.634477,0.761124,0.569992,0.952255,1,0.382263,0.382263
37,23,0.200000,0.730782,0.843751,0.652620,1.034882,1,0.382263,0.382263
37,25,0.200000,2.817764,2.429259,2.238128,2.620390,0,0.382263,2.355995
37,27,0.200000,2.035870,2.046300,1.855169,2.237431,1,0.382263,0.382263
37,28,0.200000,2.465532,2.305900,2.114768,2.497031,1,0.382263,0.382263
37,30,0.200000,1.832062,1.870282,1.679150,2.061413,1,0.382263,0.382263
37,33,0.200000,2.339888,2.375305,2.184174,2.566437,1,0.382263,0.382263
37,44,0.200000,1.184691,1.144272,0.953140,1.335403,1,0.382263,0.382263
37,49,0.200000,1.460748,1.314899,1.123768,1.506031,1,0.382263,0.382263
37,12,0.150000,2.903090,2.500753,2.250320,2.751186,0,0.500866,2.526254
37,16,0.150000,1.821841,1.457554,1.207121,1.707987,0,0.500866,2.018921
37,18,0.150000,0.932474,1.338437,1.088004,1.588870,0,0.500866,2.574598
37,22,0.150000,0.634477,0.761124,0.510691,1.011557,1,0.500866,0.500866
37,23,0.150000,0.730782,0.843751,0.593318,1.094184,1,0.500866,0.500866
37,25,0.150000,2.817764,2.429259,2.178826,2.679692,0,0.500866,2.341821
37,27,0.150000,2.035870,2.046300,1.795867,2.296733,1,0.500866,0.500866
37,28,0.150000,2.465532,2.305900,2.055467,2.556333,1,0.500866,0.500866
37,30,0.150000,1.832062,1.870282,1.619849,2.120715,1,0.500866,0.500866
37,33,0.150000,2.339888,2.375305,2.124872,2.625738,1,0.500866,0.500866
37,44,0.150000,1.184691,1.144272,0.893839,1.394705,1,0.500866,0.500866
37,49,0.150000,1.460748,1.314899,1.064466,1.565332,1,0.500866,0.500866
37,12,0.100000,2.903090,2.500753,2.198773,2.802733,0,0.603960,2.611103
37,16,0.100000,1.821841,1.457554,1.155574,1.759534,0,0.603960,1.850103
37,18,0.100000,0.932474,1.338437,1.036457,1.640416,0,0.603960,2.683619
37,22,0.100000,0.634477,0.761124,0.459144,1.063103,1,0.603960,0.603960
37,23,0.100000,0.730782,0.843751,0.541771,1.145731,1,0.603960,0.603960
37,25,0.100000,2.817764,2.429259,2.127279,2.731239,0,0.603960,2.334453
37,27,0.100000,2.035870,2.046300,1.744320,2.348280,1,0.603960,0.603960
37,28,0.100000,2.465532,2.305900,2.003920,2.607880,1,0.603960,0.603960
37,30,0.100000,1.832062,1.870282,1.568302,2.172262,1,0.603960,0.603960
37,33,0.100000,2.339888,2.375305,2.073325,2.677285,1,0.603960,0.603960
37,44,0.100000,1.184691,1.144272,0.842292,1.446252,1,0.603960,0.603960
37,49,0.100000,1.460748,1.314899,1.012919,1.616879,1,0.603960,0.603960
37,12,0.050000,2.903090,2.500753,2.148284,2.853222,0,0.704938,2.699662
37,16,0.050000,1.821841,1.457554,1.105085,1.810023,0,0.704938,1.177662
37,18,0.050000,0.932474,1.338437,0.985968,1.690906,0,0.704938,2.844693
37,22,0.050000,0.634477,0.761124,0.408655,1.113593,1,0.704938,0.704938
37,23,0.050000,0.730782,0.843751,0.491282,1.196220,1,0.704938,0.704938
37,25,0.050000,2.817764,2.429259,2.076790,2.781728,0,0.704938,2.146362
37,27,0.050000,2.035870,2.046300,1.693831,2.398769,1,0.704938,0.704938
37,28,0.050000,2.465532,2.305900,1.953431,2.658369,1,0.704938,0.704938
37,30,0.050000,1.832062,1.870282,1.517813,2.222751,1,0.704938,0.704938
37,33,0.050000,2.339888,2.375305,2.022836,2.727774,1,0.704938,0.704938
37,44,0.050000,1.184691,1.144272,0.791803,1.496741,1,0.704938,0.704938
37,49,0.050000,1.460748,1.314899,0.962430,1.667368,1,0.704938,0.704938
37,12,0.010000,2.903090,2.500753,1.982680,3.018826,1,1.036146,1.036146
37,16,0.010000,1.821841,1.457554,0.939481,1.975627,1,1.036146,1.036146
37,18,0.010000,0.932474,1.338437,0.820364,1.856510,1,1.036146,1.036146
37,22,0.010000,0.634477,0.761124,0.243051,1.279197,1,1.036146,1.036146
37,23,0.010000,0.730782,0.843751,0.325678,1.361824,1,1.036146,1.036146
37,25,0.010000,2.817764,2.429259,1.911186,2.947332,1,1.036146,1.036146
37,27,0.010000,2.035870,2.046300,1.528227,2.564373,1,1.036146,1.036146
37,28,0.010000,2.465532,2.305900,1.787827,2.823973,1,1.036146,1.036146
37,30,0.010000,1.832062,1.870282,1.352209,2.388355,1,1.036146,1.036146
37,33,0.010000,2.339888,2.375305,1.857232,2.893378,1,1.036146,1.036146
37,44,0.010000,1.184691,1.144272,0.626199,1.662345,1,1.036146,1.036146
37,49,0.010000,1.460748,1.314899,0.796826,1.832972,1,1.036146,1.036146
38,3,0.500000,0.447158,0.532740,0.426248,0.639233,1,0.212985,0.212985
38,4,0.500000,2.455439,2.578098,2.471606,2.684590,0,0.212985,0.277652
38,7,0.500000,0.915927,0.872508,0.766015,0.979000,1,0.212985,0.212985
38,15,0.500000,1.258158,1.293023,1.186531,1.399516,1,0.212985,0.212985
38,29,0.500000,1.711132,1.789578,1.683085,1.896070,1,0.212985,0.212985
38,31,0.500000,1.869935,2.017322,1.910830,2.123814,0,0.212985,0.376562
38,32,0.500000,1.992995,2.024423,1.917931,2.130916,1,0.212985,0.212985
38,34,0.500000,1.905256,1.974730,1.868238,2.081223,1,0.212985,0.212985
38,38,0.500000,1.966189,1.556367,1.449875,1.662860,0,0.212985,1.426300
38,43,0.500000,0.914343,1.057413,0.950921,1.163906,0,0.212985,0.359296
38,45,0.500000,0.641474,0.830954,0.724462,0.937446,0,0.212985,0.544935
38,53,0.500000,0.798651,0.680190,0.573698,0.786683,0,0.212985,0.260856
38,3,0.400000,0.447158,0.532740,0.400488,0.664992,1,0.264504,0.264504
38,4,0.400000,2.455439,2.578098,2.445846,2.710350,1,0.264504,0.264504
38,7,0.400000,0.915927,0.872508,0.740256,1.004760,1,0.264504,0.264504
38,15,0.400000,1.258158,1.293023,1.160771,1.425275,1,0.264504,0.264504
38,29,0.400000,1.711132,1.789578,1.657326,1.921830,1,0.264504,0.264504
38,31,0.400000,1.869935,2.017322,1.885070,2.149574,0,0.264504,0.340177
38,32,0.400000,1.992995,2.024423,1.892171,2.156675,1,0.264504,0.264504
38,34,0.400000,1.905256,1.974730,1.842478,2.106983,1,0.264504,0.264504
38,38,0.400000,1.966189,1.556367,1.424115,1.688620,0,0.264504,1.652350
38,43,0.400000,0.914343,1.057413,0.925161,1.189666,0,0.264504,0.318595
38,45,0.400000,0.641474,0.830954,0.698702,0.963206,0,0.264504,0.550643
38,53,0.400000,0.798651,0.680190,0.547938,0.812442,1,0.264504,0.264504
38,3,0.300000,0.447158,0.532740,0.349884,0.715597,1,0.365713,0.365713
38,4,0.300000,2.455439,2.578098,2.395241,2.760955,1,0.365713,0.365713
38,7,0.300000,0.915927,0.872508,0.689651,1.055364,1,0.365713,0.365713
38,15,0.300000,1.258158,1.293023,1.110167,1.475880,1,0.365713,0.365713
38,29,0.300000,1.711132,1.789578,1.606721,1.972434,1,0.365713,0.365713
38,31,0.300000,1.869935,2.017322,1.834465,2.200179,1,0.365713,0.365713
38,32,0.300000,1.992995,2.024423,1.841567,2.207280,1,0.365713,0.365713
38,34,0.300000,1.905256,1.974730,1.791874,2.157587,1,0.365713,0.365713
38,38,0.300000,1.966189,1.556367,1.373511,1.739224,0,0.365713,1.878811
38,43,0.300000,0.914343,1.057413,0.874557,1.240270,1,0.365713,0.365713
38,45,0.300000,0.641474,0.830954,0.648097,1.013811,0,0.365713,0.409869
38,53,0.300000,0.798651,0.680190,0.497334,0.863047,1,0.365713,0.365713
38,3,0.200000,0.447158,0.532740,0.287672,0.777809,1,0.490137,0.490137
38,4,0.200000,2.455439,2.578098,2.333030,2.823166,1,0.490137,0.490137
38,7,0.200000,0.915927,0.872508,0.627439,1.117576,1,0.490137,0.490137
38,15,0.200000,1.258158,1.293023,1.047955,1.538091,1,0.490137,0.490137
38,29,0.200000,1.711132,1.789578,1.544509,2.034646,1,0.490137,0.490137
38,31,0.200000,1.869935,2.017322,1.772254,2.262390,1,0.490137,0.490137
38,32,0.200000,1.992995,2.024423,1.779355,2.269492,1,0.490137,0.490137
38,34,0.200000,1.905256,1.974730,1.729662,2.219799,1,0.490137,0.490137
38,38,0.200000,1.966189,1.556367,1.311299,1.801436,0,0.490137,2.137666
38,43,0.200000,0.914343,1.057413,0.812345,1.302482,1,0.490137,0.490137
38,45,0.200000,0.641474,0.830954,0.585886,1.076022,1,0.490137,0.490137
38,53,0.200000,0.798651,0.680190,0.435122,0.925259,1,0.490137,0.490137
38,3,0.150000,0.447158,0.532740,0.219902,0.845578,1,0.625676,0.625676
38,4,0.150000,2.455439,2.578098,2.265260,2.890936,1,0.625676,0.625676
38,7,0.150000,0.915927,0.872508,0.559670,1.185346,1,0.625676,0.625676
38,15,0.150000,1.258158,1.293023,0.980185,1.605861,1,0.625676,0.625676
38,29,0.150000,1.711132,1.789578,1.476740,2.102416,1,0.625676,0.625676
38,31,0.150000,1.869935,2.017322,1.704484,2.330160,1,0.625676,0.625676
38,32,0.150000,1.992995,2.024423,1.711585,2.337261,1,0.625676,0.625676
38,34,0.150000,1.905256,1.974730,1.661892,2.287569,1,0.625676,0.625676
38,38,0.150000,1.966189,1.556367,1.243529,1.869205,0,0.625676,1.918786
38,43,0.150000,0.914343,1.057413,0.744575,1.370252,1,0.625676,0.625676
38,45,0.150000,0.641474,0.830954,0.518116,1.143792,1,0.625676,0.625676
38,53,0.150000,0.798651,0.680190,0.367352,0.993028,1,0.625676,0.625676
38,3,0.100000,0.447158,0.532740,0.154802,0.910678,1,0.755876,0.755876
38,4,0.100000,2.455439,2.578098,2.200160,2.956036,1,0.755876,0.755876
38,7,0.100000,0.915927,0.872508,0.494570,1.250446,1,0.755876,0.755876
38,15,0.100000,1.258158,1.293023,0.915085,1.670961,1,0.755876,0.755876
38,29,0.100000,1.711132,1.789578,1.411640,2.167516,1,0.755876,0.755876
38,31,0.100000,1.869935,2.017322,1.639384,2.395260,1,0.755876,0.755876
38,32,0.100000,1.992995,2.024423,1.646485,2.402361,1,0.755876,0.755876
38,34,0.100000,1.905256,1.974730,1.596793,2.352668,1,0.755876,0.755876
38,38,0.100000,1.966189,1.556367,1.178430,1.934305,0,0.755876,1.393544
38,43,0.100000,0.914343,1.057413,0.679476,1.435351,1,0.755876,0.755876
38,45,0.100000,0.641474,0.830954,0.453016,1.208892,1,0.755876,0.755876
38,53,0.100000,0.798651,0.680190,0.302252,1.058128,1,0.755876,0.755876
38,3,0.050000,0.447158,0.532740,0.076500,0.988981,1,0.912482,0.912482
38,4,0.050000,2.455439,2.578098,2.121857,3.034339,1,0.912482,0.912482
38,7,0.050000,0.915927,0.872508,0.416267,1.328748,1,0.912482,0.912482
38,15,0.050000,1.258158,1.293023,0.836782,1.749264,1,0.912482,0.912482
38,29,0.050000,1.711132,1.789578,1.333337,2.245818,1,0.912482,0.912482
38,31,0.050000,1.869935,2.017322,1.561081,2.473563,1,0.912482,0.912482
38,32,0.050000,1.992995,2.024423,1.568183,2.480664,1,0.912482,0.912482
38,34,0.050000,1.905256,1.974730,1.518490,2.430971,1,0.912482,0.912482
38,38,0.050000,1.966189,1.556367,1.100127,2.012608,1,0.912482,0.912482
38,43,0.050000,0.914343,1.057413,0.601173,1.513654,1,0.912482,0.912482
38,45,0.050000,0.641474,0.830954,0.374713,1.287195,1,0.912482,0.912482
38,53,0.050000,0.798651,0.680190,0.223950,1.136431,1,0.912482,0.912482
38,3,0.010000,0.447158,0.532740,-0.027320,1.092800,1,1.120120,1.120120
38,4,0.010000,2.455439,2.578098,2.018038,3.138158,1,1.120120,1.120120
38,7,0.010000,0.915927,0.872508,0.312448,1.432568,1,1.120120,1.120120
38,15,0.010000,1.258158,1.293023,0.732963,1.853083,1,1.120120,1.120120
38,29,0.010000,1.711132,1.789578,1.229518,2.349638,1,1.120120,1.120120
38,31,0.010000,1.869935,2.017322,1.457262,2.577382,1,1.120120,1.120120
38,32,0.010000,1.992995,2.024423,1.464363,2.584483,1,1.120120,1.120120
38,34,0.010000,1.905256,1.974730,1.414670,2.534791,1,1.120120,1.120120
38,38,0.010000,1.966189,1.556367,0.996307,2.116427,1,1.120120,1.120120
38,43,0.010000,0.914343,1.057413,0.497353,1.617474,1,1.120120,1.120120
38,45,0.010000,0.641474,0.830954,0.270894,1.391014,1,1.120120,1.120120
38,53,0.010000,0.798651,0.680190,0.120130,1.240250,1,1.120120,1.120120
39,5,0.500000,2.328645,2.334043,2.234083,2.434004,1,0.199921,0.199921
39,14,0.500000,1.844601,1.886772,1.786811,1.986732,1,0.199921,0.199921
39,21,0.500000,0.727541,0.864546,0.764585,0.964506,0,0.199921,0.348097
39,24,0.500000,0.673021,0.785100,0.685139,0.885060,0,0.199921,0.248395
39,36,0.500000,1.888179,1.611279,1.511319,1.711240,0,0.199921,0.907680
39,41,0.500000,2.037068,2.269614,2.169654,2.369575,0,0.199921,0.730266
39,42,0.500000,2.288964,2.272445,2.172484,2.372405,1,0.199921,0.199921
39,48,0.500000,2.398044,2.302371,2.202411,2.402332,1,0.199921,0.199921
39,50,0.500000,1.212188,1.347085,1.247124,1.447045,0,0.199921,0.339668
39,51,0.500000,1.669038,1.591708,1.491747,1.691668,1,0.199921,0.199921
39,56,0.500000,1.193125,1.176221,1.076260,1.276181,1,0.199921,0.199921
39,59,0.500000,2.494057,2.471509,2.371549,2.571470,1,0.199921,0.199921
39,5,0.400000,2.328645,2.334043,2.206709,2.461377,1,0.254669,0.254669
39,14,0.400000,1.844601,1.886772,1.759438,2.014106,1,0.254669,0.254669
39,21,0.400000,0.727541,0.864546,0.737211,0.991880,0,0.254669,0.303019
39,24,0.400000,0.673021,0.785100,0.657765,0.912434,1,0.254669,0.254669
39,36,0.400000,1.888179,1.611279,1.483945,1.738614,0,0.254669,1.002498
39,41,0.400000,2.037068,2.269614,2.142280,2.396949,0,0.254669,0.780731
39,42,0.400000,2.288964,2.272445,2.145110,2.399779,1,0.254669,0.254669
39,48,0.400000,2.398044,2.302371,2.175037,2.429706,1,0.254669,0.254669
39,50,0.400000,1.212188,1.347085,1.219750,1.474419,0,0.254669,0.292483
39,51,0.400000,1.669038,1.591708,1.464374,1.719042,1,0.254669,0.254669
39,56,0.400000,1.193125,1.176221,1.048887,1.303555,1,0.254669,0.254669
39,59,0.400000,2.494057,2.471509,2.344175,2.598844,1,0.254669,0.254669
39,5,0.300000,2.328645,2.334043,2.165755,2.502331,1,0.336576,0.336576
39,14,0.300000,1.844601,1.886772,1.718484,2.055060,1,0.336576,0.336576
39,21,0.300000,0.727541,0.864546,0.696258,1.032834,1,0.336576,0.336576
39,24,0.300000,0.673021,0.785100,0.616812,0.953388,1,0.336576,0.336576
39,36,0.300000,1.888179,1.611279,1.442991,1.779567,0,0.336576,1.060657
39,41,0.300000,2.037068,2.269614,2.101326,2.437903,0,0.336576,0.764967
39,42,0.300000,2.288964,2.272445,2.104157,2.440733,1,0.336576,0.336576
39,48,0.300000,2.398044,2.302371,2.134083,2.470659,1,0.336576,0.336576
39,50,0.300000,1.212188,1.347085,1.178797,1.515373,1,0.336576,0.336576
39,51,0.300000,1.669038,1.591708,1.423420,1.759996,1,0.336576,0.336576
39,56,0.300000,1.193125,1.176221,1.007933,1.344509,1,0.336576,0.336576
39,59,0.300000,2.494057,2.471509,2.303221,2.639798,1,0.336576,0.336576
39,5,0.200000,2.328645,2.334043,2.090596,2.577490,1,0.486894,0.486894
39,14,0.200000,1.844601,1.886772,1.643325,2.130219,1,0.486894,0.486894
39,21,0.200000,0.727541,0.864546,0.621099,1.107993,1,0.486894,0.486894
39,24,0.200000,0.673021,0.785100,0.541653,1.028547,1,0.486894,0.486894
39,36,0.200000,1.888179,1.611279,1.367832,1.854726,0,0.486894,0.821428
39,41,0.200000,2.037068,2.269614,2.026168,2.513061,1,0.486894,0.486894
39,42,0.200000,2.288964,2.272445,2.028998,2.515892,1,0.486894,0.486894
39,48,0.200000,2.398044,2.302371,2.058924,2.545818,1,0.486894,0.486894
39,50,0.200000,1.212188,1.347085,1.103638,1.590532,1,0.486894,0.486894
39,51,0.200000,1.669038,1.591708,1.348261,1.835155,1,0.486894,0.486894
39,56,0.200000,1.193125,1.176221,0.932774,1.419668,1,0.486894,0.486894
39,59,0.200000,2.494057,2.471509,2.228063,2.714956,1,0.486894,0.486894
39,5,0.150000,2.328645,2.334043,2.002154,2.665932,1,0.663778,0.663778
39,14,0.150000,1.844601,1.886772,1.554883,2.218661,1,0.663778,0.663778
39,21,0.150000,0.727541,0.864546,0.532657,1.196435,1,0.663778,0.663778
39,24,0.150000,0.673021,0.785100,0.453211,1.116989,1,0.663778,0.663778
39,36,0.150000,1.888179,1.611279,1.279390,1.943168,1,0.663778,0.663778
39,41,0.150000,2.037068,2.269614,1.937725,2.601504,1,0.663778,0.663778
39,42,0.150000,2.288964,2.272445,1.940556,2.604334,1,0.663778,0.663778
39,48,0.150000,2.398044,2.302371,1.970482,2.634260,1,0.663778,0.663778
39,50,0.150000,1.212188,1.347085,1.015196,1.678974,1,0.663778,0.663778
39,51,0.150000,1.669038,1.591708,1.259819,1.923597,1,0.663778,0.663778
39,56,0.150000,1.193125,1.176221,0.844332,1.508110,1,0.663778,0.663778
39,59,0.150000,2.494057,2.471509,2.139620,2.803399,1,0.663778,0.663778
39,5,0.100000,2.328645,2.334043,1.952931,2.715155,1,0.762225,0.762225
39,14,0.100000,1.844601,1.886772,1.505660,2.267884,1,0.762225,0.762225
39,21,0.100000,0.727541,0.864546,0.483433,1.245658,1,0.762225,0.762225
39,24,0.100000,0.673021,0.785100,0.403987,1.166212,1,0.762225,0.762225
39,36,0.100000,1.888179,1.611279,1.230167,1.992392,1,0.762225,0.762225
39,41,0.100000,2.037068,2.269614,1.888502,2.650727,1,0.762225,0.762225
39,42,0.100000,2.288964,2.272445,1.891332,2.653557,1,0.762225,0.762225
39,48,0.100000,2.398044,2.302371,1.921259,2.683484,1,0.762225,0.762225
39,50,0.100000,1.212188,1.347085,0.965972,1.728197,1,0.762225,0.762225
39,51,0.100000,1.669038,1.591708,1.210595,1.972820,1,0.762225,0.762225
39,56,0.100000,1.193125,1.176221,0.795109,1.557333,1,0.762225,0.762225
39,59,0.100000,2.494057,2.471509,2.090397,2.852622,1,0.762225,0.762225
39,5,0.050000,2.328645,2.334043,1.890219,2.777867,1,0.887648,0.887648
39,14,0.050000,1.844601,1.886772,1.442948,2.330596,1,0.887648,0.887648
39,21,0.050000,0.727541,0.864546,0.420722,1.308370,1,0.887648,0.887648
39,24,0.050000,0.673021,0.785100,0.341276,1.228924,1,0.887648,0.887648
39,36,0.050000,1.888179,1.611279,1.167455,2.055103,1,0.887648,0.887648
39,41,0.050000,2.037068,2.269614,1.825790,2.713439,1,0.887648,0.887648
39,42,0.050000,2.288964,2.272445,1.828621,2.716269,1,0.887648,0.887648
39,48,0.050000,2.398044,2.302371,1.858547,2.746195,1,0.887648,0.887648
39,50,0.050000,1.212188,1.347085,0.903261,1.790909,1,0.887648,0.887648
39,51,0.050000,1.669038,1.591708,1.147884,2.035532,1,0.887648,0.887648
39,56,0.050000,1.193125,1.176221,0.732397,1.620045,1,0.887648,0.887648
39,59,0.050000,2.494057,2.471509,2.027685,2.915334,1,0.887648,0.887648
39,5,0.010000,2.328645,2.334043,1.645241,3.022845,1,1.377604,1.377604
39,14,0.010000,1.844601,1.886772,1.197970,2.575574,1,1.377604,1.377604
39,21,0.010000,0.727541,0.864546,0.175744,1.553348,1,1.377604,1.377604
39,24,0.010000,0.673021,0.785100,0.096298,1.473902,1,1.377604,1.377604
39,36,0.010000,1.888179,1.611279,0.922477,2.300081,1,1.377604,1.377604
39,41,0.010000,2.037068,2.269614,1.580812,2.958416,1,1.377604,1.377604
39,42,0.010000,2.288964,2.272445,1.583643,2.961247,1,1.377604,1.377604
39,48,0.010000,2.398044,2.302371,1.613569,2.991173,1,1.377604,1.377604
39,50,0.010000,1.212188,1.347085,0.658283,2.035887,1,1.377604,1.377604
39,51,0.010000,1.669038,1.591708,0.902906,2.280510,1,1.377604,1.377604
39,56,0.010000,1.193125,1.176221,0.487419,1.865023,1,1.377604,1.377604
39,59,0.010000,2.494057,2.471509,1.782707,3.160311,1,1.377604,1.377604
40,5,0.500000,2.328645,2.372378,2.271270,2.473487,1,0.202217,0.202217
40,6,0.500000,1.769451,1.618622,1.517514,1.719731,0,0.202217,0.401098
40,7,0.500000,0.915927,0.880432,0.779324,0.981541,1,0.202217,0.202217
40,8,0.500000,2.261120,2.386509,2.285400,2.487618,0,0.202217,0.299339
40,10,0.500000,1.814447,1.974927,1.873818,2.076036,0,0.202217,0.439702
40,19,0.500000,2.018617,2.022339,1.921231,2.123448,1,0.202217,0.202217
40,26,0.500000,2.195346,1.989251,1.888142,2.090359,0,0.202217,0.622164
40,31,0.500000,1.869935,2.034654,1.933545,2.135763,0,0.202217,0.456657
40,41,0.500000,2.037068,2.283716,2.182607,2.384825,0,0.202217,0.784376
40,53,0.500000,0.798651,0.652614,0.551505,0.753722,0,0.202217,0.381931
40,54,0.500000,0.404834,0.640149,0.539040,0.741257,0,0.202217,0.739042
40,55,0.500000,0.899821,0.711541,0.610432,0.812649,0,0.202217,0.550902
40,5,0.400000,2.328645,2.372378,2.236271,2.508486,1,0.272215,0.272215
40,6,0.400000,1.769451,1.618622,1.482515,1.754730,0,0.272215,0.345821
40,7,0.400000,0.915927,0.880432,0.744325,1.016540,1,0.272215,0.272215
40,8,0.400000,2.261120,2.386509,2.250401,2.522617,1,0.272215,0.272215
40,10,0.400000,1.814447,1.974927,1.838819,2.111035,0,0.272215,0.394076
40,19,0.400000,2.018617,2.022339,1.886232,2.158447,1,0.272215,0.272215
40,26,0.400000,2.195346,1.989251,1.853143,2.125358,0,0.272215,0.622154
40,31,0.400000,1.869935,2.034654,1.898546,2.170762,0,0.272215,0.415269
40,41,0.400000,2.037068,2.283716,2.147608,2.419824,0,0.272215,0.824919
40,53,0.400000,0.798651,0.652614,0.516506,0.788721,0,0.272215,0.321862
40,54,0.400000,0.404834,0.640149,0.504041,0.776256,0,0.272215,0.768251
40,55,0.400000,0.899821,0.711541,0.575433,0.847648,0,0.272215,0.533076
40,5,0.300000,2.328645,2.372378,2.196596,2.548161,1,0.351564,0.351564
40,6,0.300000,1.769451,1.618622,1.442840,1.794405,1,0.351564,0.351564
40,7,0.300000,0.915927,0.880432,0.704650,1.056215,1,0.351564,0.351564
40,8,0.300000,2.261120,2.386509,2.210727,2.562291,1,0.351564,0.351564
40,10,0.300000,1.814447,1.974927,1.799145,2.150709,1,0.351564,0.351564
40,19,0.300000,2.018617,2.022339,1.846557,2.198122,1,0.351564,0.351564
40,26,0.300000,2.195346,1.989251,1.813468,2.165033,0,0.351564,0.553652
40,31,0.300000,1.869935,2.034654,1.858872,2.210436,1,0.351564,0.351564
40,41,0.300000,2.037068,2.283716,2.107934,2.459498,0,0.351564,0.824006
40,53,0.300000,0.798651,0.652614,0.476831,0.828396,1,0.351564,0.351564
40,54,0.300000,0.404834,0.640149,0.464366,0.815931,0,0.351564,0.748448
40,55,0.300000,0.899821,0.711541,0.535758,0.887323,0,0.351564,0.434882
40,5,0.200000,2.328645,2.372378,2.121317,2.623440,1,0.502124,0.502124
40,6,0.200000,1.769451,1.618622,1.367561,1.869684,1,0.502124,0.502124
40,7,0.200000,0.915927,0.880432,0.629371,1.131494,1,0.502124,0.502124
40,8,0.200000,2.261120,2.386509,2.135447,2.637571,1,0.502124,0.502124
40,10,0.200000,1.814447,1.974927,1.723865,2.225989,1,0.502124,0.502124
40,19,0.200000,2.018617,2.022339,1.771278,2.273401,1,0.502124,0.502124
40,26,0.200000,2.195346,1.989251,1.738189,2.240312,1,0.502124,0.502124
40,31,0.200000,1.869935,2.034654,1.783592,2.285716,1,0.502124,0.502124
40,41,0.200000,2.037068,2.283716,2.032654,2.534778,1,0.502124,0.502124
40,53,0.200000,0.798651,0.652614,0.401552,0.903675,1,0.502124,0.502124
40,54,0.200000,0.404834,0.640149,0.389087,0.891210,1,0.502124,0.502124
40,55,0.200000,0.899821,0.711541,0.460479,0.962602,1,0.502124,0.502124
40,5,0.150000,2.328645,2.372378,1.998587,2.746169,1,0.747582,0.747582
40,6,0.150000,1.769451,1.618622,1.244831,1.992413,1,0.747582,0.747582
40,7,0.150000,0.915927,0.880432,0.506641,1.254223,1,0.747582,0.747582
40,8,0.150000,2.261120,2.386509,2.012718,2.760300,1,0.747582,0.747582
40,10,0.150000,1.814447,1.974927,1.601136,2.348718,1,0.747582,0.747582
40,19,0.150000,2.018617,2.022339,1.648548,2.396130,1,0.747582,0.747582
40,26,0.150000,2.195346,1.989251,1.615460,2.363042,1,0.747582,0.747582
40,31,0.150000,1.869935,2.034654,1.660863,2.408445,1,0.747582,0.747582
40,41,0.150000,2.037068,2.283716,1.909925,2.657507,1,0.747582,0.747582
40,53,0.150000,0.798651,0.652614,0.278823,1.026405,1,0.747582,0.747582
40,54,0.150000,0.404834,0.640149,0.266358,1.013940,1,0.747582,0.747582
40,55,0.150000,0.899821,0.711541,0.337750,1.085332,1,0.747582,0.747582
40,5,0.100000,2.328645,2.372378,1.956443,2.788314,1,0.831871,0.831871
40,6,0.100000,1.769451,1.618622,1.202687,2.034558,1,0.831871,0.831871
40,7,0.100000,0.915927,0.880432,0.464497,1.296368,1,0.831871,0.831871
40,8,0.100000,2.261120,2.386509,1.970574,2.802445,1,0.831871,0.831871
40,10,0.100000,1.814447,1.974927,1.558992,2.390863,1,0.831871,0.831871
40,19,0.100000,2.018617,2.022339,1.606404,2.438275,1,0.831871,0.831871
40,26,0.100000,2.195346,1.989251,1.573315,2.405186,1,0.831871,0.831871
40,31,0.100000,1.869935,2.034654,1.618718,2.450589,1,0.831871,0.831871
40,41,0.100000,2.037068,2.283716,1.867781,2.699652,1,0.831871,0.831871
40,53,0.100000,0.798651,0.652614,0.236678,1.068549,1,0.831871,0.831871
40,54,0.100000,0.404834,0.640149,0.224213,1.056084,1,0.831871,0.831871
40,55,0.100000,0.899821,0.711541,0.295605,1.127476,1,0.831871,0.831871
40,5,0.050000,2.328645,2.372378,1.851962,2.892794,1,1.040832,1.040832
40,6,0.050000,1.769451,1.618622,1.098206,2.139038,1,1.040832,1.040832
40,7,0.050000,0.915927,0.880432,0.360016,1.400848,1,1.040832,1.040832
40,8,0.050000,2.261120,2.386509,1.866093,2.906925,1,1.040832,1.040832
40,10,0.050000,1.814447,1.974927,1.454511,2.495343,1,1.040832,1.040832
40,19,0.050000,2.018617,2.022339,1.501923,2.542755,1,1.040832,1.040832
40,26,0.050000,2.195346,1.989251,1.468835,2.509667,1,1.040832,1.040832
40,31,0.050000,1.869935,2.034654,1.514238,2.555070,1,1.040832,1.040832
40,41,0.050000,2.037068,2.283716,1.763300,2.804132,1,1.040832,1.040832
40,53,0.050000,0.798651,0.652614,0.132198,1.173030,1,1.040832,1.040832
40,54,0.050000,0.404834,0.640149,0.119733,1.160564,1,1.040832,1.040832
40,55,0.050000,0.899821,0.711541,0.191125,1.231957,1,1.040832,1.040832
40,5,0.010000,2.328645,2.372378,1.778003,2.966753,1,1.188750,1.188750
40,6,0.010000,1.769451,1.618622,1.024247,2.212997,1,1.188750,1.188750
40,7,0.010000,0.915927,0.880432,0.286057,1.474807,1,1.188750,1.188750
40,8,0.010000,2.261120,2.386509,1.792134,2.980884,1,1.188750,1.188750
40,10,0.010000,1.814447,1.974927,1.380552,2.569302,1,1.188750,1.188750
40,19,0.010000,2.018617,2.022339,1.427964,2.616714,1,1.188750,1.188750
40,26,0.010000,2.195346,1.989251,1.394876,2.583626,1,1.188750,1.188750
40,31,0.010000,1.869935,2.034654,1.440279,2.629029,1,1.188750,1.188750
40,41,0.010000,2.037068,2.283716,1.689341,2.878091,1,1.188750,1.188750
40,53,0.010000,0.798651,0.652614,0.058239,1.246989,1,1.188750,1.188750
40,54,0.010000,0.404834,0.640149,0.045773,1.234524,1,1.188750,1.188750
40,55,0.010000,0.899821,0.711541,0.117166,1.305916,1,1.188750,1.188750
41,1,0.500000,1.028571,1.040279,0.910705,1.169853,1,0.259148,0.259148
41,2,0.500000,0.792392,0.785216,0.655642,0.914790,1,0.259148,0.259148
41,3,0.500000,0.447158,0.563444,0.433870,0.693018,1,0.259148,0.259148
41,14,0.500000,1.844601,1.861110,1.731536,1.990684,1,0.259148,0.259148
41,16,0.500000,1.821841,1.428607,1.299032,1.558181,0,0.259148,1.313790
41,17,0.500000,2.221023,2.056869,1.927295,2.186443,0,0.259148,0.397468
41,24,0.500000,0.673021,0.749905,0.620331,0.879479,1,0.259148,0.259148
41,37,0.500000,2.177536,2.198807,2.069233,2.328381,1,0.259148,0.259148
41,39,0.500000,1.950170,1.962278,1.832704,2.091852,1,0.259148,0.259148
41,44,0.500000,1.184691,1.067421,0.937847,1.196995,1,0.259148,0.259148
41,47,0.500000,0.952792,0.809157,0.679583,0.938731,0,0.259148,0.315395
41,52,0.500000,1.466126,1.672517,1.542943,1.802091,0,0.259148,0.566415
41,1,0.400000,1.028571,1.040279,0.885140,1.195418,1,0.310278,0.310278
41,2,0.400000,0.792392,0.785216,0.630077,0.940355,1,0.310278,0.310278
41,3,0.400000,0.447158,0.563444,0.408305,0.718583,1,0.310278,0.310278
41,14,0.400000,1.844601,1.861110,1.705971,2.016249,1,0.310278,0.310278
41,16,0.400000,1.821841,1.428607,1.273467,1.583746,0,0.310278,1.500755
41,17,0.400000,2.221023,2.056869,1.901730,2.212008,0,0.310278,0.355353
41,24,0.400000,0.673021,0.749905,0.594766,0.905044,1,0.310278,0.310278
41,37,0.400000,2.177536,2.198807,2.043668,2.353946,1,0.310278,0.310278
41,39,0.400000,1.950170,1.962278,1.807139,2.117417,1,0.310278,0.310278
41,44,0.400000,1.184691,1.067421,0.912282,1.222560,1,0.310278,0.310278
41,47,0.400000,0.952792,0.809157,0.654018,0.964296,1,0.310278,0.310278
41,52,0.400000,1.466126,1.672517,1.517378,1.827656,0,0.310278,0.566537
41,1,0.300000,1.028571,1.040279,0.851628,1.228930,1,0.377301,0.377301
41,2,0.300000,0.792392,0.785216,0.596565,0.973866,1,0.377301,0.377301
41,3,0.300000,0.447158,0.563444,0.374793,0.752094,1,0.377301,0.377301
41,14,0.300000,1.844601,1.861110,1.672459,2.049761,1,0.377301,0.377301
41,16,0.300000,1.821841,1.428607,1.239956,1.617257,0,0.377301,1.741193
41,17,0.300000,2.221023,2.056869,1.868218,2.245519,1,0.377301,0.377301
41,24,0.300000,0.673021,0.749905,0.561255,0.938556,1,0.377301,0.377301
41,37,0.300000,2.177536,2.198807,2.010156,2.387457,1,0.377301,0.377301
41,39,0.300000,1.950170,1.962278,1.773627,2.150929,1,0.377301,0.377301
41,44,0.300000,1.184691,1.067421,0.878770,1.256072,1,0.377301,0.377301
41,47,0.300000,0.952792,0.809157,0.620506,0.997807,1,0.377301,0.377301
41,52,0.300000,1.466126,1.672517,1.483866,1.861167,0,0.377301,0.495568
41,1,0.200000,1.028571,1.040279,0.784234,1.296324,1,0.512090,0.512090
41,2,0.200000,0.792392,0.785216,0.529171,1.041261,1,0.512090,0.512090
41,3,0.200000,0.447158,0.563444,0.307399,0.819488,1,0.512090,0.512090
41,14,0.200000,1.844601,1.861110,1.605065,2.117155,1,0.512090,0.512090
41,16,0.200000,1.821841,1.428607,1.172562,1.684651,0,0.512090,1.883986
41,17,0.200000,2.221023,2.056869,1.800824,2.312914,1,0.512090,0.512090
41,24,0.200000,0.673021,0.749905,0.493861,1.005950,1,0.512090,0.512090
41,37,0.200000,2.177536,2.198807,1.942762,2.454852,1,0.512090,0.512090
41,39,0.200000,1.950170,1.962278,1.706233,2.218323,1,0.512090,0.512090
41,44,0.200000,1.184691,1.067421,0.811376,1.323466,1,0.512090,0.512090
41,47,0.200000,0.952792,0.809157,0.553112,1.065201,1,0.512090,0.512090
41,52,0.200000,1.466126,1.672517,1.416472,1.928561,1,0.512090,0.512090
41,1,0.150000,1.028571,1.040279,0.697185,1.383373,1,0.686188,0.686188
41,2,0.150000,0.792392,0.785216,0.442122,1.128310,1,0.686188,0.686188
41,3,0.150000,0.447158,0.563444,0.220349,0.906538,1,0.686188,0.686188
41,14,0.150000,1.844601,1.861110,1.518016,2.204204,1,0.686188,0.686188
41,16,0.150000,1.821841,1.428607,1.085512,1.771701,0,0.686188,1.354725
41,17,0.150000,2.221023,2.056869,1.713775,2.399963,1,0.686188,0.686188
41,24,0.150000,0.673021,0.749905,0.406811,1.093000,1,0.686188,0.686188
41,37,0.150000,2.177536,2.198807,1.855713,2.541901,1,0.686188,0.686188
41,39,0.150000,1.950170,1.962278,1.619184,2.305372,1,0.686188,0.686188
41,44,0.150000,1.184691,1.067421,0.724327,1.410515,1,0.686188,0.686188
41,47,0.150000,0.952792,0.809157,0.466062,1.152251,1,0.686188,0.686188
41,52,0.150000,1.466126,1.672517,1.329422,2.015611,1,0.686188,0.686188
41,1,0.100000,1.028571,1.040279,0.635771,1.444787,1,0.809016,0.809016
41,2,0.100000,0.792392,0.785216,0.380708,1.189724,1,0.809016,0.809016
41,3,0.100000,0.447158,0.563444,0.158936,0.967952,1,0.809016,0.809016
41,14,0.100000,1.844601,1.861110,1.456602,2.265618,1,0.809016,0.809016
41,16,0.100000,1.821841,1.428607,1.024099,1.833114,1,0.809016,0.809016
41,17,0.100000,2.221023,2.056869,1.652361,2.461377,1,0.809016,0.809016
41,24,0.100000,0.673021,0.749905,0.345397,1.154413,1,0.809016,0.809016
41,37,0.100000,2.177536,2.198807,1.794299,2.603315,1,0.809016,0.809016
41,39,0.100000,1.950170,1.962278,1.557770,2.366786,1,0.809016,0.809016
41,44,0.100000,1.184691,1.067421,0.662913,1.471929,1,0.809016,0.809016
41,47,0.100000,0.952792,0.809157,0.404649,1.213665,1,0.809016,0.809016
41,52,0.100000,1.466126,1.672517,1.268009,2.077024,1,0.809016,0.809016
41,1,0.050000,1.028571,1.040279,0.601346,1.479212,1,0.877866,0.877866
41,2,0.050000,0.792392,0.785216,0.346283,1.224149,1,0.877866,0.877866
41,3,0.050000,0.447158,0.563444,0.124511,1.002377,1,0.877866,0.877866
41,14,0.050000,1.844601,1.861110,1.422177,2.300043,1,0.877866,0.877866
41,16,0.050000,1.821841,1.428607,0.989673,1.867540,1,0.877866,0.877866
41,17,0.050000,2.221023,2.056869,1.617936,2.495802,1,0.877866,0.877866
41,24,0.050000,0.673021,0.749905,0.310972,1.188838,1,0.877866,0.877866
41,37,0.050000,2.177536,2.198807,1.759874,2.637740,1,0.877866,0.877866
41,39,0.050000,1.950170,1.962278,1.523345,2.401211,1,0.877866,0.877866
41,44,0.050000,1.184691,1.067421,0.628488,1.506354,1,0.877866,0.877866
41,47,0.050000,0.952792,0.809157,0.370224,1.248090,1,0.877866,0.877866
41,52,0.050000,1.466126,1.672517,1.233583,2.111450,1,0.877866,0.877866
41,1,0.010000,1.028571,1.040279,0.594090,1.486467,1,0.892377,0.892377
41,2,0.010000,0.792392,0.785216,0.339027,1.231404,1,0.892377,0.892377
41,3,0.010000,0.447158,0.563444,0.117255,1.009632,1,0.892377,0.892377
41,14,0.010000,1.844601,1.861110,1.414921,2.307298,1,0.892377,0.892377
41,16,0.010000,1.821841,1.428607,0.982418,1.874795,1,0.892377,0.892377
41,17,0.010000,2.221023,2.056869,1.610680,2.503057,1,0.892377,0.892377
41,24,0.010000,0.673021,0.749905,0.303717,1.196094,1,0.892377,0.892377
41,37,0.010000,2.177536,2.198807,1.752618,2.644995,1,0.892377,0.892377
41,39,0.010000,1.950170,1.962278,1.516090,2.408467,1,0.892377,0.892377
41,44,0.010000,1.184691,1.067421,0.621232,1.513609,1,0.892377,0.892377
41,47,0.010000,0.952792,0.809157,0.362968,1.255345,1,0.892377,0.892377
41,52,0.010000,1.466126,1.672517,1.226328,2.118705,1,0.892377,0.892377
42,0,0.500000,2.061113,2.074121,1.934179,2.214063,1,0.279884,0.279884
42,9,0.500000,0.450249,0.508322,0.368380,0.648264,1,0.279884,0.279884
42,12,0.500000,2.903090,2.565722,2.425780,2.705665,0,0.279884,1.069586
42,18,0.500000,0.932474,1.434302,1.294360,1.574244,0,0.279884,1.727428
42,22,0.500000,0.634477,0.777293,0.637351,0.917235,0,0.279884,0.291379
42,23,0.500000,0.730782,0.876476,0.736534,1.016418,0,0.279884,0.302890
42,30,0.500000,1.832062,1.861390,1.721448,2.001332,1,0.279884,0.279884
42,33,0.500000,2.339888,2.449703,2.309761,2.589645,1,0.279884,0.279884
42,34,0.500000,1.905256,1.980574,1.840632,2.120516,1,0.279884,0.279884
42,40,0.500000,0.558709,0.697958,0.558016,0.837900,1,0.279884,0.279884
42,42,0.500000,2.288964,2.265421,2.125479,2.405363,1,0.279884,0.279884
42,57,0.500000,1.975432,1.870076,1.730134,2.010018,1,0.279884,0.279884
42,0,0.400000,2.061113,2.074121,1.910159,2.238083,1,0.327924,0.327924
42,9,0.400000,0.450249,0.508322,0.344360,0.672284,1,0.327924,0.327924
42,12,0.400000,2.903090,2.565722,2.401760,2.729685,0,0.327924,1.194951
42,18,0.400000,0.932474,1.434302,1.270340,1.598264,0,0.327924,2.017254
42,22,0.400000,0.634477,0.777293,0.613331,0.941255,1,0.327924,0.327924
42,23,0.400000,0.730782,0.876476,0.712513,1.040438,1,0.327924,0.327924
42,30,0.400000,1.832062,1.861390,1.697427,2.025352,1,0.327924,0.327924
42,33,0.400000,2.339888,2.449703,2.285741,2.613665,1,0.327924,0.327924
42,34,0.400000,1.905256,1.980574,1.816612,2.144536,1,0.327924,0.327924
42,40,0.400000,0.558709,0.697958,0.533996,0.861920,1,0.327924,0.327924
42,42,0.400000,2.288964,2.265421,2.101459,2.429384,1,0.327924,0.327924
42,57,0.400000,1.975432,1.870076,1.706114,2.034039,1,0.327924,0.327924
42,0,0.300000,2.061113,2.074121,1.884904,2.263338,1,0.378435,0.378435
42,9,0.300000,0.450249,0.508322,0.319104,0.697539,1,0.378435,0.378435
42,12,0.300000,2.903090,2.565722,2.376505,2.754940,0,0.378435,1.366102
42,18,0.300000,0.932474,1.434302,1.245084,1.623519,0,0.378435,2.462506
42,22,0.300000,0.634477,0.777293,0.588076,0.966510,1,0.378435,0.378435
42,23,0.300000,0.730782,0.876476,0.687258,1.065693,1,0.378435,0.378435
42,30,0.300000,1.832062,1.861390,1.672172,2.050607,1,0.378435,0.378435
42,33,0.300000,2.339888,2.449703,2.260485,2.638920,1,0.378435,0.378435
42,34,0.300000,1.905256,1.980574,1.791356,2.169791,1,0.378435,0.378435
42,40,0.300000,0.558709,0.697958,0.508741,0.887175,1,0.378435,0.378435
42,42,0.300000,2.288964,2.265421,2.076204,2.454639,1,0.378435,0.378435
42,57,0.300000,1.975432,1.870076,1.680859,2.059294,1,0.378435,0.378435
42,0,0.200000,2.061113,2.074121,1.837356,2.310886,1,0.473531,0.473531
42,9,0.200000,0.450249,0.508322,0.271557,0.745087,1,0.473531,0.473531
42,12,0.200000,2.903090,2.565722,2.328957,2.802488,0,0.473531,1.479553
42,18,0.200000,0.932474,1.434302,1.197537,1.671067,0,0.473531,3.124159
42,22,0.200000,0.634477,0.777293,0.540528,1.014058,1,0.473531,0.473531
42,23,0.200000,0.730782,0.876476,0.639710,1.113241,1,0.473531,0.473531
42,30,0.200000,1.832062,1.861390,1.624624,2.098155,1,0.473531,0.473531
42,33,0.200000,2.339888,2.449703,2.212937,2.686468,1,0.473531,0.473531
42,34,0.200000,1.905256,1.980574,1.743809,2.217339,1,0.473531,0.473531
42,40,0.200000,0.558709,0.697958,0.461193,0.934723,1,0.473531,0.473531
42,42,0.200000,2.288964,2.265421,2.028656,2.502187,1,0.473531,0.473531
42,57,0.200000,1.975432,1.870076,1.633311,2.106842,1,0.473531,0.473531
42,0,0.150000,2.061113,2.074121,1.817838,2.330404,1,0.512567,0.512567
42,9,0.150000,0.450249,0.508322,0.252038,0.764605,1,0.512567,0.512567
42,12,0.150000,2.903090,2.565722,2.309439,2.822006,0,0.512567,1.593688
42,18,0.150000,0.932474,1.434302,1.178018,1.690585,0,0.512567,3.786495
42,22,0.150000,0.634477,0.777293,0.521010,1.033576,1,0.512567,0.512567
42,23,0.150000,0.730782,0.876476,0.620192,1.132759,1,0.512567,0.512567
42,30,0.150000,1.832062,1.861390,1.605106,2.117673,1,0.512567,0.512567
42,33,0.150000,2.339888,2.449703,2.193419,2.705986,1,0.512567,0.512567
42,34,0.150000,1.905256,1.980574,1.724290,2.236857,1,0.512567,0.512567
42,40,0.150000,0.558709,0.697958,0.441675,0.954241,1,0.512567,0.512567
42,42,0.150000,2.288964,2.265421,2.009138,2.521705,1,0.512567,0.512567
42,57,0.150000,1.975432,1.870076,1.613793,2.126360,1,0.512567,0.512567
42,0,0.100000,2.061113,2.074121,1.784637,2.363605,1,0.578968,0.578968
42,9,0.100000,0.450249,0.508322,0.218838,0.797806,1,0.578968,0.578968
42,12,0.100000,2.903090,2.565722,2.276238,2.855207,0,0.578968,1.536635
42,18,0.100000,0.932474,1.434302,1.144818,1.723786,0,0.578968,4.825846
42,22,0.100000,0.634477,0.777293,0.487809,1.066777,1,0.578968,0.578968
42,23,0.100000,0.730782,0.876476,0.586992,1.165960,1,0.578968,0.578968
42,30,0.100000,1.832062,1.861390,1.571905,2.150874,1,0.578968,0.578968
42,33,0.100000,2.339888,2.449703,2.160219,2.739187,1,0.578968,0.578968
42,34,0.100000,1.905256,1.980574,1.691090,2.270058,1,0.578968,0.578968
42,40,0.100000,0.558709,0.697958,0.408474,0.987442,1,0.578968,0.578968
42,42,0.100000,2.288964,2.265421,1.975937,2.554906,1,0.578968,0.578968
42,57,0.100000,1.975432,1.870076,1.580592,2.159561,1,0.578968,0.578968
42,0,0.050000,2.061113,2.074121,1.690091,2.458151,1,0.768060,0.768060
42,9,0.050000,0.450249,0.508322,0.124292,0.892352,1,0.768060,0.768060
42,12,0.050000,2.903090,2.565722,2.181692,2.949752,1,0.768060,0.768060
42,18,0.050000,0.932474,1.434302,1.050272,1.818332,0,0.768060,5.479984
42,22,0.050000,0.634477,0.777293,0.393263,1.161323,1,0.768060,0.768060
42,23,0.050000,0.730782,0.876476,0.492446,1.260506,1,0.768060,0.768060
42,30,0.050000,1.832062,1.861390,1.477360,2.245420,1,0.768060,0.768060
42,33,0.050000,2.339888,2.449703,2.065673,2.833733,1,0.768060,0.768060
42,34,0.050000,1.905256,1.980574,1.596544,2.364604,1,0.768060,0.768060
42,40,0.050000,0.558709,0.697958,0.313928,1.081988,1,0.768060,0.768060
42,42,0.050000,2.288964,2.265421,1.881391,2.649451,1,0.768060,0.768060
42,57,0.050000,1.975432,1.870076,1.486046,2.254106,1,0.768060,0.768060
42,0,0.010000,2.061113,2.074121,1.615521,2.532721,1,0.917201,0.917201
42,9,0.010000,0.450249,0.508322,0.049721,0.966922,1,0.917201,0.917201
42,12,0.010000,2.903090,2.565722,2.107122,3.024323,1,0.917201,0.917201
42,18,0.010000,0.932474,1.434302,0.975701,1.892902,0,0.917201,9.562723
42,22,0.010000,0.634477,0.777293,0.318692,1.235893,1,0.917201,0.917201
42,23,0.010000,0.730782,0.876476,0.417875,1.335076,1,0.917201,0.917201
42,30,0.010000,1.832062,1.861390,1.402789,2.319990,1,0.917201,0.917201
42,33,0.010000,2.339888,2.449703,1.991102,2.908303,1,0.917201,0.917201
42,34,0.010000,1.905256,1.980574,1.521973,2.439174,1,0.917201,0.917201
42,40,0.010000,0.558709,0.697958,0.239358,1.156558,1,0.917201,0.917201
42,42,0.010000,2.288964,2.265421,1.806821,2.724022,1,0.917201,0.917201
42,57,0.010000,1.975432,1.870076,1.411476,2.328677,1,0.917201,0.917201
43,11,0.500000,0.895423,0.786930,0.670009,0.903851,1,0.233842,0.233842
43,20,0.500000,0.802774,0.915684,0.798763,1.032605,1,0.233842,0.233842
43,32,0.500000,1.992995,1.985114,1.868193,2.102035,1,0.233842,0.233842
43,35,0.500000,2.703584,2.922920,2.805999,3.039841,0,0.233842,0.643503
43,38,0.500000,1.966189,1.487947,1.371026,1.604868,0,0.233842,1.679124
43,43,0.500000,0.914343,1.061799,0.944877,1.178720,0,0.233842,0.355980
43,45,0.500000,0.641474,0.861490,0.744569,0.978411,0,0.233842,0.646222
43,49,0.500000,1.460748,1.309410,1.192489,1.426331,0,0.233842,0.371507
43,51,0.500000,1.669038,1.664430,1.547509,1.781351,1,0.233842,0.233842
43,56,0.500000,1.193125,1.173367,1.056446,1.290288,1,0.233842,0.233842
43,58,0.500000,2.211227,2.739663,2.622742,2.856584,0,0.233842,1.879901
43,59,0.500000,2.494057,2.528844,2.411923,2.645765,1,0.233842,0.233842
43,11,0.400000,0.895423,0.786930,0.643147,0.930714,1,0.287568,0.287568
43,20,0.400000,0.802774,0.915684,0.771900,1.059468,1,0.287568,0.287568
43,32,0.400000,1.992995,1.985114,1.841330,2.128898,1,0.287568,0.287568
43,35,0.400000,2.703584,2.922920,2.779136,3.066704,0,0.287568,0.665330
43,38,0.400000,1.966189,1.487947,1.344163,1.631731,0,0.287568,1.959856
43,43,0.400000,0.914343,1.061799,0.918015,1.205582,0,0.287568,0.305926
43,45,0.400000,0.641474,0.861490,0.717706,1.005274,0,0.287568,0.668729
43,49,0.400000,1.460748,1.309410,1.165626,1.453194,0,0.287568,0.325335
43,51,0.400000,1.669038,1.664430,1.520646,1.808214,1,0.287568,0.287568
43,56,0.400000,1.193125,1.173367,1.029583,1.317151,1,0.287568,0.287568
43,58,0.400000,2.211227,2.739663,2.595879,2.883447,0,0.287568,2.210827
43,59,0.400000,2.494057,2.528844,2.385061,2.672628,1,0.287568,0.287568
43,11,0.300000,0.895423,0.786930,0.617985,0.955876,1,0.337891,0.337891
43,20,0.300000,0.802774,0.915684,0.746738,1.084629,1,0.337891,0.337891
43,32,0.300000,1.992995,1.985114,1.816168,2.154059,1,0.337891,0.337891
43,35,0.300000,2.703584,2.922920,2.753974,3.091866,0,0.337891,0.673830
43,38,0.300000,1.966189,1.487947,1.319002,1.656893,0,0.337891,2.399864
43,43,0.300000,0.914343,1.061799,0.892853,1.230744,1,0.337891,0.337891
43,45,0.300000,0.641474,0.861490,0.692545,1.030436,0,0.337891,0.678361
43,49,0.300000,1.460748,1.309410,1.140465,1.478356,1,0.337891,0.337891
43,51,0.300000,1.669038,1.664430,1.495485,1.833376,1,0.337891,0.337891
43,56,0.300000,1.193125,1.173367,1.004421,1.342312,1,0.337891,0.337891
43,58,0.300000,2.211227,2.739663,2.570718,2.908609,0,0.337891,2.734493
43,59,0.300000,2.494057,2.528844,2.359899,2.697790,1,0.337891,0.337891
43,11,0.200000,0.895423,0.786930,0.591094,0.982767,1,0.391674,0.391674
43,20,0.200000,0.802774,0.915684,0.719847,1.111521,1,0.391674,0.391674
43,32,0.200000,1.992995,1.985114,1.789277,2.180951,1,0.391674,0.391674
43,35,0.200000,2.703584,2.922920,2.727083,3.118757,0,0.391674,0.626669
43,38,0.200000,1.966189,1.487947,1.292110,1.683784,0,0.391674,3.215720
43,43,0.200000,0.914343,1.061799,0.865962,1.257635,1,0.391674,0.391674
43,45,0.200000,0.641474,0.861490,0.665653,1.057327,0,0.391674,0.633466
43,49,0.200000,1.460748,1.309410,1.113573,1.505247,1,0.391674,0.391674
43,51,0.200000,1.669038,1.664430,1.468593,1.860267,1,0.391674,0.391674
43,56,0.200000,1.193125,1.173367,0.977530,1.369204,1,0.391674,0.391674
43,58,0.200000,2.211227,2.739663,2.543826,2.935500,0,0.391674,3.717663
43,59,0.200000,2.494057,2.528844,2.333008,2.724681,1,0.391674,0.391674
43,11,0.150000,0.895423,0.786930,0.536480,1.037381,1,0.500901,0.500901
43,20,0.150000,0.802774,0.915684,0.665233,1.166134,1,0.500901,0.500901
43,32,0.150000,1.992995,1.985114,1.734664,2.235564,1,0.500901,0.500901
43,35,0.150000,2.703584,2.922920,2.672470,3.173370,1,0.500901,0.500901
43,38,0.150000,1.966189,1.487947,1.237497,1.738397,0,0.500901,3.538116
43,43,0.150000,0.914343,1.061799,0.811348,1.312249,1,0.500901,0.500901
43,45,0.150000,0.641474,0.861490,0.611040,1.111940,1,0.500901,0.500901
43,49,0.150000,1.460748,1.309410,1.058960,1.559860,1,0.500901,0.500901
43,51,0.150000,1.669038,1.664430,1.413980,1.914880,1,0.500901,0.500901
43,56,0.150000,1.193125,1.173367,0.922917,1.423817,1,0.500901,0.500901
43,58,0.150000,2.211227,2.739663,2.489213,2.990113,0,0.500901,4.207374
43,59,0.150000,2.494057,2.528844,2.278394,2.779295,1,0.500901,0.500901
43,11,0.100000,0.895423,0.786930,0.489060,1.084800,1,0.595740,0.595740
43,20,0.100000,0.802774,0.915684,0.617814,1.213554,1,0.595740,0.595740
43,32,0.100000,1.992995,1.985114,1.687244,2.282984,1,0.595740,0.595740
43,35,0.100000,2.703584,2.922920,2.625050,3.220790,1,0.595740,0.595740
43,38,0.100000,1.966189,1.487947,1.190077,1.785817,0,0.595740,4.203172
43,43,0.100000,0.914343,1.061799,0.763929,1.359668,1,0.595740,0.595740
43,45,0.100000,0.641474,0.861490,0.563620,1.159360,1,0.595740,0.595740
43,49,0.100000,1.460748,1.309410,1.011540,1.607280,1,0.595740,0.595740
43,51,0.100000,1.669038,1.664430,1.366560,1.962300,1,0.595740,0.595740
43,56,0.100000,1.193125,1.173367,0.875497,1.471237,1,0.595740,0.595740
43,58,0.100000,2.211227,2.739663,2.441793,3.037533,0,0.595740,5.207058
43,59,0.100000,2.494057,2.528844,2.230975,2.826714,1,0.595740,0.595740
43,11,0.050000,0.895423,0.786930,0.399720,1.174141,1,0.774420,0.774420
43,20,0.050000,0.802774,0.915684,0.528474,1.302894,1,0.774420,0.774420
43,32,0.050000,1.992995,1.985114,1.597904,2.372324,1,0.774420,0.774420
43,35,0.050000,2.703584,2.922920,2.535710,3.310130,1,0.774420,0.774420
43,38,0.050000,1.966189,1.487947,1.100737,1.875157,0,0.774420,4.415669
43,43,0.050000,0.914343,1.061799,0.674588,1.449009,1,0.774420,0.774420
43,45,0.050000,0.641474,0.861490,0.474280,1.248700,1,0.774420,0.774420
43,49,0.050000,1.460748,1.309410,0.922200,1.696620,1,0.774420,0.774420
43,51,0.050000,1.669038,1.664430,1.277220,2.051640,1,0.774420,0.774420
43,56,0.050000,1.193125,1.173367,0.786157,1.560577,1,0.774420,0.774420
43,58,0.050000,2.211227,2.739663,2.352453,3.126873,0,0.774420,6.423441
43,59,0.050000,2.494057,2.528844,2.141634,2.916055,1,0.774420,0.774420
43,11,0.010000,0.895423,0.786930,0.330831,1.243029,1,0.912198,0.912198
43,20,0.010000,0.802774,0.915684,0.459585,1.371783,1,0.912198,0.912198
43,32,0.010000,1.992995,1.985114,1.529015,2.441213,1,0.912198,0.912198
43,35,0.010000,2.703584,2.922920,2.466821,3.379019,1,0.912198,0.912198
43,38,0.010000,1.966189,1.487947,1.031848,1.944046,0,0.912198,5.340697
43,43,0.010000,0.914343,1.061799,0.605700,1.517898,1,0.912198,0.912198
43,45,0.010000,0.641474,0.861490,0.405391,1.317589,1,0.912198,0.912198
43,49,0.010000,1.460748,1.309410,0.853311,1.765509,1,0.912198,0.912198
43,51,0.010000,1.669038,1.664430,1.208331,2.120529,1,0.912198,0.912198
43,56,0.010000,1.193125,1.173367,0.717268,1.629466,1,0.912198,0.912198
43,58,0.010000,2.211227,2.739663,2.283564,3.195762,0,0.912198,15.379558
43,59,0.010000,2.494057,2.528844,2.072745,2.984943,1,0.912198,0.912198
44,4,0.500000,2.455439,2.446341,2.354667,2.538014,1,0.183347,0.183347
44,13,0.500000,1.090611,0.853270,0.761596,0.944943,0,0.183347,0.766016
44,15,0.500000,1.258158,1.285056,1.193383,1.376730,1,0.183347,0.183347
44,21,0.500000,0.727541,0.810670,0.718996,0.902343,1,0.183347,0.183347
44,25,0.500000,2.817764,2.415587,2.323914,2.507261,0,0.183347,1.425358
44,27,0.500000,2.035870,2.044501,1.952827,2.136174,1,0.183347,0.183347
44,28,0.500000,2.465532,2.284935,2.193261,2.376608,0,0.183347,0.539041
44,29,0.500000,1.711132,1.835391,1.743717,1.927064,0,0.183347,0.313687
44,36,0.500000,1.888179,1.655182,1.563508,1.746855,0,0.183347,0.748644
44,46,0.500000,2.133762,2.005912,1.914239,2.097586,0,0.183347,0.328053
44,48,0.500000,2.398044,2.240511,2.148838,2.332185,0,0.183347,0.446785
44,50,0.500000,1.212188,1.382387,1.290713,1.474060,0,0.183347,0.497449
44,4,0.400000,2.455439,2.446341,2.338676,2.554005,1,0.215329,0.215329
44,13,0.400000,1.090611,0.853270,0.745605,0.960935,0,0.215329,0.863710
44,15,0.400000,1.258158,1.285056,1.177392,1.392721,1,0.215329,0.215329
44,21,0.400000,0.727541,0.810670,0.703005,0.918334,1,0.215329,0.215329
44,25,0.400000,2.817764,2.415587,2.307923,2.523252,0,0.215329,1.687887
44,27,0.400000,2.035870,2.044501,1.936836,2.152166,1,0.215329,0.215329
44,28,0.400000,2.465532,2.284935,2.177270,2.392599,0,0.215329,0.579991
44,29,0.400000,1.711132,1.835391,1.727726,1.943055,0,0.215329,0.298298
44,36,0.400000,1.888179,1.655182,1.547517,1.762846,0,0.215329,0.841995
44,46,0.400000,2.133762,2.005912,1.898248,2.113577,0,0.215329,0.316256
44,48,0.400000,2.398044,2.240511,2.132846,2.348176,0,0.215329,0.464671
44,50,0.400000,1.212188,1.382387,1.274722,1.490051,0,0.215329,0.528001
44,4,0.300000,2.455439,2.446341,2.269571,2.623110,1,0.353539,0.353539
44,13,0.300000,1.090611,0.853270,0.676500,1.030039,0,0.353539,0.757348
44,15,0.300000,1.258158,1.285056,1.108287,1.461826,1,0.353539,0.353539
44,21,0.300000,0.727541,0.810670,0.633900,0.987439,1,0.353539,0.353539
44,25,0.300000,2.817764,2.415587,2.238818,2.592357,0,0.353539,1.856250
44,27,0.300000,2.035870,2.044501,1.867731,2.221270,1,0.353539,0.353539
44,28,0.300000,2.465532,2.284935,2.108165,2.461704,0,0.353539,0.379055
44,29,0.300000,1.711132,1.835391,1.658621,2.012160,1,0.353539,0.353539
44,36,0.300000,1.888179,1.655182,1.478412,1.831951,0,0.353539,0.728393
44,46,0.300000,2.133762,2.005912,1.829143,2.182682,1,0.353539,0.353539
44,48,0.300000,2.398044,2.240511,2.063742,2.417281,1,0.353539,0.353539
44,50,0.300000,1.212188,1.382387,1.205617,1.559156,1,0.353539,0.353539
44,4,0.200000,2.455439,2.446341,2.206025,2.686656,1,0.480631,0.480631
44,13,0.200000,1.090611,0.853270,0.612954,1.093585,1,0.480631,0.480631
44,15,0.200000,1.258158,1.285056,1.044741,1.525372,1,0.480631,0.480631
44,21,0.200000,0.727541,0.810670,0.570354,1.050985,1,0.480631,0.480631
44,25,0.200000,2.817764,2.415587,2.175272,2.655903,0,0.480631,2.099239
44,27,0.200000,2.035870,2.044501,1.804185,2.284816,1,0.480631,0.480631
44,28,0.200000,2.465532,2.284935,2.044619,2.525250,1,0.480631,0.480631
44,29,0.200000,1.711132,1.835391,1.595075,2.075706,1,0.480631,0.480631
44,36,0.200000,1.888179,1.655182,1.414866,1.895497,1,0.480631,0.480631
44,46,0.200000,2.133762,2.005912,1.765597,2.246228,1,0.480631,0.480631
44,48,0.200000,2.398044,2.240511,2.000196,2.480827,1,0.480631,0.480631
44,50,0.200000,1.212188,1.382387,1.142071,1.622702,1,0.480631,0.480631
44,4,0.150000,2.455439,2.446341,2.175494,2.717187,1,0.541693,0.541693
44,13,0.150000,1.090611,0.853270,0.582423,1.124116,1,0.541693,0.541693
44,15,0.150000,1.258158,1.285056,1.014210,1.555903,1,0.541693,0.541693
44,21,0.150000,0.727541,0.810670,0.539823,1.081516,1,0.541693,0.541693
44,25,0.150000,2.817764,2.415587,2.144741,2.686434,0,0.541693,2.292757
44,27,0.150000,2.035870,2.044501,1.773654,2.315347,1,0.541693,0.541693
44,28,0.150000,2.465532,2.284935,2.014088,2.555781,1,0.541693,0.541693
44,29,0.150000,1.711132,1.835391,1.564544,2.106237,1,0.541693,0.541693
44,36,0.150000,1.888179,1.655182,1.384335,1.926028,1,0.541693,0.541693
44,46,0.150000,2.133762,2.005912,1.735066,2.276759,1,0.541693,0.541693
44,48,0.150000,2.398044,2.240511,1.969665,2.511358,1,0.541693,0.541693
44,50,0.150000,1.212188,1.382387,1.111540,1.653233,1,0.541693,0.541693
44,4,0.100000,2.455439,2.446341,2.118256,2.774425,1,0.656168,0.656168
44,13,0.100000,1.090611,0.853270,0.525186,1.181354,1,0.656168,0.656168
44,15,0.100000,1.258158,1.285056,0.956972,1.613140,1,0.656168,0.656168
44,21,0.100000,0.727541,0.810670,0.482586,1.138754,1,0.656168,0.656168
44,25,0.100000,2.817764,2.415587,2.087503,2.743672,0,0.656168,2.138010
44,27,0.100000,2.035870,2.044501,1.716417,2.372585,1,0.656168,0.656168
44,28,0.100000,2.465532,2.284935,1.956850,2.613019,1,0.656168,0.656168
44,29,0.100000,1.711132,1.835391,1.507306,2.163475,1,0.656168,0.656168
44,36,0.100000,1.888179,1.655182,1.327098,1.983266,1,0.656168,0.656168
44,46,0.100000,2.133762,2.005912,1.677828,2.333996,1,0.656168,0.656168
44,48,0.100000,2.398044,2.240511,1.912427,2.568595,1,0.656168,0.656168
44,50,0.100000,1.212188,1.382387,1.054303,1.710471,1,0.656168,0.656168
44,4,0.050000,2.455439,2.446341,1.955058,2.937624,1,0.982566,0.982566
44,13,0.050000,1.090611,0.853270,0.361987,1.344553,1,0.982566,0.982566
44,15,0.050000,1.258158,1.285056,0.793773,1.776339,1,0.982566,0.982566
44,21,0.050000,0.727541,0.810670,0.319387,1.301953,1,0.982566,0.982566
44,25,0.050000,2.817764,2.415587,1.924304,2.906870,1,0.982566,0.982566
44,27,0.050000,2.035870,2.044501,1.553218,2.535784,1,0.982566,0.982566
44,28,0.050000,2.465532,2.284935,1.793652,2.776217,1,0.982566,0.982566
44,29,0.050000,1.711132,1.835391,1.344108,2.326674,1,0.982566,0.982566
44,36,0.050000,1.888179,1.655182,1.163899,2.146465,1,0.982566,0.982566
44,46,0.050000,2.133762,2.005912,1.514629,2.497195,1,0.982566,0.982566
44,48,0.050000,2.398044,2.240511,1.749228,2.731794,1,0.982566,0.982566
44,50,0.050000,1.212188,1.382387,0.891104,1.873670,1,0.982566,0.982566
44,4,0.010000,2.455439,2.446341,1.888252,3.004430,1,1.116178,1.116178
44,13,0.010000,1.090611,0.853270,0.295181,1.411359,1,1.116178,1.116178
44,15,0.010000,1.258158,1.285056,0.726967,1.843145,1,1.116178,1.116178
44,21,0.010000,0.727541,0.810670,0.252581,1.368759,1,1.116178,1.116178
44,25,0.010000,2.817764,2.415587,1.857498,2.973676,1,1.116178,1.116178
44,27,0.010000,2.035870,2.044501,1.486412,2.602590,1,1.116178,1.116178
44,28,0.010000,2.465532,2.284935,1.726845,2.843024,1,1.116178,1.116178
44,29,0.010000,1.711132,1.835391,1.277302,2.393480,1,1.116178,1.116178
44,36,0.010000,1.888179,1.655182,1.097093,2.213271,1,1.116178,1.116178
44,46,0.010000,2.133762,2.005912,1.447823,2.564001,1,1.116178,1.116178
44,48,0.010000,2.398044,2.240511,1.682422,2.798600,1,1.116178,1.116178
44,50,0.010000,1.212188,1.382387,0.824298,1.940476,1,1.116178,1.116178
45,5,0.500000,2.328645,2.320643,2.177239,2.464047,1,0.286808,0.286808
45,18,0.500000,0.932474,1.404899,1.261495,1.548303,0,0.286808,1.602894
45,19,0.500000,2.018617,2.007950,1.864546,2.151354,1,0.286808,0.286808
45,21,0.500000,0.727541,0.848216,0.704812,0.991620,1,0.286808,0.286808
45,27,0.500000,2.035870,2.045533,1.902129,2.188937,1,0.286808,0.286808
45,32,0.500000,1.992995,2.005015,1.861611,2.148419,1,0.286808,0.286808
45,36,0.500000,1.888179,1.720904,1.577500,1.864308,0,0.286808,0.382294
45,43,0.500000,0.914343,0.968247,0.824843,1.111651,1,0.286808,0.286808
45,53,0.500000,0.798651,0.664114,0.520710,0.807518,1,0.286808,0.286808
45,54,0.500000,0.404834,0.646306,0.502902,0.789710,0,0.286808,0.679082
45,56,0.500000,1.193125,1.224869,1.081465,1.368272,1,0.286808,0.286808
45,57,0.500000,1.975432,1.862844,1.719441,2.006248,1,0.286808,0.286808
45,5,0.400000,2.328645,2.320643,2.158940,2.482346,1,0.323407,0.323407
45,18,0.400000,0.932474,1.404899,1.243196,1.566602,0,0.323407,1.877017
45,19,0.400000,2.018617,2.007950,1.846246,2.169653,1,0.323407,0.323407
45,21,0.400000,0.727541,0.848216,0.686513,1.009920,1,0.323407,0.323407
45,27,0.400000,2.035870,2.045533,1.883830,2.207236,1,0.323407,0.323407
45,32,0.400000,1.992995,2.005015,1.843312,2.166718,1,0.323407,0.323407
45,36,0.400000,1.888179,1.720904,1.559201,1.882607,0,0.323407,0.351267
45,43,0.400000,0.914343,0.968247,0.806544,1.129951,1,0.323407,0.323407
45,53,0.400000,0.798651,0.664114,0.502411,0.825817,1,0.323407,0.323407
45,54,0.400000,0.404834,0.646306,0.484603,0.808009,0,0.323407,0.722252
45,56,0.400000,1.193125,1.224869,1.063165,1.386572,1,0.323407,0.323407
45,57,0.400000,1.975432,1.862844,1.701141,2.024548,1,0.323407,0.323407
45,5,0.300000,2.328645,2.320643,2.139345,2.501941,1,0.362596,0.362596
45,18,0.300000,0.932474,1.404899,1.223601,1.586197,0,0.362596,2.303445
45,19,0.300000,2.018617,2.007950,1.826652,2.189248,1,0.362596,0.362596
45,21,0.300000,0.727541,0.848216,0.666918,1.029514,1,0.362596,0.362596
45,27,0.300000,2.035870,2.045533,1.864235,2.226831,1,0.362596,0.362596
45,32,0.300000,1.992995,2.005015,1.823717,2.186313,1,0.362596,0.362596
45,36,0.300000,1.888179,1.720904,1.539606,1.902202,1,0.362596,0.362596
45,43,0.300000,0.914343,0.968247,0.786949,1.149545,1,0.362596,0.362596
45,53,0.300000,0.798651,0.664114,0.482816,0.845412,1,0.362596,0.362596
45,54,0.300000,0.404834,0.646306,0.465008,0.827604,0,0.362596,0.763758
45,56,0.300000,1.193125,1.224869,1.043571,1.406167,1,0.362596,0.362596
45,57,0.300000,1.975432,1.862844,1.681546,2.044143,1,0.362596,0.362596
45,5,0.200000,2.328645,2.320643,2.099576,2.541709,1,0.442133,0.442133
45,18,0.200000,0.932474,1.404899,1.183833,1.625966,0,0.442133,2.955721
45,19,0.200000,2.018617,2.007950,1.786883,2.229016,1,0.442133,0.442133
45,21,0.200000,0.727541,0.848216,0.627150,1.069283,1,0.442133,0.442133
45,27,0.200000,2.035870,2.045533,1.824466,2.266599,1,0.442133,0.442133
45,32,0.200000,1.992995,2.005015,1.783948,2.226081,1,0.442133,0.442133
45,36,0.200000,1.888179,1.720904,1.499838,1.941971,1,0.442133,0.442133
45,43,0.200000,0.914343,0.968247,0.747181,1.189314,1,0.442133,0.442133
45,53,0.200000,0.798651,0.664114,0.443048,0.885181,1,0.442133,0.442133
45,54,0.200000,0.404834,0.646306,0.425240,0.867373,0,0.442133,0.646192
45,56,0.200000,1.193125,1.224869,1.003802,1.445935,1,0.442133,0.442133
45,57,0.200000,1.975432,1.862844,1.641778,2.083911,1,0.442133,0.442133
45,5,0.150000,2.328645,2.320643,2.066202,2.575084,1,0.508882,0.508882
45,18,0.150000,0.932474,1.404899,1.150458,1.659340,0,0.508882,3.415342
45,19,0.150000,2.018617,2.007950,1.753509,2.262391,1,0.508882,0.508882
45,21,0.150000,0.727541,0.848216,0.593775,1.102657,1,0.508882,0.508882
45,27,0.150000,2.035870,2.045533,1.791092,2.299974,1,0.508882,0.508882
45,32,0.150000,1.992995,2.005015,1.750574,2.259456,1,0.508882,0.508882
45,36,0.150000,1.888179,1.720904,1.466463,1.975345,1,0.508882,0.508882
45,43,0.150000,0.914343,0.968247,0.713806,1.222688,1,0.508882,0.508882
45,53,0.150000,0.798651,0.664114,0.409673,0.918555,1,0.508882,0.508882
45,54,0.150000,0.404834,0.646306,0.391865,0.900747,1,0.508882,0.508882
45,56,0.150000,1.193125,1.224869,0.970428,1.479309,1,0.508882,0.508882
45,57,0.150000,1.975432,1.862844,1.608404,2.117285,1,0.508882,0.508882
45,5,0.100000,2.328645,2.320643,1.992526,2.648760,1,0.656234,0.656234
45,18,0.100000,0.932474,1.404899,1.076782,1.733016,0,0.656234,3.542401
45,19,0.100000,2.018617,2.007950,1.679833,2.336067,1,0.656234,0.656234
45,21,0.100000,0.727541,0.848216,0.520099,1.176333,1,0.656234,0.656234
45,27,0.100000,2.035870,2.045533,1.717416,2.373650,1,0.656234,0.656234
45,32,0.100000,1.992995,2.005015,1.676898,2.333132,1,0.656234,0.656234
45,36,0.100000,1.888179,1.720904,1.392787,2.049021,1,0.656234,0.656234
45,43,0.100000,0.914343,0.968247,0.640130,1.296364,1,0.656234,0.656234
45,53,0.100000,0.798651,0.664114,0.335997,0.992231,1,0.656234,0.656234
45,54,0.100000,0.404834,0.646306,0.318189,0.974423,1,0.656234,0.656234
45,56,0.100000,1.193125,1.224869,0.896752,1.552986,1,0.656234,0.656234
45,57,0.100000,1.975432,1.862844,1.534727,2.190961,1,0.656234,0.656234
45,5,0.050000,2.328645,2.320643,1.879651,2.761635,1,0.881984,0.881984
45,18,0.050000,0.932474,1.404899,0.963907,1.845891,0,0.881984,2.139318
45,19,0.050000,2.018617,2.007950,1.566958,2.448942,1,0.881984,0.881984
45,21,0.050000,0.727541,0.848216,0.407224,1.289208,1,0.881984,0.881984
45,27,0.050000,2.035870,2.045533,1.604541,2.486525,1,0.881984,0.881984
45,32,0.050000,1.992995,2.005015,1.564023,2.446007,1,0.881984,0.881984
45,36,0.050000,1.888179,1.720904,1.279912,2.161896,1,0.881984,0.881984
45,43,0.050000,0.914343,0.968247,0.527255,1.409239,1,0.881984,0.881984
45,53,0.050000,0.798651,0.664114,0.223122,1.105106,1,0.881984,0.881984
45,54,0.050000,0.404834,0.646306,0.205314,1.087298,1,0.881984,0.881984
45,56,0.050000,1.193125,1.224869,0.783877,1.665861,1,0.881984,0.881984
45,57,0.050000,1.975432,1.862844,1.421852,2.303836,1,0.881984,0.881984
45,5,0.010000,2.328645,2.320643,1.757832,2.883453,1,1.125621,1.125621
45,18,0.010000,0.932474,1.404899,0.842089,1.967710,1,1.125621,1.125621
45,19,0.010000,2.018617,2.007950,1.445139,2.570760,1,1.125621,1.125621
45,21,0.010000,0.727541,0.848216,0.285406,1.411027,1,1.125621,1.125621
45,27,0.010000,2.035870,2.045533,1.482722,2.608343,1,1.125621,1.125621
45,32,0.010000,1.992995,2.005015,1.442204,2.567825,1,1.125621,1.125621
45,36,0.010000,1.888179,1.720904,1.158094,2.283715,1,1.125621,1.125621
45,43,0.010000,0.914343,0.968247,0.405437,1.531058,1,1.125621,1.125621
45,53,0.010000,0.798651,0.664114,0.101304,1.226925,1,1.125621,1.125621
45,54,0.010000,0.404834,0.646306,0.083496,1.209117,1,1.125621,1.125621
45,56,0.010000,1.193125,1.224869,0.662058,1.787679,1,1.125621,1.125621
45,57,0.010000,1.975432,1.862844,1.300034,2.425655,1,1.125621,1.125621
46,0,0.500000,2.061113,2.078250,1.955683,2.200817,1,0.245135,0.245135
46,4,0.500000,2.455439,2.506575,2.384008,2.629142,1,0.245135,0.245135
46,12,0.500000,2.903090,2.559021,2.436454,2.681589,0,0.245135,1.131139
46,13,0.500000,1.090611,0.825156,0.702589,0.947723,0,0.245135,0.816685
46,14,0.500000,1.844601,1.863594,1.741026,1.986161,1,0.245135,0.245135
46,26,0.500000,2.195346,1.949833,1.827266,2.072401,0,0.245135,0.736916
46,37,0.500000,2.177536,2.178672,2.056105,2.301239,1,0.245135,0.245135
46,39,0.500000,1.950170,1.968033,1.845466,2.090601,1,0.245135,0.245135
46,42,0.500000,2.288964,2.253189,2.130622,2.375757,1,0.245135,0.245135
46,44,0.500000,1.184691,1.112137,0.989570,1.234704,1,0.245135,0.245135
46,52,0.500000,1.466126,1.667108,1.544541,1.789675,0,0.245135,0.558794
46,59,0.500000,2.494057,2.441575,2.319008,2.564142,1,0.245135,0.245135
46,0,0.400000,2.061113,2.078250,1.935656,2.220843,1,0.285187,0.285187
46,4,0.400000,2.455439,2.506575,2.363982,2.649169,1,0.285187,0.285187
46,12,0.400000,2.903090,2.559021,2.416428,2.701615,0,0.285187,1.292562
46,13,0.400000,1.090611,0.825156,0.682562,0.967749,0,0.285187,0.899494
46,14,0.400000,1.844601,1.863594,1.721000,2.006187,1,0.285187,0.285187
46,26,0.400000,2.195346,1.949833,1.807240,2.092427,0,0.285187,0.799783
46,37,0.400000,2.177536,2.178672,2.036079,2.321266,1,0.285187,0.285187
46,39,0.400000,1.950170,1.968033,1.825440,2.110627,1,0.285187,0.285187
46,42,0.400000,2.288964,2.253189,2.110596,2.395783,1,0.285187,0.285187
46,44,0.400000,1.184691,1.112137,0.969544,1.254731,1,0.285187,0.285187
46,52,0.400000,1.466126,1.667108,1.524514,1.809701,0,0.285187,0.577130
46,59,0.400000,2.494057,2.441575,2.298982,2.584169,1,0.285187,0.285187
46,0,0.300000,2.061113,2.078250,1.914551,2.241949,1,0.327397,0.327397
46,4,0.300000,2.455439,2.506575,2.342877,2.670274,1,0.327397,0.327397
46,12,0.300000,2.903090,2.559021,2.395323,2.722720,0,0.327397,1.529863
46,13,0.300000,1.090611,0.825156,0.661457,0.988854,0,0.327397,1.005772
46,14,0.300000,1.844601,1.863594,1.699895,2.027292,1,0.327397,0.327397
46,26,0.300000,2.195346,1.949833,1.786135,2.113532,0,0.327397,0.872824
46,37,0.300000,2.177536,2.178672,2.014973,2.342371,1,0.327397,0.327397
46,39,0.300000,1.950170,1.968033,1.804335,2.131732,1,0.327397,0.327397
46,42,0.300000,2.288964,2.253189,2.089491,2.416888,1,0.327397,0.327397
46,44,0.300000,1.184691,1.112137,0.948439,1.275836,1,0.327397,0.327397
46,52,0.300000,1.466126,1.667108,1.503409,1.830807,0,0.327397,0.575954
46,59,0.300000,2.494057,2.441575,2.277876,2.605274,1,0.327397,0.327397
46,0,0.200000,2.061113,2.078250,1.884008,2.272492,1,0.388485,0.388485
46,4,0.200000,2.455439,2.506575,2.312333,2.700818,1,0.388485,0.388485
46,12,0.200000,2.903090,2.559021,2.364779,2.753264,0,0.388485,1.886746
46,13,0.200000,1.090611,0.825156,0.630913,1.019398,0,0.388485,1.100609
46,14,0.200000,1.844601,1.863594,1.669351,2.057836,1,0.388485,0.388485
46,26,0.200000,2.195346,1.949833,1.755591,2.144076,0,0.388485,0.901187
46,37,0.200000,2.177536,2.178672,1.984430,2.372915,1,0.388485,0.388485
46,39,0.200000,1.950170,1.968033,1.773791,2.162276,1,0.388485,0.388485
46,42,0.200000,2.288964,2.253189,2.058947,2.447432,1,0.388485,0.388485
46,44,0.200000,1.184691,1.112137,0.917895,1.306380,1,0.388485,0.388485
46,52,0.200000,1.466126,1.667108,1.472866,1.861350,0,0.388485,0.455881
46,59,0.200000,2.494057,2.441575,2.247333,2.635817,1,0.388485,0.388485
46,0,0.150000,2.061113,2.078250,1.787569,2.368931,1,0.581361,0.581361
46,4,0.150000,2.455439,2.506575,2.215895,2.797256,1,0.581361,0.581361
46,12,0.150000,2.903090,2.559021,2.268341,2.849702,0,0.581361,1.293200
46,13,0.150000,1.090611,0.825156,0.534475,1.115836,1,0.581361,0.581361
46,14,0.150000,1.844601,1.863594,1.572913,2.154274,1,0.581361,0.581361
46,26,0.150000,2.195346,1.949833,1.659153,2.240514,1,0.581361,0.581361
46,37,0.150000,2.177536,2.178672,1.887991,2.469353,1,0.581361,0.581361
46,39,0.150000,1.950170,1.968033,1.677353,2.258714,1,0.581361,0.581361
46,42,0.150000,2.288964,2.253189,1.962509,2.543870,1,0.581361,0.581361
46,44,0.150000,1.184691,1.112137,0.821457,1.402818,1,0.581361,0.581361
46,52,0.150000,1.466126,1.667108,1.376427,1.957789,1,0.581361,0.581361
46,59,0.150000,2.494057,2.441575,2.150894,2.732256,1,0.581361,0.581361
46,0,0.100000,2.061113,2.078250,1.727251,2.429249,1,0.701998,0.701998
46,4,0.100000,2.455439,2.506575,2.155576,2.857574,1,0.701998,0.701998
46,12,0.100000,2.903090,2.559021,2.208023,2.910020,1,0.701998,0.701998
46,13,0.100000,1.090611,0.825156,0.474157,1.176155,1,0.701998,0.701998
46,14,0.100000,1.844601,1.863594,1.512595,2.214593,1,0.701998,0.701998
46,26,0.100000,2.195346,1.949833,1.598834,2.300832,1,0.701998,0.701998
46,37,0.100000,2.177536,2.178672,1.827673,2.529671,1,0.701998,0.701998
46,39,0.100000,1.950170,1.968033,1.617035,2.319032,1,0.701998,0.701998
46,42,0.100000,2.288964,2.253189,1.902190,2.604188,1,0.701998,0.701998
46,44,0.100000,1.184691,1.112137,0.761138,1.463136,1,0.701998,0.701998
46,52,0.100000,1.466126,1.667108,1.316109,2.018107,1,0.701998,0.701998
46,59,0.100000,2.494057,2.441575,2.090576,2.792574,1,0.701998,0.701998
46,0,0.050000,2.061113,2.078250,1.576862,2.579637,1,1.002775,1.002775
46,4,0.050000,2.455439,2.506575,2.005188,3.007963,1,1.002775,1.002775
46,12,0.050000,2.903090,2.559021,2.057634,3.060409,1,1.002775,1.002775
46,13,0.050000,1.090611,0.825156,0.323768,1.326543,1,1.002775,1.002775
46,14,0.050000,1.844601,1.863594,1.362206,2.364981,1,1.002775,1.002775
46,26,0.050000,2.195346,1.949833,1.448446,2.451221,1,1.002775,1.002775
46,37,0.050000,2.177536,2.178672,1.677285,2.680060,1,1.002775,1.002775
46,39,0.050000,1.950170,1.968033,1.466646,2.469421,1,1.002775,1.002775
46,42,0.050000,2.288964,2.253189,1.751802,2.754577,1,1.002775,1.002775
46,44,0.050000,1.184691,1.112137,0.610750,1.613525,1,1.002775,1.002775
46,52,0.050000,1.466126,1.667108,1.165720,2.168495,1,1.002775,1.002775
46,59,0.050000,2.494057,2.441575,1.940188,2.942962,1,1.002775,1.002775
46,0,0.010000,2.061113,2.078250,1.354020,2.802480,1,1.448460,1.448460
46,4,0.010000,2.455439,2.506575,1.782345,3.230805,1,1.448460,1.448460
46,12,0.010000,2.903090,2.559021,1.834792,3.283251,1,1.448460,1.448460
46,13,0.010000,1.090611,0.825156,0.100926,1.549386,1,1.448460,1.448460
46,14,0.010000,1.844601,1.863594,1.139364,2.587824,1,1.448460,1.448460
46,26,0.010000,2.195346,1.949833,1.225604,2.674063,1,1.448460,1.448460
46,37,0.010000,2.177536,2.178672,1.454442,2.902902,1,1.448460,1.448460
46,39,0.010000,1.950170,1.968033,1.243804,2.692263,1,1.448460,1.448460
46,42,0.010000,2.288964,2.253189,1.528959,2.977419,1,1.448460,1.448460
46,44,0.010000,1.184691,1.112137,0.387907,1.836367,1,1.448460,1.448460
46,52,0.010000,1.466126,1.667108,0.942878,2.391338,1,1.448460,1.448460
46,59,0.010000,2.494057,2.441575,1.717345,3.165805,1,1.448460,1.448460
47,2,0.500000,0.792392,0.741826,0.648964,0.834688,1,0.185724,0.185724
47,8,0.500000,2.261120,2.389593,2.296731,2.482455,0,0.185724,0.328167
47,15,0.500000,1.258158,1.288485,1.195623,1.381347,1,0.185724,0.185724
47,17,0.500000,2.221023,2.152682,2.059820,2.245544,1,0.185724,0.185724
47,23,0.500000,0.730782,0.810270,0.717408,0.903132,1,0.185724,0.185724
47,29,0.500000,1.711132,1.807909,1.715046,1.900771,0,0.185724,0.201382
47,31,0.500000,1.869935,2.030616,1.937754,2.123478,0,0.185724,0.456999
47,38,0.500000,1.966189,1.528011,1.435149,1.620873,0,0.185724,1.566987
47,41,0.500000,2.037068,2.267172,2.174310,2.360034,0,0.185724,0.734692
47,46,0.500000,2.133762,2.000650,1.907788,2.093512,0,0.185724,0.346726
47,51,0.500000,1.669038,1.690112,1.597250,1.782974,1,0.185724,0.185724
47,58,0.500000,2.211227,2.751490,2.658628,2.844352,0,0.185724,1.975325
47,2,0.400000,0.792392,0.741826,0.617207,0.866445,1,0.249238,0.249238
47,8,0.400000,2.261120,2.389593,2.264974,2.514212,0,0.249238,0.268507
47,15,0.400000,1.258158,1.288485,1.163866,1.413104,1,0.249238,0.249238
47,17,0.400000,2.221023,2.152682,2.028063,2.277301,1,0.249238,0.249238
47,23,0.400000,0.730782,0.810270,0.685651,0.934889,1,0.249238,0.249238
47,29,0.400000,1.711132,1.807909,1.683289,1.932528,1,0.249238,0.249238
47,31,0.400000,1.869935,2.030616,1.905997,2.155235,0,0.249238,0.429547
47,38,0.400000,1.966189,1.528011,1.403392,1.652630,0,0.249238,1.817031
47,41,0.400000,2.037068,2.267172,2.142553,2.391791,0,0.249238,0.776663
47,46,0.400000,2.133762,2.000650,1.876031,2.125269,0,0.249238,0.291705
47,51,0.400000,1.669038,1.690112,1.565493,1.814731,1,0.249238,0.249238
47,58,0.400000,2.211227,2.751490,2.626870,2.876109,0,0.249238,2.327454
47,2,0.300000,0.792392,0.741826,0.582273,0.901379,1,0.319106,0.319106
47,8,0.300000,2.261120,2.389593,2.230040,2.549146,1,0.319106,0.319106
47,15,0.300000,1.258158,1.288485,1.128932,1.448038,1,0.319106,0.319106
47,17,0.300000,2.221023,2.152682,1.993129,2.312235,1,0.319106,0.319106
47,23,0.300000,0.730782,0.810270,0.650717,0.969823,1,0.319106,0.319106
47,29,0.300000,1.711132,1.807909,1.648355,1.967462,1,0.319106,0.319106
47,31,0.300000,1.869935,2.030616,1.871063,2.190169,0,0.319106,0.326625
47,38,0.300000,1.966189,1.528011,1.368458,1.687564,0,0.319106,2.176604
47,41,0.300000,2.037068,2.267172,2.107619,2.426725,0,0.319106,0.789446
47,46,0.300000,2.133762,2.000650,1.841097,2.160203,1,0.319106,0.319106
47,51,0.300000,1.669038,1.690112,1.530559,1.849665,1,0.319106,0.319106
47,58,0.300000,2.211227,2.751490,2.591937,2.911043,0,0.319106,2.857167
47,2,0.200000,0.792392,0.741826,0.559167,0.924485,1,0.365319,0.365319
47,8,0.200000,2.261120,2.389593,2.206934,2.572252,1,0.365319,0.365319
47,15,0.200000,1.258158,1.288485,1.105826,1.471144,1,0.365319,0.365319
47,17,0.200000,2.221023,2.152682,1.970023,2.335342,1,0.365319,0.365319
47,23,0.200000,0.730782,0.810270,0.627611,0.992929,1,0.365319,0.365319
47,29,0.200000,1.711132,1.807909,1.625249,1.990568,1,0.365319,0.365319
47,31,0.200000,1.869935,2.030616,1.847957,2.213276,1,0.365319,0.365319
47,38,0.200000,1.966189,1.528011,1.345352,1.710670,0,0.365319,2.920503
47,41,0.200000,2.037068,2.267172,2.084513,2.449831,0,0.365319,0.839767
47,46,0.200000,2.133762,2.000650,1.817991,2.183309,1,0.365319,0.365319
47,51,0.200000,1.669038,1.690112,1.507453,1.872771,1,0.365319,0.365319
47,58,0.200000,2.211227,2.751490,2.568830,2.934149,0,0.365319,3.941348
47,2,0.150000,0.792392,0.741826,0.528653,0.954998,1,0.426345,0.426345
47,8,0.150000,2.261120,2.389593,2.176420,2.602765,1,0.426345,0.426345
47,15,0.150000,1.258158,1.288485,1.075313,1.501658,1,0.426345,0.426345
47,17,0.150000,2.221023,2.152682,1.939510,2.365855,1,0.426345,0.426345
47,23,0.150000,0.730782,0.810270,0.597097,1.023442,1,0.426345,0.426345
47,29,0.150000,1.711132,1.807909,1.594736,2.021081,1,0.426345,0.426345
47,31,0.150000,1.869935,2.030616,1.817444,2.243789,1,0.426345,0.426345
47,38,0.150000,1.966189,1.528011,1.314838,1.741184,0,0.426345,3.426414
47,41,0.150000,2.037068,2.267172,2.053999,2.480344,0,0.426345,0.652099
47,46,0.150000,2.133762,2.000650,1.787477,2.213822,1,0.426345,0.426345
47,51,0.150000,1.669038,1.690112,1.476939,1.903284,1,0.426345,0.426345
47,58,0.150000,2.211227,2.751490,2.538317,2.964662,0,0.426345,4.787541
47,2,0.100000,0.792392,0.741826,0.468486,1.015165,1,0.546679,0.546679
47,8,0.100000,2.261120,2.389593,2.116253,2.662932,1,0.546679,0.546679
47,15,0.100000,1.258158,1.288485,1.015146,1.561825,1,0.546679,0.546679
47,17,0.100000,2.221023,2.152682,1.879343,2.426022,1,0.546679,0.546679
47,23,0.100000,0.730782,0.810270,0.536930,1.083609,1,0.546679,0.546679
47,29,0.100000,1.711132,1.807909,1.534569,2.081248,1,0.546679,0.546679
47,31,0.100000,1.869935,2.030616,1.757277,2.303956,1,0.546679,0.546679
47,38,0.100000,1.966189,1.528011,1.254671,1.801351,0,0.546679,3.843442
47,41,0.100000,2.037068,2.267172,1.993832,2.540511,1,0.546679,0.546679
47,46,0.100000,2.133762,2.000650,1.727310,2.273990,1,0.546679,0.546679
47,51,0.100000,1.669038,1.690112,1.416772,1.963451,1,0.546679,0.546679
47,58,0.100000,2.211227,2.751490,2.478150,3.024829,0,0.546679,5.885133
47,2,0.050000,0.792392,0.741826,0.356971,1.126681,1,0.769710,0.769710
47,8,0.050000,2.261120,2.389593,2.004738,2.774448,1,0.769710,0.769710
47,15,0.050000,1.258158,1.288485,0.903630,1.673340,1,0.769710,0.769710
47,17,0.050000,2.221023,2.152682,1.767827,2.537537,1,0.769710,0.769710
47,23,0.050000,0.730782,0.810270,0.425415,1.195125,1,0.769710,0.769710
47,29,0.050000,1.711132,1.807909,1.423053,2.192764,1,0.769710,0.769710
47,31,0.050000,1.869935,2.030616,1.645761,2.415471,1,0.769710,0.769710
47,38,0.050000,1.966189,1.528011,1.143156,1.912866,0,0.769710,2.902615
47,41,0.050000,2.037068,2.267172,1.882317,2.652027,1,0.769710,0.769710
47,46,0.050000,2.133762,2.000650,1.615795,2.385505,1,0.769710,0.769710
47,51,0.050000,1.669038,1.690112,1.305257,2.074967,1,0.769710,0.769710
47,58,0.050000,2.211227,2.751490,2.366635,3.136345,0,0.769710,6.985998
47,2,0.010000,0.792392,0.741826,0.219663,1.263988,1,1.044325,1.044325
47,8,0.010000,2.261120,2.389593,1.867430,2.911755,1,1.044325,1.044325
47,15,0.010000,1.258158,1.288485,0.766323,1.810648,1,1.044325,1.044325
47,17,0.010000,2.221023,2.152682,1.630520,2.674845,1,1.044325,1.044325
47,23,0.010000,0.730782,0.810270,0.288107,1.332432,1,1.044325,1.044325
47,29,0.010000,1.711132,1.807909,1.285746,2.330071,1,1.044325,1.044325
47,31,0.010000,1.869935,2.030616,1.508454,2.552779,1,1.044325,1.044325
47,38,0.010000,1.966189,1.528011,1.005848,2.050174,1,1.044325,1.044325
47,41,0.010000,2.037068,2.267172,1.745009,2.789334,1,1.044325,1.044325
47,46,0.010000,2.133762,2.000650,1.478487,2.522812,1,1.044325,1.044325
47,51,0.010000,1.669038,1.690112,1.167949,2.212274,1,1.044325,1.044325
47,58,0.010000,2.211227,2.751490,2.229327,3.273652,0,1.044325,4.664266
48,3,0.500000,0.447158,0.538007,0.424584,0.651429,1,0.226845,0.226845
48,6,0.500000,1.769451,1.632960,1.519537,1.746382,0,0.226845,0.319120
48,9,0.500000,0.450249,0.546230,0.432808,0.659653,1,0.226845,0.226845
48,10,0.500000,1.814447,1.992732,1.879310,2.106154,0,0.226845,0.486294
48,20,0.500000,0.802774,0.954442,0.841019,1.067864,0,0.226845,0.379827
48,24,0.500000,0.673021,0.779127,0.665704,0.892549,1,0.226845,0.226845
48,33,0.500000,2.339888,2.424486,2.311064,2.537909,1,0.226845,0.226845
48,35,0.500000,2.703584,2.736891,2.623468,2.850313,1,0.226845,0.226845
48,40,0.500000,0.558709,0.754174,0.640752,0.867597,0,0.226845,0.555018
48,47,0.500000,0.952792,0.835272,0.721850,0.948695,0,0.226845,0.243236
48,48,0.500000,2.398044,2.293513,2.180091,2.406936,1,0.226845,0.226845
48,55,0.500000,0.899821,0.718877,0.605454,0.832299,0,0.226845,0.496930
48,3,0.400000,0.447158,0.538007,0.390391,0.685623,1,0.295232,0.295232
48,6,0.400000,1.769451,1.632960,1.485344,1.780576,1,0.295232,0.295232
48,9,0.400000,0.450249,0.546230,0.398614,0.693846,1,0.295232,0.295232
48,10,0.400000,1.814447,1.992732,1.845116,2.140348,0,0.295232,0.448575
48,20,0.400000,0.802774,0.954442,0.806826,1.102058,0,0.295232,0.315492
48,24,0.400000,0.673021,0.779127,0.631511,0.926743,1,0.295232,0.295232
48,33,0.400000,2.339888,2.424486,2.276870,2.572102,1,0.295232,0.295232
48,35,0.400000,2.703584,2.736891,2.589275,2.884507,1,0.295232,0.295232
48,40,0.400000,0.558709,0.754174,0.606558,0.901790,0,0.295232,0.534480
48,47,0.400000,0.952792,0.835272,0.687656,0.982888,1,0.295232,0.295232
48,48,0.400000,2.398044,2.293513,2.145897,2.441129,1,0.295232,0.295232
48,55,0.400000,0.899821,0.718877,0.571261,0.866493,0,0.295232,0.461870
48,3,0.300000,0.447158,0.538007,0.344740,0.731274,1,0.386534,0.386534
48,6,0.300000,1.769451,1.632960,1.439693,1.826227,1,0.386534,0.386534
48,9,0.300000,0.450249,0.546230,0.352964,0.739497,1,0.386534,0.386534
48,10,0.300000,1.814447,1.992732,1.799465,2.185999,1,0.386534,0.386534
48,20,0.300000,0.802774,0.954442,0.761175,1.147709,1,0.386534,0.386534
48,24,0.300000,0.673021,0.779127,0.585860,0.972393,1,0.386534,0.386534
48,33,0.300000,2.339888,2.424486,2.231219,2.617753,1,0.386534,0.386534
48,35,0.300000,2.703584,2.736891,2.543624,2.930158,1,0.386534,0.386534
48,40,0.300000,0.558709,0.754174,0.560907,0.947441,0,0.386534,0.401193
48,47,0.300000,0.952792,0.835272,0.642005,1.028539,1,0.386534,0.386534
48,48,0.300000,2.398044,2.293513,2.100247,2.486780,1,0.386534,0.386534
48,55,0.300000,0.899821,0.718877,0.525610,0.912144,1,0.386534,0.386534
48,3,0.200000,0.447158,0.538007,0.279535,0.796479,1,0.516944,0.516944
48,6,0.200000,1.769451,1.632960,1.374488,1.891432,1,0.516944,0.516944
48,9,0.200000,0.450249,0.546230,0.287758,0.804702,1,0.516944,0.516944
48,10,0.200000,1.814447,1.992732,1.734260,2.251204,1,0.516944,0.516944
48,20,0.200000,0.802774,0.954442,0.695970,1.212914,1,0.516944,0.516944
48,24,0.200000,0.673021,0.779127,0.520655,1.037599,1,0.516944,0.516944
48,33,0.200000,2.339888,2.424486,2.166014,2.682958,1,0.516944,0.516944
48,35,0.200000,2.703584,2.736891,2.478419,2.995363,1,0.516944,0.516944
48,40,0.200000,0.558709,0.754174,0.495702,1.012646,1,0.516944,0.516944
48,47,0.200000,0.952792,0.835272,0.576800,1.093744,1,0.516944,0.516944
48,48,0.200000,2.398044,2.293513,2.035041,2.551985,1,0.516944,0.516944
48,55,0.200000,0.899821,0.718877,0.460405,0.977349,1,0.516944,0.516944
48,3,0.150000,0.447158,0.538007,0.151071,0.924943,1,0.773872,0.773872
48,6,0.150000,1.769451,1.632960,1.246024,2.019896,1,0.773872,0.773872
48,9,0.150000,0.450249,0.546230,0.159294,0.933166,1,0.773872,0.773872
48,10,0.150000,1.814447,1.992732,1.605796,2.379668,1,0.773872,0.773872
48,20,0.150000,0.802774,0.954442,0.567506,1.341378,1,0.773872,0.773872
48,24,0.150000,0.673021,0.779127,0.392191,1.166063,1,0.773872,0.773872
48,33,0.150000,2.339888,2.424486,2.037550,2.811422,1,0.773872,0.773872
48,35,0.150000,2.703584,2.736891,2.349955,3.123827,1,0.773872,0.773872
48,40,0.150000,0.558709,0.754174,0.367238,1.141110,1,0.773872,0.773872
48,47,0.150000,0.952792,0.835272,0.448336,1.222208,1,0.773872,0.773872
48,48,0.150000,2.398044,2.293513,1.906577,2.680449,1,0.773872,0.773872
48,55,0.150000,0.899821,0.718877,0.331941,1.105813,1,0.773872,0.773872
48,3,0.100000,0.447158,0.538007,0.102879,0.973134,1,0.870255,0.870255
48,6,0.100000,1.769451,1.632960,1.197832,2.068087,1,0.870255,0.870255
48,9,0.100000,0.450249,0.546230,0.111103,0.981358,1,0.870255,0.870255
48,10,0.100000,1.814447,1.992732,1.557605,2.427859,1,0.870255,0.870255
48,20,0.100000,0.802774,0.954442,0.519314,1.389569,1,0.870255,0.870255
48,24,0.100000,0.673021,0.779127,0.343999,1.214254,1,0.870255,0.870255
48,33,0.100000,2.339888,2.424486,1.989359,2.859614,1,0.870255,0.870255
48,35,0.100000,2.703584,2.736891,2.301763,3.172018,1,0.870255,0.870255
48,40,0.100000,0.558709,0.754174,0.319047,1.189302,1,0.870255,0.870255
48,47,0.100000,0.952792,0.835272,0.400145,1.270400,1,0.870255,0.870255
48,48,0.100000,2.398044,2.293513,1.858386,2.728641,1,0.870255,0.870255
48,55,0.100000,0.899821,0.718877,0.283750,1.154004,1,0.870255,0.870255
48,3,0.050000,0.447158,0.538007,0.028239,1.047775,1,1.019537,1.019537
48,6,0.050000,1.769451,1.632960,1.123192,2.142728,1,1.019537,1.019537
48,9,0.050000,0.450249,0.546230,0.036462,1.055999,1,1.019537,1.019537
48,10,0.050000,1.814447,1.992732,1.482964,2.502500,1,1.019537,1.019537
48,20,0.050000,0.802774,0.954442,0.444673,1.464210,1,1.019537,1.019537
48,24,0.050000,0.673021,0.779127,0.269358,1.288895,1,1.019537,1.019537
48,33,0.050000,2.339888,2.424486,1.914718,2.934255,1,1.019537,1.019537
48,35,0.050000,2.703584,2.736891,2.227122,3.246659,1,1.019537,1.019537
48,40,0.050000,0.558709,0.754174,0.244406,1.263943,1,1.019537,1.019537
48,47,0.050000,0.952792,0.835272,0.325504,1.345041,1,1.019537,1.019537
48,48,0.050000,2.398044,2.293513,1.783745,2.803282,1,1.019537,1.019537
48,55,0.050000,0.899821,0.718877,0.209109,1.228645,1,1.019537,1.019537
48,3,0.010000,0.447158,0.538007,-0.006067,1.082080,1,1.088147,1.088147
48,6,0.010000,1.769451,1.632960,1.088886,2.177033,1,1.088147,1.088147
48,9,0.010000,0.450249,0.546230,0.002157,1.090304,1,1.088147,1.088147
48,10,0.010000,1.814447,1.992732,1.448658,2.536806,1,1.088147,1.088147
48,20,0.010000,0.802774,0.954442,0.410368,1.498515,1,1.088147,1.088147
48,24,0.010000,0.673021,0.779127,0.235053,1.323200,1,1.088147,1.088147
48,33,0.010000,2.339888,2.424486,1.880413,2.968560,1,1.088147,1.088147
48,35,0.010000,2.703584,2.736891,2.192817,3.280964,1,1.088147,1.088147
48,40,0.010000,0.558709,0.754174,0.210101,1.298248,1,1.088147,1.088147
48,47,0.010000,0.952792,0.835272,0.291199,1.379346,1,1.088147,1.088147
48,48,0.010000,2.398044,2.293513,1.749440,2.837587,1,1.088147,1.088147
48,55,0.010000,0.899821,0.718877,0.174803,1.262951,1,1.088147,1.088147
49,1,0.500000,1.028571,1.069914,0.974391,1.165437,1,0.191047,0.191047
49,7,0.500000,0.915927,0.888311,0.792788,0.983834,1,0.191047,0.191047
49,11,0.500000,0.895423,0.772600,0.677076,0.868123,0,0.191047,0.300244
49,16,0.500000,1.821841,1.441450,1.345926,1.536973,0,0.191047,1.330518
49,22,0.500000,0.634477,0.696161,0.600638,0.791684,1,0.191047,0.191047
49,25,0.500000,2.817764,2.460574,2.365051,2.556097,0,0.191047,1.237712
49,28,0.500000,2.465532,2.290043,2.194520,2.385567,0,0.191047,0.510906
49,30,0.500000,1.832062,1.880830,1.785306,1.976353,1,0.191047,0.191047
49,34,0.500000,1.905256,1.981141,1.885618,2.076665,1,0.191047,0.191047
49,45,0.500000,0.641474,0.842408,0.746884,0.937931,0,0.191047,0.612688
49,49,0.500000,1.460748,1.377968,1.282445,1.473492,1,0.191047,0.191047
49,50,0.500000,1.212188,1.393982,1.298458,1.489505,0,0.191047,0.536130
49,1,0.400000,1.028571,1.069914,0.939854,1.199974,1,0.260119,0.260119
49,7,0.400000,0.915927,0.888311,0.758251,1.018371,1,0.260119,0.260119
49,11,0.400000,0.895423,0.772600,0.642540,0.902659,1,0.260119,0.260119
49,16,0.400000,1.821841,1.441450,1.311390,1.571509,0,0.260119,1.511777
49,22,0.400000,0.634477,0.696161,0.566101,0.826221,1,0.260119,0.260119
49,25,0.400000,2.817764,2.460574,2.330514,2.590634,0,0.260119,1.395770
49,28,0.400000,2.465532,2.290043,2.159984,2.420103,0,0.260119,0.487262
49,30,0.400000,1.832062,1.880830,1.750770,2.010889,1,0.260119,0.260119
49,34,0.400000,1.905256,1.981141,1.851082,2.111201,1,0.260119,0.260119
49,45,0.400000,0.641474,0.842408,0.712348,0.972467,0,0.260119,0.614489
49,49,0.400000,1.460748,1.377968,1.247909,1.508028,1,0.260119,0.260119
49,50,0.400000,1.212188,1.393982,1.263922,1.524041,0,0.260119,0.518791
49,1,0.300000,1.028571,1.069914,0.898419,1.241409,1,0.342989,0.342989
49,7,0.300000,0.915927,0.888311,0.716816,1.059805,1,0.342989,0.342989
49,11,0.300000,0.895423,0.772600,0.601105,0.944094,1,0.342989,0.342989
49,16,0.300000,1.821841,1.441450,1.269955,1.612944,0,0.342989,1.735634
49,22,0.300000,0.634477,0.696161,0.524666,0.867655,1,0.342989,0.342989
49,25,0.300000,2.817764,2.460574,2.289079,2.632068,0,0.342989,1.580957
49,28,0.300000,2.465532,2.290043,2.118549,2.461538,0,0.342989,0.369614
49,30,0.300000,1.832062,1.880830,1.709335,2.052324,1,0.342989,0.342989
49,34,0.300000,1.905256,1.981141,1.809647,2.152636,1,0.342989,0.342989
49,45,0.300000,0.641474,0.842408,0.670913,1.013902,0,0.342989,0.539249
49,49,0.300000,1.460748,1.377968,1.206474,1.549463,1,0.342989,0.342989
49,50,0.300000,1.212188,1.393982,1.222487,1.565476,0,0.342989,0.411653
49,1,0.200000,1.028571,1.069914,0.841790,1.298038,1,0.456247,0.456247
49,7,0.200000,0.915927,0.888311,0.660187,1.116435,1,0.456247,0.456247
49,11,0.200000,0.895423,0.772600,0.544476,1.000723,1,0.456247,0.456247
49,16,0.200000,1.821841,1.441450,1.213326,1.669573,0,0.456247,1.978924
49,22,0.200000,0.634477,0.696161,0.468037,0.924285,1,0.456247,0.456247
49,25,0.200000,2.817764,2.460574,2.232450,2.688698,0,0.456247,1.746908
49,28,0.200000,2.465532,2.290043,2.061920,2.518167,1,0.456247,0.456247
49,30,0.200000,1.832062,1.880830,1.652706,2.108953,1,0.456247,0.456247
49,34,0.200000,1.905256,1.981141,1.753018,2.209265,1,0.456247,0.456247
49,45,0.200000,0.641474,0.842408,0.614284,1.070531,1,0.456247,0.456247
49,49,0.200000,1.460748,1.377968,1.149845,1.606092,1,0.456247,0.456247
49,50,0.200000,1.212188,1.393982,1.165858,1.622105,1,0.456247,0.456247
49,1,0.150000,1.028571,1.069914,0.787277,1.352551,1,0.565274,0.565274
49,7,0.150000,0.915927,0.888311,0.605674,1.170948,1,0.565274,0.565274
49,11,0.150000,0.895423,0.772600,0.489963,1.055237,1,0.565274,0.565274
49,16,0.150000,1.821841,1.441450,1.158813,1.724086,0,0.565274,1.868667
49,22,0.150000,0.634477,0.696161,0.413524,0.978798,1,0.565274,0.565274
49,25,0.150000,2.817764,2.460574,2.177937,2.743211,0,0.565274,1.559313
49,28,0.150000,2.465532,2.290043,2.007407,2.572680,1,0.565274,0.565274
49,30,0.150000,1.832062,1.880830,1.598193,2.163466,1,0.565274,0.565274
49,34,0.150000,1.905256,1.981141,1.698504,2.263778,1,0.565274,0.565274
49,45,0.150000,0.641474,0.842408,0.559771,1.125044,1,0.565274,0.565274
49,49,0.150000,1.460748,1.377968,1.095332,1.660605,1,0.565274,0.565274
49,50,0.150000,1.212188,1.393982,1.111345,1.676618,1,0.565274,0.565274
49,1,0.100000,1.028571,1.069914,0.644875,1.494953,1,0.850078,0.850078
49,7,0.100000,0.915927,0.888311,0.463272,1.313350,1,0.850078,0.850078
49,11,0.100000,0.895423,0.772600,0.347561,1.197639,1,0.850078,0.850078
49,16,0.100000,1.821841,1.441450,1.016411,1.866489,1,0.850078,0.850078
49,22,0.100000,0.634477,0.696161,0.271122,1.121200,1,0.850078,0.850078
49,25,0.100000,2.817764,2.460574,2.035535,2.885613,1,0.850078,0.850078
49,28,0.100000,2.465532,2.290043,1.865004,2.715082,1,0.850078,0.850078
49,30,0.100000,1.832062,1.880830,1.455790,2.305869,1,0.850078,0.850078
49,34,0.100000,1.905256,1.981141,1.556102,2.406180,1,0.850078,0.850078
49,45,0.100000,0.641474,0.842408,0.417369,1.267447,1,0.850078,0.850078
49,49,0.100000,1.460748,1.377968,0.952929,1.803007,1,0.850078,0.850078
49,50,0.100000,1.212188,1.393982,0.968943,1.819021,1,0.850078,0.850078
49,1,0.050000,1.028571,1.069914,0.578593,1.561235,1,0.982643,0.982643
49,7,0.050000,0.915927,0.888311,0.396989,1.379632,1,0.982643,0.982643
49,11,0.050000,0.895423,0.772600,0.281278,1.263921,1,0.982643,0.982643
49,16,0.050000,1.821841,1.441450,0.950128,1.932771,1,0.982643,0.982643
49,22,0.050000,0.634477,0.696161,0.204839,1.187482,1,0.982643,0.982643
49,25,0.050000,2.817764,2.460574,1.969252,2.951895,1,0.982643,0.982643
49,28,0.050000,2.465532,2.290043,1.798722,2.781365,1,0.982643,0.982643
49,30,0.050000,1.832062,1.880830,1.389508,2.372151,1,0.982643,0.982643
49,34,0.050000,1.905256,1.981141,1.489820,2.472463,1,0.982643,0.982643
49,45,0.050000,0.641474,0.842408,0.351086,1.333729,1,0.982643,0.982643
49,49,0.050000,1.460748,1.377968,0.886647,1.869290,1,0.982643,0.982643
49,50,0.050000,1.212188,1.393982,0.902660,1.885303,1,0.982643,0.982643
49,1,0.010000,1.028571,1.069914,0.529510,1.610318,1,1.080808,1.080808
49,7,0.010000,0.915927,0.888311,0.347907,1.428715,1,1.080808,1.080808
49,11,0.010000,0.895423,0.772600,0.232196,1.313004,1,1.080808,1.080808
49,16,0.010000,1.821841,1.441450,0.901046,1.981853,1,1.080808,1.080808
49,22,0.010000,0.634477,0.696161,0.155757,1.236565,1,1.080808,1.080808
49,25,0.010000,2.817764,2.460574,1.920170,3.000978,1,1.080808,1.080808
49,28,0.010000,2.465532,2.290043,1.749639,2.830447,1,1.080808,1.080808
49,30,0.010000,1.832062,1.880830,1.340426,2.421233,1,1.080808,1.080808
49,34,0.010000,1.905256,1.981141,1.440737,2.521545,1,1.080808,1.080808
49,45,0.010000,0.641474,0.842408,0.302004,1.382812,1,1.080808,1.080808
49,49,0.010000,1.460748,1.377968,0.837564,1.918372,1,1.080808,1.080808
49,50,0.010000,1.212188,1.393982,0.853578,1.934386,1,1.080808,1.080808
